Date,Open,High,Low,Close,Volume,VIX_Close,DXY_Close,US02Y_Yield,US10Y_Yield,Yield_Curve_10Y_2Y,Volume_ratio_vs_5days,Announcement,hawkish_dovish_ratio,net_sentiment_score,negative_proportion,neutral_proportion,positive_proportion,sentiment_label
02/01/2018,2695.810059,2695.889893,2682.360107,2683.72998,3397430000,9.770000457763672,91.8499984741211,1.92,2.4649999141693115,0.5449999141693116,1.1295090993538508,0,0.0,0.0,0.0,0.0,0.0,
03/01/2018,2713.060059,2714.370117,2697.77002,2697.850098,3544030000,9.149999618530273,92.16000366210938,1.94,2.447000026702881,0.5070000267028809,0.8407045064434392,0,0.0,0.0,0.0,0.0,0.0,
04/01/2018,2723.98999,2729.290039,2719.070068,2719.310059,3697340000,9.220000267028809,91.8499984741211,1.96,2.453000068664551,0.4930000686645508,1.0225664436482331,0,0.0,0.0,0.0,0.0,0.0,
05/01/2018,2743.149902,2743.449951,2727.919922,2731.330078,3239280000,9.220000267028809,91.94999694824219,1.96,2.4760000705718994,0.5160000705718994,0.8527635366899667,0,0.0,0.0,0.0,0.0,0.0,
08/01/2018,2747.709961,2748.51001,2737.600098,2742.669922,3246160000,9.520000457763672,92.33000183105469,1.96,2.4800000190734863,0.5200000190734864,0.9478260057088664,0,0.0,0.0,0.0,0.0,0.0,
09/01/2018,2751.290039,2759.139893,2747.860107,2751.149902,3467460000,10.079999923706055,92.52999877929688,1.98,2.5460000038146973,0.5660000038146973,1.008318468885274,0,0.0,0.0,0.0,0.0,0.0,
10/01/2018,2748.22998,2750.800049,2736.060059,2745.550049,3579900000,9.819999694824219,92.33000183105469,1.98,2.549999952316284,0.5699999523162842,1.0388482043674632,0,0.0,0.0,0.0,0.0,0.0,
11/01/2018,2767.560059,2767.560059,2752.780029,2752.969971,3645690000,9.880000114440918,91.8499984741211,1.98,2.5309998989105225,0.5509998989105225,1.0611206223597067,0,0.0,0.0,0.0,0.0,0.0,
12/01/2018,2786.23999,2787.850098,2769.639893,2770.179932,3587220000,10.15999984741211,90.97000122070312,1.99,2.552000045776367,0.5620000457763672,1.0233744122448212,0,0.0,0.0,0.0,0.0,0.0,
16/01/2018,2776.419922,2807.540039,2768.639893,2798.959961,4362880000,11.65999984741211,90.38999938964844,2.03,2.5439999103546143,0.5139999103546145,1.1701026918734228,0,0.0,0.0,0.0,0.0,0.0,
17/01/2018,2802.560059,2807.040039,2778.379883,2784.98999,3790340000,11.90999984741211,90.54000091552734,2.05,2.578000068664551,0.528000068664551,0.9992444386094508,0,0.0,0.0,0.0,0.0,0.0,
18/01/2018,2798.030029,2805.830078,2792.560059,2802.399902,3703300000,12.220000267028809,90.5,2.05,2.6110000610351562,0.5610000610351564,0.9699870556637888,0,0.0,0.0,0.0,0.0,0.0,
19/01/2018,2810.300049,2810.330078,2798.080078,2802.600098,3724230000,11.270000457763672,90.56999969482422,2.06,2.63700008392334,0.5770000839233398,0.9714722007599136,0,0.0,0.0,0.0,0.0,0.0,
22/01/2018,2832.969971,2833.030029,2808.120117,2809.159912,3489480000,11.029999732971191,90.4000015258789,2.08,2.6649999618530273,0.5849999618530273,0.9149024421834452,0,0.0,0.0,0.0,0.0,0.0,
23/01/2018,2839.129883,2842.23999,2830.590088,2835.050049,3541140000,11.100000381469727,90.12000274658203,2.06,2.624000072479248,0.564000072479248,0.970255621150024,0,0.0,0.0,0.0,0.0,0.0,
24/01/2018,2837.540039,2852.969971,2824.810059,2845.419922,4079270000,11.470000267028809,89.20999908447266,2.08,2.6540000438690186,0.5740000438690185,1.100279866346018,0,0.0,0.0,0.0,0.0,0.0,
25/01/2018,2839.25,2848.560059,2830.939941,2846.23999,3873100000,11.579999923706055,89.38999938964844,2.08,2.621000051498413,0.541000051498413,1.0351885528688924,0,0.0,0.0,0.0,0.0,0.0,
26/01/2018,2872.870117,2872.870117,2846.179932,2847.47998,3474680000,11.079999923706055,89.06999969482422,2.13,2.6619999408721924,0.5319999408721925,0.941256399101295,0,0.0,0.0,0.0,0.0,0.0,
29/01/2018,2853.530029,2870.620117,2851.47998,2867.22998,3587420000,13.84000015258789,89.30999755859375,2.11,2.6989998817443848,0.5889998817443849,0.9666672235512602,0,0.0,0.0,0.0,0.0,0.0,
30/01/2018,2822.429932,2837.75,2818.27002,2832.73999,4012070000,14.789999961853027,89.19000244140625,2.13,2.7260000705718994,0.5960000705718995,1.05433515499928,0,0.0,0.0,0.0,0.0,0.0,
31/01/2018,2823.810059,2839.26001,2813.040039,2832.409912,4276270000,13.539999961853027,89.12999725341797,2.14,2.7200000286102295,0.5800000286102294,1.1122483163870962,0,0.0,0.0,0.0,0.0,0.0,
01/02/2018,2821.97998,2835.959961,2812.699951,2816.449951,3977380000,13.470000267028809,88.66999816894531,2.16,2.7730000019073486,0.6130000019073485,1.0289261799830502,0,0.0,0.0,0.0,0.0,0.0,
02/02/2018,2762.129883,2808.919922,2759.969971,2808.919922,4340220000,17.309999465942383,89.19999694824219,2.15,2.8540000915527344,0.7040000915527345,1.0746651374511225,0,0.0,0.0,0.0,0.0,0.0,
05/02/2018,2648.939941,2763.389893,2638.169922,2741.060059,5310840000,37.31999969482422,89.55000305175781,2.08,2.7939999103546143,0.7139999103546142,1.2115922138197308,0,0.0,0.0,0.0,0.0,0.0,
06/02/2018,2695.139893,2701.040039,2593.070068,2614.780029,5917350000,29.979999542236328,89.58999633789062,2.1,2.7679998874664307,0.6679998874664306,1.2419895676528394,0,0.0,0.0,0.0,0.0,0.0,
07/02/2018,2681.659912,2727.669922,2681.330078,2690.949951,4646300000,27.729999542236328,90.26000213623047,2.15,2.8440001010894775,0.6940001010894776,0.9602932198086234,0,0.0,0.0,0.0,0.0,0.0,
08/02/2018,2581.0,2685.27002,2580.560059,2685.01001,5333840000,33.459999084472656,90.2300033569336,2.13,2.8510000705718994,0.7210000705718995,1.0438635460720862,0,0.0,0.0,0.0,0.0,0.0,
09/02/2018,2619.550049,2638.669922,2532.689941,2601.780029,5690110000,29.059999465942383,90.44000244140625,2.05,2.8289999961853027,0.7789999961853029,1.0577026028275245,0,0.0,0.0,0.0,0.0,0.0,
12/02/2018,2656.0,2672.610107,2622.449951,2636.75,4069220000,25.610000610351562,90.20999908447266,2.09,2.8570001125335693,0.7670001125335695,0.7930094220562018,0,0.0,0.0,0.0,0.0,0.0,
13/02/2018,2662.939941,2668.840088,2637.080078,2646.27002,3503540000,24.969999313354492,89.69999694824219,2.1,2.8399999141693115,0.7399999141693114,0.7536760514236323,0,0.0,0.0,0.0,0.0,0.0,
14/02/2018,2698.629883,2702.100098,2648.870117,2651.209961,4011940000,19.260000228881836,89.12000274658203,2.17,2.9130001068115234,0.7430001068115235,0.8872577531166169,0,0.0,0.0,0.0,0.0,0.0,
15/02/2018,2731.199951,2731.51001,2689.820068,2713.459961,3696140000,19.1299991607666,88.58999633789062,2.19,2.8910000324249268,0.7010000324249268,0.8812523991521605,0,0.0,0.0,0.0,0.0,0.0,
16/02/2018,2732.219971,2754.419922,2725.110107,2727.139893,3646920000,19.459999084472656,89.0999984741211,2.21,2.877000093460083,0.667000093460083,0.9633786565341064,0,0.0,0.0,0.0,0.0,0.0,
20/02/2018,2716.26001,2737.600098,2706.76001,2722.98999,3646920000,20.600000381469727,89.72000122070312,2.25,2.8929998874664307,0.6429998874664307,0.985363238741431,0,0.0,0.0,0.0,0.0,0.0,
21/02/2018,2701.330078,2747.75,2701.290039,2720.530029,3789040000,20.020000457763672,90.08000183105469,2.26,2.943000078201294,0.6830000782012942,1.0082082022419292,0,0.0,0.0,0.0,0.0,0.0,
22/02/2018,2703.959961,2731.26001,2697.77002,2710.419922,3720620000,18.719999313354492,89.75,2.25,2.9170000553131104,0.6670000553131104,1.0055925412602624,0,0.0,0.0,0.0,0.0,0.0,
23/02/2018,2747.300049,2747.76001,2713.73999,2715.800049,3200360000,16.489999771118164,89.87999725341797,2.25,2.871000051498413,0.6210000514984131,0.8887982910331451,0,0.0,0.0,0.0,0.0,0.0,
26/02/2018,2779.600098,2780.639893,2753.780029,2757.370117,3436590000,15.800000190734863,89.81999969482422,2.22,2.8589999675750732,0.638999967575073,0.965685279986602,0,0.0,0.0,0.0,0.0,0.0,
27/02/2018,2744.280029,2789.149902,2744.219971,2780.449951,3752070000,18.59000015258789,90.36000061035156,2.27,2.9079999923706055,0.6379999923706055,1.0481415389291278,0,0.0,0.0,0.0,0.0,0.0,
28/02/2018,2713.830078,2761.52002,2713.540039,2753.780029,4244570000,19.850000381469727,90.61000061035156,2.25,2.868000030517578,0.6180000305175781,1.1562932972871074,0,0.0,0.0,0.0,0.0,0.0,
01/03/2018,2677.669922,2730.889893,2659.649902,2715.219971,4514490000,22.469999313354492,90.31999969482422,2.22,2.803999900817871,0.5839999008178709,1.1788362070766365,0,0.0,0.0,0.0,0.0,0.0,
02/03/2018,2691.25,2696.25,2647.320068,2658.889893,3891250000,19.59000015258789,89.94000244140625,2.25,2.8570001125335693,0.6070001125335693,0.9807086759040414,0,0.0,0.0,0.0,0.0,0.0,
05/03/2018,2720.939941,2728.090088,2675.75,2681.060059,3733640000,18.729999542236328,90.08000183105469,2.24,2.88100004196167,0.6410000419616697,0.9271047605236784,0,0.0,0.0,0.0,0.0,0.0,
06/03/2018,2728.120117,2732.080078,2711.26001,2730.179932,3389030000,18.360000610351562,89.62000274658203,2.25,2.877000093460083,0.627000093460083,0.8569851383048989,0,0.0,0.0,0.0,0.0,0.0,
07/03/2018,2726.800049,2730.600098,2701.73999,2710.179932,3406690000,17.760000228881836,89.63999938964844,2.25,2.882999897003174,0.6329998970031738,0.8995701105354607,0,0.0,0.0,0.0,0.0,0.0,
08/03/2018,2738.969971,2740.449951,2722.649902,2732.75,3206040000,16.540000915527344,90.12000274658203,2.25,2.865999937057495,0.6159999370574951,0.90942975551225,0,0.0,0.0,0.0,0.0,0.0,
09/03/2018,2786.570068,2786.570068,2751.540039,2752.909912,3376870000,14.640000343322754,90.08999633789062,2.27,2.8940000534057617,0.6240000534057617,0.9866809020661782,0,0.0,0.0,0.0,0.0,0.0,
12/03/2018,2783.02002,2796.97998,2779.26001,2790.540039,3216960000,15.779999732971191,89.9000015258789,2.27,2.869999885559082,0.599999885559082,0.9692213413322456,0,0.0,0.0,0.0,0.0,0.0,
13/03/2018,2765.310059,2801.899902,2758.679932,2792.310059,3324290000,16.350000381469727,89.66000366210938,2.26,2.8480000495910645,0.5880000495910647,1.0054806619139367,0,0.0,0.0,0.0,0.0,0.0,
14/03/2018,2749.47998,2777.110107,2744.379883,2774.060059,3394630000,17.229999542236328,89.69999694824219,2.26,2.816999912261963,0.5569999122619631,1.0275056466000234,0,0.0,0.0,0.0,0.0,0.0,
15/03/2018,2747.330078,2763.030029,2741.469971,2754.27002,3543710000,16.59000015258789,90.13999938964844,2.29,2.8259999752044678,0.5359999752044677,1.0511430039284642,0,0.0,0.0,0.0,0.0,0.0,
16/03/2018,2752.01001,2761.850098,2749.969971,2750.570068,5429140000,15.800000190734863,90.2300033569336,2.31,2.8480000495910645,0.5380000495910644,1.435617304811058,0,0.0,0.0,0.0,0.0,0.0,
19/03/2018,2712.919922,2741.379883,2694.590088,2741.379883,3327460000,19.020000457763672,89.9000015258789,2.31,2.8450000286102295,0.5350000286102294,0.8747620171794547,0,0.0,0.0,0.0,0.0,0.0,
20/03/2018,2716.939941,2724.219971,2710.050049,2715.050049,3272590000,18.200000762939453,90.37000274658203,2.34,2.878999948501587,0.5389999485015871,0.8626821731664587,0,0.0,0.0,0.0,0.0,0.0,
21/03/2018,2711.929932,2739.139893,2709.790039,2714.98999,3434780000,17.860000610351562,89.77999877929688,2.31,2.9070000648498535,0.5970000648498535,0.9035242596676712,0,0.0,0.0,0.0,0.0,0.0,
22/03/2018,2643.689941,2695.679932,2641.590088,2691.360107,3765460000,23.34000015258789,89.86000061035156,2.29,2.8320000171661377,0.5420000171661377,0.979087783673255,0,0.0,0.0,0.0,0.0,0.0,
23/03/2018,2588.26001,2657.669922,2585.889893,2646.709961,3829380000,24.8700008392334,89.44000244140625,2.28,2.8299999237060547,0.5499999237060549,1.0860611684733747,0,0.0,0.0,0.0,0.0,0.0,
26/03/2018,2658.550049,2661.360107,2601.810059,2619.350098,3538080000,21.030000686645508,89.02999877929688,2.33,2.8429999351501465,0.5129999351501464,0.9915982307462492,0,0.0,0.0,0.0,0.0,0.0,
27/03/2018,2612.620117,2674.780029,2596.120117,2667.570068,3761320000,22.5,89.37000274658203,2.26,2.7860000133514404,0.5260000133514406,1.0260559484358684,0,0.0,0.0,0.0,0.0,0.0,
28/03/2018,2605.0,2632.649902,2593.060059,2611.300049,3875720000,22.8700008392334,90.05999755859375,2.28,2.7750000953674316,0.49500009536743184,1.0324262811428473,0,0.0,0.0,0.0,0.0,0.0,
29/03/2018,2640.870117,2659.070068,2609.719971,2614.409912,3572360000,19.969999313354492,90.1500015258789,2.27,2.740999937057495,0.4709999370574951,0.9615080266525128,0,0.0,0.0,0.0,0.0,0.0,
02/04/2018,2581.879883,2638.300049,2553.800049,2633.449951,3635780000,23.6200008392334,90.05000305175781,2.25,2.7320001125335693,0.48200011253356934,0.9888833645392602,0,0.0,0.0,0.0,0.0,0.0,
03/04/2018,2614.449951,2619.139893,2575.48999,2592.169922,3395840000,21.100000381469727,90.19999694824219,2.28,2.7839999198913574,0.5039999198913576,0.9308251402607968,0,0.0,0.0,0.0,0.0,0.0,
04/04/2018,2644.689941,2649.860107,2573.610107,2584.040039,3369230000,20.059999465942383,90.13999938964844,2.28,2.7880001068115234,0.5080001068115236,0.9438184809957796,0,0.0,0.0,0.0,0.0,0.0,
05/04/2018,2662.840088,2672.080078,2649.580078,2657.360107,3230430000,18.940000534057617,90.45999908447266,2.3,2.8320000171661377,0.5320000171661379,0.9388797952061309,0,0.0,0.0,0.0,0.0,0.0,
06/04/2018,2604.469971,2656.879883,2586.27002,2645.820068,3312390000,21.489999771118164,90.11000061035156,2.27,2.7750000953674316,0.5050000953674316,0.9774712326196154,0,0.0,0.0,0.0,0.0,0.0,
09/04/2018,2613.159912,2653.550049,2610.790039,2617.179932,3076140000,21.770000457763672,89.83999633789062,2.29,2.7860000133514404,0.4960000133514404,0.9387617088103476,0,0.0,0.0,0.0,0.0,0.0,
10/04/2018,2656.870117,2665.449951,2635.780029,2638.409912,3579130000,20.469999313354492,89.58999633789062,2.32,2.796999931335449,0.4769999313354494,1.0801777233734846,0,0.0,0.0,0.0,0.0,0.0,
11/04/2018,2642.189941,2661.429932,2639.25,2643.889893,3054520000,20.239999771118164,89.56999969482422,2.32,2.7899999618530273,0.4699999618530275,0.939701377194186,0,0.0,0.0,0.0,0.0,0.0,
12/04/2018,2663.98999,2674.719971,2653.830078,2653.830078,3045330000,18.489999771118164,89.75,2.34,2.8340001106262207,0.49400011062622085,0.9476670622890542,0,0.0,0.0,0.0,0.0,0.0,
13/04/2018,2656.300049,2680.26001,2645.050049,2676.899902,2988540000,17.40999984741211,89.80000305175781,2.37,2.8289999961853027,0.45899999618530263,0.9491249175858728,0,0.0,0.0,0.0,0.0,0.0,
16/04/2018,2677.840088,2686.48999,2665.159912,2670.100098,3020740000,16.559999465942383,89.43000030517578,2.39,2.8320000171661377,0.44200001716613757,0.9627390163090108,0,0.0,0.0,0.0,0.0,0.0,
17/04/2018,2706.389893,2713.340088,2692.050049,2692.73999,3286190000,15.25,89.5199966430664,2.41,2.813999891281128,0.4039998912811278,1.0672691441295148,0,0.0,0.0,0.0,0.0,0.0,
18/04/2018,2708.639893,2717.48999,2703.629883,2710.110107,3412030000,15.600000381469727,89.62000274658203,2.42,2.867000102996826,0.44700010299682624,1.0829895326744463,0,0.0,0.0,0.0,0.0,0.0,
19/04/2018,2693.129883,2702.840088,2681.899902,2701.159912,3375120000,15.960000038146973,89.94000244140625,2.44,2.9140000343322754,0.47400003433227544,1.049306642823122,0,0.0,0.0,0.0,0.0,0.0,
20/04/2018,2670.139893,2693.939941,2660.610107,2692.560059,3428260000,16.8799991607666,90.31999969482422,2.46,2.9509999752044678,0.4909999752044678,1.0374620059870454,0,0.0,0.0,0.0,0.0,0.0,
23/04/2018,2670.290039,2682.860107,2657.98999,2675.399902,3030390000,16.34000015258789,90.94000244140625,2.49,2.9730000495910645,0.48300004959106424,0.9165230562079943,0,0.0,0.0,0.0,0.0,0.0,
24/04/2018,2634.560059,2683.550049,2617.320068,2680.800049,3716020000,18.020000457763672,90.7699966430664,2.48,2.9830000400543213,0.5030000400543213,1.0954072145559852,0,0.0,0.0,0.0,0.0,0.0,
25/04/2018,2639.399902,2645.300049,2612.669922,2634.919922,3563680000,17.84000015258789,91.16999816894531,2.49,3.0239999294281006,0.5339999294281004,1.0411915292456762,0,0.0,0.0,0.0,0.0,0.0,
26/04/2018,2666.939941,2676.47998,2647.159912,2651.649902,3690920000,16.239999771118164,91.55999755859375,2.49,2.990000009536743,0.500000009536743,1.0588280518920183,0,0.0,0.0,0.0,0.0,0.0,
27/04/2018,2669.909912,2677.350098,2659.01001,2675.469971,3234510000,15.40999984741211,91.54000091552734,2.49,2.9570000171661377,0.4670000171661375,0.938326780973246,0,0.0,0.0,0.0,0.0,0.0,
30/04/2018,2648.050049,2682.870117,2648.040039,2682.51001,3749510000,15.930000305175781,91.83999633789062,2.49,2.936000108718872,0.44600010871887186,1.044161843400926,0,0.0,0.0,0.0,0.0,0.0,
01/05/2018,2654.800049,2655.27002,2625.409912,2642.959961,3562820000,15.489999771118164,92.44999694824219,2.5,2.9760000705718994,0.4760000705718994,1.000711178421521,0,0.0,0.0,0.0,0.0,0.0,
02/05/2018,2635.669922,2660.870117,2631.699951,2654.23999,4047020000,15.970000267028809,92.51000213623047,2.49,2.9639999866485596,0.47399998664855936,1.106663574842027,0,0.0,0.0,0.0,0.0,0.0,
03/05/2018,2629.72998,2637.139893,2594.620117,2628.080078,3867530000,15.899999618530273,92.41000366210938,2.49,2.946000099182129,0.4560000991821287,1.0474644650267395,0,0.0,0.0,0.0,0.0,0.0,
04/05/2018,2663.419922,2670.929932,2615.320068,2621.449951,3335260000,14.770000457763672,92.56999969482422,2.51,2.944000005722046,0.4340000057220461,0.8984039555783977,0,0.0,0.0,0.0,0.0,0.0,
07/05/2018,2672.629883,2683.350098,2664.699951,2680.340088,3266810000,14.75,92.75,2.49,2.950000047683716,0.4600000476837156,0.9034599522994076,0,0.0,0.0,0.0,0.0,0.0,
08/05/2018,2671.919922,2676.340088,2655.199951,2670.26001,3745100000,14.710000038146973,93.12000274658203,2.51,2.9690001010894775,0.45900010108947775,1.02539629344881,0,0.0,0.0,0.0,0.0,0.0,
09/05/2018,2697.790039,2701.27002,2674.139893,2678.120117,3913650000,13.420000076293945,93.04000091552734,2.54,3.003999948501587,0.4639999485015869,1.0794280781207335,0,0.0,0.0,0.0,0.0,0.0,
10/05/2018,2723.070068,2726.110107,2704.540039,2705.02002,3380640000,13.229999542236328,92.6500015258789,2.54,2.9709999561309814,0.4309999561309814,0.9581519896879284,0,0.0,0.0,0.0,0.0,0.0,
11/05/2018,2727.719971,2732.860107,2717.449951,2722.699951,2874850000,12.649999618530273,92.54000091552734,2.54,2.9709999561309814,0.4309999561309814,0.8366339659101161,0,0.0,0.0,0.0,0.0,0.0,
14/05/2018,2730.129883,2742.100098,2725.469971,2738.469971,2994360000,12.930000305175781,92.58999633789062,2.55,2.994999885559082,0.4449998855590822,0.8854547390085519,0,0.0,0.0,0.0,0.0,0.0,
15/05/2018,2711.449951,2718.590088,2701.909912,2718.590088,3291190000,14.630000114440918,93.22000122070312,2.58,3.0799999237060547,0.4999999237060546,1.0000765739129696,0,0.0,0.0,0.0,0.0,0.0,
16/05/2018,2722.459961,2727.76001,2712.169922,2712.620117,3248480000,13.420000076293945,93.38999938964844,2.58,3.0950000286102295,0.5150000286102294,1.0286823158652068,0,0.0,0.0,0.0,0.0,0.0,
17/05/2018,2720.129883,2731.959961,2711.360107,2719.709961,3478150000,13.430000305175781,93.47000122070312,2.57,3.1089999675750732,0.5389999675750734,1.0946507937606966,0,0.0,0.0,0.0,0.0,0.0,
18/05/2018,2712.969971,2719.5,2709.179932,2717.350098,3383270000,13.420000076293945,93.63999938964844,2.55,3.066999912261963,0.5169999122619631,1.0317710096398696,0,0.0,0.0,0.0,0.0,0.0,
21/05/2018,2733.01001,2739.189941,2725.699951,2735.389893,3053480000,13.079999923706055,93.68000030517578,2.58,3.065000057220459,0.4850000572204589,0.9278516545859296,0,0.0,0.0,0.0,0.0,0.0,
22/05/2018,2724.439941,2742.23999,2721.879883,2738.340088,3384140000,13.220000267028809,93.61000061035156,2.59,3.065000057220459,0.4750000572204591,1.0225520198797162,0,0.0,0.0,0.0,0.0,0.0,
23/05/2018,2733.290039,2733.330078,2709.540039,2713.97998,3333160000,12.579999923706055,94.01000213623047,2.53,3.003000020980835,0.47300002098083516,1.0020201777275406,0,0.0,0.0,0.0,0.0,0.0,
24/05/2018,2727.76001,2731.969971,2707.379883,2730.939941,3285750000,12.529999732971191,93.77999877929688,2.5,2.9809999465942383,0.4809999465942383,0.9993278507037798,0,0.0,0.0,0.0,0.0,0.0,
25/05/2018,2721.330078,2727.360107,2714.98999,2723.600098,3015260000,13.220000267028809,94.19000244140625,2.48,2.930999994277954,0.4509999942779541,0.9380597929664336,0,0.0,0.0,0.0,0.0,0.0,
29/05/2018,2689.860107,2710.669922,2676.810059,2705.110107,3743310000,17.020000457763672,94.83000183105469,2.32,2.7679998874664307,0.4479998874664308,1.116631327998129,0,0.0,0.0,0.0,0.0,0.0,
30/05/2018,2724.01001,2729.340088,2702.429932,2702.429932,3566490000,14.9399995803833,94.1500015258789,2.42,2.8420000076293945,0.4220000076293946,1.0524363534637986,0,0.0,0.0,0.0,0.0,0.0,
31/05/2018,2705.27002,2722.5,2700.679932,2720.97998,4241100000,15.430000305175781,93.98999786376953,2.4,2.822000026702881,0.42200002670288095,1.187856089348423,0,0.0,0.0,0.0,0.0,0.0,
01/06/2018,2734.620117,2736.929932,2718.699951,2718.699951,3694310000,13.460000038146973,94.19000244140625,2.47,2.8949999809265137,0.4249999809265135,1.0115593957877316,0,0.0,0.0,0.0,0.0,0.0,
04/06/2018,2746.870117,2749.159912,2740.540039,2741.669922,3410090000,12.739999771118164,94.0199966430664,2.52,2.937000036239624,0.417000036239624,0.9139735088687934,0,0.0,0.0,0.0,0.0,0.0,
05/06/2018,2748.800049,2752.610107,2739.51001,2748.459961,3523550000,12.399999618530273,93.88999938964844,2.49,2.9189999103546143,0.42899991035461404,0.955640572502894,0,0.0,0.0,0.0,0.0,0.0,
06/06/2018,2772.350098,2772.389893,2748.459961,2753.25,3662780000,11.640000343322754,93.66000366210938,2.52,2.9749999046325684,0.45499990463256834,0.988240233155603,0,0.0,0.0,0.0,0.0,0.0,
07/06/2018,2770.370117,2779.899902,2760.159912,2774.840088,3742080000,12.130000114440918,93.4000015258789,2.5,2.933000087738037,0.4330000877380371,1.037575397289718,0,0.0,0.0,0.0,0.0,0.0,
08/06/2018,2779.030029,2779.389893,2763.590088,2765.840088,3138850000,12.180000305175781,93.55000305175781,2.5,2.937000036239624,0.437000036239624,0.8979765239009346,0,0.0,0.0,0.0,0.0,0.0,
11/06/2018,2782.0,2790.209961,2780.169922,2780.179932,3262130000,12.350000381469727,93.58000183105469,2.52,2.9570000171661377,0.4370000171661377,0.9412131644564524,0,0.0,0.0,0.0,0.0,0.0,
12/06/2018,2786.850098,2789.800049,2778.780029,2785.600098,3435700000,12.34000015258789,93.80000305175781,2.54,2.9570000171661377,0.41700001716613766,0.9963437140765848,0,0.0,0.0,0.0,0.0,0.0,
13/06/2018,2775.629883,2791.469971,2774.649902,2787.939941,3820770000,12.9399995803833,93.70999908447266,2.59,2.9769999980926514,0.3869999980926515,1.0979520711191624,0,0.0,0.0,0.0,0.0,0.0,
14/06/2018,2782.48999,2789.060059,2776.52002,2783.209961,3540930000,12.119999885559082,94.7699966430664,2.59,2.946000099182129,0.35600009918212905,1.029437074887286,0,0.0,0.0,0.0,0.0,0.0,
15/06/2018,2779.659912,2782.810059,2761.72998,2777.780029,5451990000,11.979999542236328,94.79000091552734,2.55,2.9240000247955322,0.3740000247955324,1.3971207778789143,0,0.0,0.0,0.0,0.0,0.0,
18/06/2018,2773.75,2774.98999,2757.120117,2765.790039,3316120000,12.3100004196167,94.75,2.56,2.9260001182556152,0.3660001182556152,0.8474402149496741,0,0.0,0.0,0.0,0.0,0.0,
19/06/2018,2762.590088,2765.050049,2743.189941,2752.01001,3671160000,13.350000381469727,95.08999633789062,2.54,2.8929998874664307,0.35299988746643063,0.9270151916800036,0,0.0,0.0,0.0,0.0,0.0,
20/06/2018,2767.320068,2774.860107,2763.909912,2769.72998,3332140000,12.789999961853027,95.05999755859375,2.56,2.927999973297119,0.3679999732971191,0.8626971149016639,0,0.0,0.0,0.0,0.0,0.0,
21/06/2018,2749.76001,2769.280029,2744.389893,2769.280029,3336580000,14.640000343322754,94.87000274658203,2.56,2.8970000743865967,0.3370000743865966,0.8730850288282546,0,0.0,0.0,0.0,0.0,0.0,
22/06/2018,2754.879883,2764.169922,2752.679932,2760.790039,5468110000,13.770000457763672,94.5199966430664,2.56,2.9000000953674316,0.3400000953674316,1.429637771378642,0,0.0,0.0,0.0,0.0,0.0,
25/06/2018,2717.070068,2742.939941,2698.669922,2742.939941,3663280000,17.329999923706055,94.27999877929688,2.54,2.875,0.33499999999999996,0.9406885118433468,0,0.0,0.0,0.0,0.0,0.0,
26/06/2018,2723.060059,2732.909912,2715.600098,2722.120117,3568900000,15.920000076293945,94.68000030517578,2.53,2.880000114440918,0.35000011444091816,0.9212912792135478,0,0.0,0.0,0.0,0.0,0.0,
27/06/2018,2699.629883,2746.090088,2699.379883,2728.449951,3803990000,17.90999984741211,95.29000091552734,2.52,2.8269999027252197,0.3069999027252197,0.958625281363812,0,0.0,0.0,0.0,0.0,0.0,
28/06/2018,2716.310059,2724.340088,2691.98999,2698.689941,3461100000,16.850000381469727,95.38999938964844,2.52,2.8469998836517334,0.3269998836517334,0.866775388196969,0,0.0,0.0,0.0,0.0,0.0,
29/06/2018,2718.370117,2743.26001,2718.030029,2727.129883,3586800000,16.09000015258789,94.62999725341797,2.52,2.8489999771118164,0.3289999771118164,0.9917015362139164,0,0.0,0.0,0.0,0.0,0.0,
02/07/2018,2726.709961,2727.26001,2698.949951,2704.949951,3095040000,15.600000381469727,94.87000274658203,2.57,2.865999937057495,0.2959999370574953,0.8834979558490805,0,0.0,0.0,0.0,0.0,0.0,
03/07/2018,2713.219971,2736.580078,2711.159912,2733.27002,1911460000,16.139999389648438,94.58999633789062,2.53,2.8380000591278076,0.3080000591278078,0.6026652138079591,0,0.0,0.0,0.0,0.0,0.0,
05/07/2018,2736.610107,2737.830078,2716.02002,2724.189941,2980160000,14.970000267028809,94.47000122070312,2.55,2.8399999141693115,0.2899999141693117,0.9911031649745652,0,0.0,0.0,0.0,0.0,0.0,
06/07/2018,2759.820068,2764.409912,2733.52002,2737.679932,2590250000,13.369999885559082,94.04000091552734,2.53,2.8310000896453857,0.30100008964538594,0.9143967223276952,0,0.0,0.0,0.0,0.0,0.0,
09/07/2018,2784.169922,2784.649902,2770.72998,2775.620117,3070060000,12.6899995803833,94.08000183105469,2.57,2.859999895095825,0.28999989509582536,1.124813786503524,0,0.0,0.0,0.0,0.0,0.0,
10/07/2018,2793.840088,2795.580078,2786.23999,2788.560059,3080140000,12.640000343322754,94.11000061035156,2.59,2.872999906539917,0.28299990653991713,1.129740384255656,0,0.0,0.0,0.0,0.0,0.0,
11/07/2018,2774.02002,2785.909912,2770.77002,2779.820068,2986180000,13.630000114440918,94.72000122070312,2.58,2.8420000076293945,0.26200000762939446,1.0152385394773435,0,0.0,0.0,0.0,0.0,0.0,
12/07/2018,2798.290039,2799.219971,2781.530029,2783.139893,2834230000,12.579999923706055,94.80999755859375,2.6,2.8529999256134033,0.25299992561340323,0.973235784150112,0,0.0,0.0,0.0,0.0,0.0,
13/07/2018,2801.310059,2804.530029,2791.689941,2796.929932,2619790000,12.180000305175781,94.75,2.59,2.8310000896453857,0.24100008964538588,0.897778676389955,0,0.0,0.0,0.0,0.0,0.0,
16/07/2018,2798.429932,2801.189941,2793.389893,2797.360107,2819860000,12.829999923706055,94.51000213623047,2.59,2.8580000400543213,0.26800004005432143,0.9832010711147684,0,0.0,0.0,0.0,0.0,0.0,
17/07/2018,2809.550049,2814.189941,2789.23999,2789.340088,3064920000,12.0600004196167,94.97000122070312,2.62,2.864000082015991,0.2440000820159911,1.0697815982989156,0,0.0,0.0,0.0,0.0,0.0,
18/07/2018,2815.620117,2816.76001,2805.889893,2811.350098,3111560000,12.100000381469727,95.08000183105469,2.6,2.875,0.2749999999999999,1.0766375370579002,0,0.0,0.0,0.0,0.0,0.0,
19/07/2018,2804.48999,2812.050049,2799.77002,2809.370117,3278360000,12.869999885559082,95.16999816894531,2.6,2.8469998836517334,0.2469998836517333,1.100527779064607,0,0.0,0.0,0.0,0.0,0.0,
20/07/2018,2801.830078,2809.699951,2800.01001,2804.550049,3243250000,12.859999656677246,94.45999908447266,2.6,2.8949999809265137,0.2949999809265136,1.0449995005783626,0,0.0,0.0,0.0,0.0,0.0,
23/07/2018,2806.97998,2808.610107,2795.139893,2799.169922,2928490000,12.619999885559082,94.66999816894531,2.64,2.9649999141693115,0.3249999141693114,0.9370220483304728,0,0.0,0.0,0.0,0.0,0.0,
24/07/2018,2820.399902,2829.98999,2811.120117,2820.679932,3430410000,12.40999984741211,94.61000061035156,2.63,2.9489998817443848,0.31899988174438487,1.0725347000106928,0,0.0,0.0,0.0,0.0,0.0,
25/07/2018,2846.070068,2848.030029,2817.72998,2817.72998,3584400000,12.289999961853027,94.36000061035156,2.66,2.936000108718872,0.27600010871887193,1.0884966878045492,0,0.0,0.0,0.0,0.0,0.0,
26/07/2018,2837.439941,2845.570068,2835.26001,2835.48999,3667290000,12.140000343322754,94.75,2.69,2.9749999046325684,0.2849999046325684,1.0879686765745966,0,0.0,0.0,0.0,0.0,0.0,
27/07/2018,2818.820068,2843.169922,2808.340088,2842.350098,3434370000,13.029999732971191,94.68000030517578,2.67,2.9600000381469727,0.2900000381469727,1.0074444293210427,0,0.0,0.0,0.0,0.0,0.0,
30/07/2018,2802.600098,2821.73999,2798.110107,2819.0,3261190000,14.260000228881836,94.36000061035156,2.66,2.9749999046325684,0.3149999046325682,0.9383282904602808,0,0.0,0.0,0.0,0.0,0.0,
31/07/2018,2816.290039,2824.459961,2808.060059,2809.72998,3906890000,12.829999923706055,94.48999786376953,2.67,2.9639999866485596,0.29399998664855964,1.0941131860733702,0,0.0,0.0,0.0,0.0,0.0,
01/08/2018,2813.360107,2825.830078,2805.850098,2821.169922,3501350000,13.149999618530273,94.62000274658203,2.67,3.003000020980835,0.33300002098083503,0.9851252793160128,0,0.0,0.0,0.0,0.0,0.0,
02/08/2018,2827.219971,2829.909912,2796.340088,2800.47998,3501380000,12.1899995803833,95.16999816894531,2.66,2.9860000610351562,0.3260000610351561,0.9944175521068233,0,0.0,0.0,0.0,0.0,0.0,
03/08/2018,2840.350098,2840.379883,2827.370117,2829.620117,3043690000,11.640000343322754,95.13999938964844,2.63,2.953000068664551,0.3230000686645509,0.8840483313485724,0,0.0,0.0,0.0,0.0,0.0,
06/08/2018,2850.399902,2853.290039,2835.97998,2840.290039,2879020000,11.270000457763672,95.36000061035156,2.64,2.937999963760376,0.29799996376037585,0.8552054290760697,0,0.0,0.0,0.0,0.0,0.0,
07/08/2018,2858.449951,2863.429932,2855.919922,2855.919922,3185440000,10.930000305175781,95.22000122070312,2.68,2.9730000495910645,0.2930000495910643,0.988599008868541,0,0.0,0.0,0.0,0.0,0.0,
08/08/2018,2857.699951,2862.439941,2853.090088,2856.790039,2978070000,10.850000381469727,95.0999984741211,2.68,2.9709999561309814,0.2909999561309813,0.9552689317149528,0,0.0,0.0,0.0,0.0,0.0,
09/08/2018,2853.580078,2862.47998,2851.97998,2857.189941,3066180000,11.270000457763672,95.5,2.64,2.934999942779541,0.2949999427795409,1.0117803120297777,0,0.0,0.0,0.0,0.0,0.0,
10/08/2018,2833.280029,2842.199951,2825.810059,2838.899902,3265590000,13.15999984741211,96.36000061035156,2.61,2.8570001125335693,0.24700011253356946,1.0620288403374465,0,0.0,0.0,0.0,0.0,0.0,
13/08/2018,2821.929932,2843.399902,2819.879883,2835.459961,3173630000,14.779999732971191,96.38999938964844,2.61,2.877000093460083,0.26700009346008313,1.01271562603908,0,0.0,0.0,0.0,0.0,0.0,
14/08/2018,2839.959961,2843.110107,2826.580078,2827.879883,2986500000,13.3100004196167,96.7300033569336,2.63,2.8949999809265137,0.2649999809265138,0.965257204765103,0,0.0,0.0,0.0,0.0,0.0,
15/08/2018,2818.370117,2827.949951,2802.48999,2827.949951,3656680000,14.640000343322754,96.69999694824219,2.61,2.8519999980926514,0.2419999980926515,1.1321986205598262,0,0.0,0.0,0.0,0.0,0.0,
16/08/2018,2840.689941,2850.48999,2831.439941,2831.439941,3232000000,13.449999809265137,96.6500015258789,2.63,2.871000051498413,0.2410000514984132,0.9905359682243908,0,0.0,0.0,0.0,0.0,0.0,
17/08/2018,2850.129883,2855.629883,2833.72998,2838.320068,3037640000,12.640000343322754,96.0999984741211,2.61,2.872999906539917,0.2629999065399171,0.9441610796664274,0,0.0,0.0,0.0,0.0,0.0,
20/08/2018,2857.050049,2859.76001,2850.620117,2853.929932,2757150000,12.489999771118164,95.9000015258789,2.6,2.822999954223633,0.22299995422363272,0.8797559918749047,0,0.0,0.0,0.0,0.0,0.0,
21/08/2018,2862.959961,2873.22998,2861.320068,2861.51001,3174010000,12.859999656677246,95.26000213623047,2.61,2.8440001010894775,0.23400010108947766,1.0007926858492018,0,0.0,0.0,0.0,0.0,0.0,
22/08/2018,2861.820068,2867.540039,2856.050049,2860.98999,2701250000,12.25,95.1500015258789,2.6,2.822999954223633,0.22299995422363272,0.9063350344415702,0,0.0,0.0,0.0,0.0,0.0,
23/08/2018,2856.97998,2868.780029,2854.030029,2860.290039,2724450000,12.40999984741211,95.62000274658203,2.61,2.821000099182129,0.21100009918212903,0.946351036854354,0,0.0,0.0,0.0,0.0,0.0,
24/08/2018,2874.689941,2876.159912,2862.350098,2862.350098,2603010000,11.989999771118164,95.1500015258789,2.63,2.8259999752044678,0.19599997520446788,0.932318853972136,0,0.0,0.0,0.0,0.0,0.0,
27/08/2018,2896.73999,2898.25,2884.689941,2884.689941,2865070000,12.15999984741211,94.77999877929688,2.67,2.8480000495910645,0.17800004959106452,1.0183084905304955,0,0.0,0.0,0.0,0.0,0.0,
28/08/2018,2897.52002,2903.77002,2893.5,2901.449951,2687770000,12.5,94.72000122070312,2.67,2.884000062942505,0.21400006294250495,0.9894930990939916,0,0.0,0.0,0.0,0.0,0.0,
29/08/2018,2914.040039,2916.5,2898.399902,2900.620117,2805520000,12.25,94.5999984741211,2.67,2.884000062942505,0.21400006294250495,1.0249732935257077,0,0.0,0.0,0.0,0.0,0.0,
30/08/2018,2901.129883,2912.459961,2895.219971,2908.939941,2810450000,13.529999732971191,94.72000122070312,2.64,2.859999895095825,0.21999989509582507,1.020362595502991,0,0.0,0.0,0.0,0.0,0.0,
31/08/2018,2901.52002,2906.320068,2891.72998,2898.370117,2887220000,12.859999656677246,95.13999938964844,2.62,2.8529999256134033,0.2329999256134032,1.0270396406382172,0,0.0,0.0,0.0,0.0,0.0,
04/09/2018,2896.719971,2900.179932,2885.129883,2896.959961,3087420000,13.15999984741211,95.41999816894531,2.66,2.9019999504089355,0.2419999504089354,1.0811520634693852,0,0.0,0.0,0.0,0.0,0.0,
05/09/2018,2888.600098,2894.209961,2876.919922,2891.590088,3248780000,13.90999984741211,95.12999725341797,2.66,2.9019999504089355,0.2419999504089354,1.094647421491045,0,0.0,0.0,0.0,0.0,0.0,
06/09/2018,2878.050049,2892.050049,2867.290039,2888.639893,3144240000,14.649999618530273,95.0199966430664,2.64,2.878999948501587,0.2389999485015868,1.0357811348053216,0,0.0,0.0,0.0,0.0,0.0,
07/09/2018,2871.679932,2883.810059,2864.120117,2868.26001,2976580000,14.880000114440918,95.37000274658203,2.71,2.941999912261963,0.23199991226196293,0.9699339947758898,0,0.0,0.0,0.0,0.0,0.0,
10/09/2018,2877.129883,2886.929932,2875.939941,2881.389893,2751100000,14.15999984741211,95.1500015258789,2.73,2.937000036239624,0.20700003623962404,0.9044839204319798,0,0.0,0.0,0.0,0.0,0.0,
11/09/2018,2887.889893,2892.52002,2866.780029,2871.570068,2904500000,13.220000267028809,95.05999755859375,2.76,2.9769999980926514,0.21699999809265158,0.966542874637276,0,0.0,0.0,0.0,0.0,0.0,
12/09/2018,2888.919922,2894.649902,2879.199951,2888.290039,3341280000,13.140000343322754,94.80000305175781,2.74,2.9630000591278076,0.2230000591278074,1.105088737043333,0,0.0,0.0,0.0,0.0,0.0,
13/09/2018,2904.179932,2906.76001,2896.389893,2896.850098,3274090000,12.369999885559082,94.54000091552734,2.76,2.9630000591278076,0.20300005912780783,1.073644618315729,0,0.0,0.0,0.0,0.0,0.0,
14/09/2018,2904.97998,2908.300049,2895.77002,2906.379883,3179410000,12.069999694824219,94.9800033569336,2.78,2.99399995803833,0.21399995803833027,1.0289099685574077,0,0.0,0.0,0.0,0.0,0.0,
17/09/2018,2888.800049,2904.649902,2886.159912,2903.830078,2967980000,13.680000305175781,94.51000213623047,2.78,3.000999927520752,0.22099992752075215,0.9471917872046548,0,0.0,0.0,0.0,0.0,0.0,
18/09/2018,2904.310059,2911.169922,2890.429932,2890.73999,3091190000,12.789999961853027,94.62000274658203,2.81,3.0480000972747803,0.23800009727478022,0.9748958461455978,0,0.0,0.0,0.0,0.0,0.0,
19/09/2018,2907.949951,2912.360107,2903.820068,2906.600098,3302460000,11.75,94.55000305175781,2.81,3.0829999446868896,0.2729999446868896,1.044082470393857,0,0.0,0.0,0.0,0.0,0.0,
20/09/2018,2930.75,2934.800049,2919.72998,2919.72998,3406520000,11.800000190734863,93.91000366210938,2.81,3.078000068664551,0.26800006866455073,1.0680379945270624,0,0.0,0.0,0.0,0.0,0.0,
21/09/2018,2929.669922,2940.909912,2927.110107,2936.76001,5652470000,11.680000305175781,94.22000122070312,2.81,3.068000078201294,0.2580000782012939,1.5342778907550343,0,0.0,0.0,0.0,0.0,0.0,
24/09/2018,2919.370117,2923.790039,2912.629883,2921.830078,3392030000,12.199999809265137,94.26000213623047,2.83,3.078000068664551,0.2480000686645507,0.8999971875336633,0,0.0,0.0,0.0,0.0,0.0,
25/09/2018,2915.560059,2923.949951,2913.699951,2921.75,3330880000,12.420000076293945,94.12999725341797,2.83,3.1019999980926514,0.2719999980926513,0.8726727016258339,0,0.0,0.0,0.0,0.0,0.0,
26/09/2018,2905.969971,2931.149902,2903.280029,2916.97998,3417540000,12.890000343322754,94.19000244140625,2.83,3.061000108718872,0.231000108718872,0.890010333634731,0,0.0,0.0,0.0,0.0,0.0,
27/09/2018,2914.0,2927.219971,2909.27002,2911.649902,3101360000,12.40999984741211,95.0,2.83,3.055999994277954,0.22599999427795403,0.8207139938648099,0,0.0,0.0,0.0,0.0,0.0,
28/09/2018,2913.97998,2920.530029,2907.5,2910.030029,3461680000,12.119999885559082,95.19000244140625,2.81,3.055999994277954,0.24599999427795405,1.0362145874903987,0,0.0,0.0,0.0,0.0,0.0,
01/10/2018,2924.590088,2937.060059,2917.909912,2926.290039,3375890000,12.0,95.30000305175781,2.82,3.0799999237060547,0.25999992370605485,1.011511713962972,0,0.0,0.0,0.0,0.0,0.0,
02/10/2018,2923.429932,2931.419922,2919.370117,2923.800049,3432620000,12.050000190734863,95.51000213623047,2.82,3.055999994277954,0.23599999427795426,1.0222769667683,0,0.0,0.0,0.0,0.0,0.0,
03/10/2018,2925.51001,2939.860107,2921.360107,2931.689941,3625510000,11.609999656677246,95.76000213623047,2.85,3.1610000133514404,0.31100001335144034,1.0665109142404627,0,0.0,0.0,0.0,0.0,0.0,
04/10/2018,2901.610107,2919.780029,2883.919922,2919.350098,3510370000,14.220000267028809,95.75,2.87,3.197000026702881,0.32700002670288075,1.0083752392125276,0,0.0,0.0,0.0,0.0,0.0,
05/10/2018,2885.570068,2909.639893,2869.290039,2902.540039,3340820000,14.819999694824219,95.62000274658203,2.88,3.2249999046325684,0.34499990463256847,0.9663810853324896,0,0.0,0.0,0.0,0.0,0.0,
08/10/2018,2884.429932,2889.449951,2862.080078,2877.530029,3381820000,15.6899995803833,95.7699966430664,2.88,3.2330000400543213,0.34499990463256847,0.9779054475297754,0,0.0,0.0,0.0,0.0,0.0,
09/10/2018,2880.340088,2894.830078,2874.27002,2882.51001,3531690000,15.949999809265137,95.68000030517578,2.88,3.2079999446868896,0.32799994468688976,1.0154247706036903,0,0.0,0.0,0.0,0.0,0.0,
10/10/2018,2785.679932,2874.02002,2784.860107,2873.899902,4554260000,22.959999084472656,95.51000213623047,2.88,3.2249999046325684,0.34499990463256847,1.2430454567289846,0,0.0,0.0,0.0,0.0,0.0,
11/10/2018,2728.370117,2795.139893,2710.51001,2776.870117,4914090000,24.979999542236328,95.0199966430664,2.85,3.132999897003174,0.28299989700317374,1.2457967172818298,0,0.0,0.0,0.0,0.0,0.0,
12/10/2018,2767.129883,2775.77002,2729.439941,2770.540039,4024010000,21.309999465942383,95.22000122070312,2.85,3.1410000324249268,0.29100003242492667,0.98599324606106,0,0.0,0.0,0.0,0.0,0.0,
15/10/2018,2750.790039,2775.98999,2749.030029,2763.830078,3327160000,21.299999237060547,95.06999969482422,2.85,3.1630001068115234,0.31300010681152335,0.8174354252155032,0,0.0,0.0,0.0,0.0,0.0,
16/10/2018,2809.919922,2813.459961,2766.909912,2767.050049,3460260000,17.6200008392334,95.05000305175781,2.87,3.1559998989105225,0.28599989891052235,0.8531305566431194,0,0.0,0.0,0.0,0.0,0.0,
17/10/2018,2809.209961,2816.939941,2781.810059,2811.669922,3347090000,17.399999618530273,95.58000183105469,2.89,3.178999900817871,0.28899990081787097,0.8774598757065761,0,0.0,0.0,0.0,0.0,0.0,
18/10/2018,2768.780029,2806.040039,2755.179932,2802.0,3639300000,20.059999465942383,95.9000015258789,2.87,3.174999952316284,0.3049999523162841,1.0224004962405508,0,0.0,0.0,0.0,0.0,0.0,
19/10/2018,2767.780029,2797.77002,2760.27002,2775.659912,3593940000,19.889999389648438,95.70999908447266,2.92,3.197999954223633,0.2779999542236329,1.0346590663730189,0,0.0,0.0,0.0,0.0,0.0,
22/10/2018,2755.879883,2778.939941,2749.219971,2773.939941,3331270000,19.639999389648438,96.01000213623047,2.92,3.196000099182129,0.276000099182129,0.9588121248962402,0,0.0,0.0,0.0,0.0,0.0,
23/10/2018,2740.689941,2753.590088,2691.429932,2721.030029,4373710000,20.709999084472656,95.95999908447266,2.89,3.1659998893737793,0.2759998893737792,1.1959627701143705,0,0.0,0.0,0.0,0.0,0.0,
24/10/2018,2656.100098,2742.590088,2651.889893,2737.870117,4738670000,25.229999542236328,96.43000030517578,2.84,3.124000072479248,0.2840000724792482,1.2041206715085564,0,0.0,0.0,0.0,0.0,0.0,
25/10/2018,2705.570068,2722.699951,2667.840088,2674.879883,4663930000,24.219999313354492,96.68000030517578,2.86,3.135999917984009,0.2759999179840089,1.1264704234278449,0,0.0,0.0,0.0,0.0,0.0,
26/10/2018,2658.689941,2692.379883,2628.159912,2667.860107,4804330000,24.15999984741211,96.36000061035156,2.81,3.0769999027252197,0.2669999027252197,1.096282797802656,0,0.0,0.0,0.0,0.0,0.0,
29/10/2018,2641.25,2706.850098,2603.540039,2682.649902,4701260000,24.700000762939453,96.58000183105469,2.81,3.0869998931884766,0.2769998931884765,1.0096383886194855,0,0.0,0.0,0.0,0.0,0.0,
30/10/2018,2682.629883,2685.429932,2635.340088,2640.679932,5125600000,23.350000381469727,97.01000213623047,2.84,3.109999895095825,0.26999989509582534,1.066332026700741,0,0.0,0.0,0.0,0.0,0.0,
31/10/2018,2711.73999,2736.689941,2705.600098,2705.600098,5133380000,21.229999542236328,97.12999725341797,2.87,3.1589999198913574,0.2889999198913573,1.050694885072763,0,0.0,0.0,0.0,0.0,0.0,
01/11/2018,2740.370117,2741.669922,2708.850098,2717.580078,4730250000,19.34000015258789,96.27999877929688,2.84,3.1440000534057617,0.30400005340576186,0.9655612901013356,0,0.0,0.0,0.0,0.0,0.0,
02/11/2018,2723.060059,2756.550049,2700.439941,2745.449951,4261230000,19.510000228881836,96.54000091552734,2.91,3.2139999866485596,0.30399998664855943,0.8895457194723385,0,0.0,0.0,0.0,0.0,0.0,
05/11/2018,2738.310059,2744.27002,2717.939941,2726.370117,3650910000,19.959999084472656,96.3499984741211,2.91,3.2009999752044678,0.29099997520446763,0.7970942349737156,0,0.0,0.0,0.0,0.0,0.0,
06/11/2018,2755.449951,2756.820068,2737.080078,2738.399902,3543800000,19.90999984741211,96.31999969482422,2.93,3.2139999866485596,0.2839999866485594,0.8311143236003353,0,0.0,0.0,0.0,0.0,0.0,
07/11/2018,2813.889893,2815.149902,2774.129883,2774.129883,3929080000,16.360000610351562,96.0,2.96,3.2130000591278076,0.25300005912780765,0.9766411288538508,0,0.0,0.0,0.0,0.0,0.0,
08/11/2018,2806.830078,2814.75,2794.98999,2806.379883,3673550000,16.719999313354492,96.63999938964844,2.98,3.2339999675750732,0.25399996757507326,0.9637527894275384,0,0.0,0.0,0.0,0.0,0.0,
09/11/2018,2781.01001,2794.100098,2764.23999,2794.100098,4029030000,17.360000610351562,96.91000366210938,2.94,3.188999891281128,0.24899989128112798,1.0700496165750488,0,0.0,0.0,0.0,0.0,0.0,
12/11/2018,2726.219971,2775.98999,2722.0,2773.929932,3701570000,20.450000762939453,97.54000091552734,2.94,3.186000108718872,0.24899989128112798,0.9804428980618244,0,0.0,0.0,0.0,0.0,0.0,
13/11/2018,2722.179932,2754.600098,2714.97998,2730.050049,4112820000,20.020000457763672,97.30000305175781,2.89,3.1449999809265137,0.25499998092651355,1.0574949668441662,0,0.0,0.0,0.0,0.0,0.0,
14/11/2018,2701.580078,2746.800049,2685.75,2737.899902,4449060000,21.25,96.80000305175781,2.86,3.119999885559082,0.25999988555908216,1.1141573963376796,0,0.0,0.0,0.0,0.0,0.0,
15/11/2018,2730.199951,2735.379883,2670.75,2693.52002,4204960000,19.979999542236328,96.93000030517578,2.86,3.118000030517578,0.25800003051757825,1.0257280909225737,0,0.0,0.0,0.0,0.0,0.0,
16/11/2018,2736.27002,2746.75,2712.159912,2718.540039,3996970000,18.139999389648438,96.47000122070312,2.81,3.0739998817443848,0.2639998817443847,0.976519859391812,0,0.0,0.0,0.0,0.0,0.0,
19/11/2018,2690.72998,2733.159912,2681.090088,2730.73999,3806940000,20.100000381469727,96.19000244140625,2.79,3.056999921798706,0.266999921798706,0.9253284396533914,0,0.0,0.0,0.0,0.0,0.0,
20/11/2018,2641.889893,2669.439941,2631.52002,2654.600098,4370820000,22.479999542236328,96.80999755859375,2.79,3.0480000972747803,0.25800009727478024,1.0492276300786172,0,0.0,0.0,0.0,0.0,0.0,
21/11/2018,2649.929932,2670.72998,2649.820068,2657.73999,3237400000,20.799999237060547,96.70999908447266,2.81,3.061000108718872,0.251000108718872,0.8251478685166862,0,0.0,0.0,0.0,0.0,0.0,
23/11/2018,2632.560059,2647.550049,2631.090088,2633.360107,1651680000,21.520000457763672,96.91999816894531,2.81,3.053999900817871,0.24399990081787104,0.483971633533191,0,0.0,0.0,0.0,0.0,0.0,
26/11/2018,2673.449951,2674.350098,2649.969971,2649.969971,3523520000,18.899999618530273,97.06999969482422,2.84,3.072000026702881,0.232000026702881,1.0619178848439697,0,0.0,0.0,0.0,0.0,0.0,
27/11/2018,2682.169922,2682.530029,2655.889893,2663.75,3494380000,19.020000457763672,97.37000274658203,2.83,3.055000066757202,0.22500006675720208,1.0733575790340215,0,0.0,0.0,0.0,0.0,0.0,
28/11/2018,2743.790039,2744.0,2684.379883,2691.449951,3984540000,18.489999771118164,96.79000091552734,2.81,3.0439999103546143,0.2339999103546142,1.2536686232657417,0,0.0,0.0,0.0,0.0,0.0,
29/11/2018,2737.800049,2753.75,2722.939941,2736.969971,3599200000,18.790000915527344,96.77999877929688,2.81,3.0350000858306885,0.22500008583068842,1.1072199402952752,0,0.0,0.0,0.0,0.0,0.0,
30/11/2018,2760.169922,2760.879883,2732.76001,2737.76001,4668310000,18.06999969482422,97.2699966430664,2.8,3.013000011444092,0.21300001144409197,1.2112927122281063,0,0.0,0.0,0.0,0.0,0.0,
03/12/2018,2790.370117,2800.179932,2773.379883,2790.5,4221580000,16.440000534057617,97.04000091552734,2.83,2.992000102996826,0.1620001029968261,1.0570858087510977,0,0.0,0.0,0.0,0.0,0.0,
04/12/2018,2700.060059,2785.929932,2697.179932,2782.429932,4515710000,20.739999771118164,96.97000122070312,2.8,2.9240000247955322,0.1240000247955324,1.0757151010941746,0,0.0,0.0,0.0,0.0,0.0,
06/12/2018,2695.949951,2696.149902,2621.530029,2663.51001,5180430000,21.190000534057617,96.80999755859375,2.75,2.875999927520752,0.12599992752075195,1.1675402959536592,0,0.0,0.0,0.0,0.0,0.0,
07/12/2018,2633.080078,2708.540039,2623.139893,2691.26001,4242240000,23.229999542236328,96.51000213623047,2.72,2.8499999046325684,0.12999990463256816,0.9291637079813756,0,0.0,0.0,0.0,0.0,0.0,
10/12/2018,2637.719971,2647.51001,2583.22998,2630.860107,4162880000,22.639999389648438,97.22000122070312,2.72,2.8559999465942383,0.13599994659423809,0.9324261608289984,0,0.0,0.0,0.0,0.0,0.0,
11/12/2018,2636.780029,2674.350098,2621.300049,2664.439941,3963440000,21.760000228881836,97.38999938964844,2.78,2.878999948501587,0.09899994850158711,0.8981404687124683,0,0.0,0.0,0.0,0.0,0.0,
12/12/2018,2651.070068,2685.439941,2650.26001,2658.22998,4029300000,21.459999084472656,97.04000091552734,2.77,2.9059998989105225,0.13599989891052244,0.9336467347505294,0,0.0,0.0,0.0,0.0,0.0,
13/12/2018,2650.540039,2670.189941,2637.27002,2658.699951,3978340000,20.649999618530273,97.05999755859375,2.75,2.9110000133514404,0.16100001335144043,0.9762222593025196,0,0.0,0.0,0.0,0.0,0.0,
14/12/2018,2599.949951,2635.070068,2593.840088,2629.679932,4064370000,21.6299991607666,97.44000244140625,2.73,2.8910000324249268,0.16100003242492678,1.0061153570616976,0,0.0,0.0,0.0,0.0,0.0,
17/12/2018,2545.939941,2601.129883,2530.540039,2590.75,4661420000,24.520000457763672,97.0999984741211,2.7,2.8570001125335693,0.15700011253356916,1.1261171375188614,0,0.0,0.0,0.0,0.0,0.0,
18/12/2018,2546.159912,2573.98999,2528.709961,2559.899902,4519190000,25.579999923706055,97.13999938964844,2.65,2.825000047683716,0.1750000476837159,1.0632077362696928,0,0.0,0.0,0.0,0.0,0.0,
19/12/2018,2506.959961,2585.290039,2488.959961,2547.050049,5152830000,25.579999923706055,97.04000091552734,2.63,2.7780001163482666,0.1480001163482667,1.151411212384615,0,0.0,0.0,0.0,0.0,0.0,
20/12/2018,2467.419922,2509.629883,2441.179932,2496.77002,5619780000,28.3799991607666,96.27999877929688,2.67,2.7890000343322754,0.11900003433227546,1.1699300387757472,0,0.0,0.0,0.0,0.0,0.0,
21/12/2018,2416.620117,2504.409912,2408.550049,2465.379883,7657890000,30.110000610351562,96.95999908447266,2.63,2.7920000553131104,0.16200005531311046,1.3867406996676337,0,0.0,0.0,0.0,0.0,0.0,
24/12/2018,2351.100098,2410.340088,2351.100098,2400.560059,2613670000,36.06999969482422,96.55000305175781,2.55,2.749000072479248,0.19900007247924822,0.5112140970514049,0,0.0,0.0,0.0,0.0,0.0,
26/12/2018,2467.699951,2467.76001,2346.580078,2363.120117,4249740000,30.40999984741211,97.05000305175781,2.61,2.796999931335449,0.18699993133544934,0.8400717801241485,0,0.0,0.0,0.0,0.0,0.0,
27/12/2018,2488.830078,2489.100098,2397.939941,2442.5,4139010000,29.959999084472656,96.4800033569336,2.56,2.743000030517578,0.18300003051757807,0.8523465110714169,0,0.0,0.0,0.0,0.0,0.0,
28/12/2018,2485.73999,2520.27002,2472.889893,2498.77002,3728440000,28.34000015258789,96.38999938964844,2.52,2.7360000610351562,0.21600006103515623,0.8326592596728267,0,0.0,0.0,0.0,0.0,0.0,
31/12/2018,2506.850098,2509.23999,2482.820068,2498.939941,3461920000,25.420000076293945,96.16999816894531,2.48,2.686000108718872,0.2060001087188721,0.9514543681614356,0,0.0,0.0,0.0,0.0,0.0,
02/01/2019,2510.030029,2519.48999,2467.469971,2476.959961,3733160000,23.219999313354492,96.81999969482422,2.5,2.6610000133514404,0.16100001335144043,0.966525426581132,0,0.0,0.0,0.0,0.0,0.0,
03/01/2019,2447.889893,2493.139893,2443.959961,2491.919922,3858830000,25.450000762939453,96.30999755859375,2.39,2.553999900817871,0.16399990081787097,1.01970207215549,0,0.0,0.0,0.0,0.0,0.0,
04/01/2019,2531.939941,2538.070068,2474.330078,2474.330078,4234140000,21.3799991607666,96.19000244140625,2.5,2.6589999198913574,0.15899991989135742,1.1132811575637775,0,0.0,0.0,0.0,0.0,0.0,
07/01/2019,2549.689941,2566.159912,2524.560059,2535.610107,4133120000,21.399999618530273,95.70999908447266,2.53,2.681999921798706,0.15199992179870625,1.064075954229328,0,0.0,0.0,0.0,0.0,0.0,
08/01/2019,2574.409912,2579.820068,2547.560059,2568.110107,4120060000,20.469999313354492,95.9000015258789,2.58,2.7160000801086426,0.1360000801086425,1.0259466087231086,0,0.0,0.0,0.0,0.0,0.0,
09/01/2019,2584.959961,2595.320068,2568.889893,2580.0,4088740000,19.979999542236328,95.22000122070312,2.56,2.7279999256134033,0.16799992561340327,1.000431125393873,0,0.0,0.0,0.0,0.0,0.0,
10/01/2019,2596.639893,2597.820068,2562.02002,2573.51001,3721300000,19.5,95.54000091552734,2.56,2.7309999465942383,0.17099994659423823,0.9166955702613542,0,0.0,0.0,0.0,0.0,0.0,
11/01/2019,2596.26001,2596.27002,2577.399902,2588.110107,3447460000,18.190000534057617,95.66999816894531,2.55,2.7009999752044678,0.15099997520446795,0.8834802272396451,0,0.0,0.0,0.0,0.0,0.0,
14/01/2019,2582.610107,2589.320068,2570.409912,2580.310059,3689370000,19.06999969482422,95.58999633789062,2.53,2.7100000381469727,0.18000003814697285,0.967478770835158,0,0.0,0.0,0.0,0.0,0.0,
15/01/2019,2610.300049,2613.080078,2585.100098,2585.100098,3601180000,18.600000381469727,95.97000122070312,2.53,2.7109999656677246,0.1809999656677248,0.9707705122640924,0,0.0,0.0,0.0,0.0,0.0,
16/01/2019,2616.100098,2625.76001,2612.679932,2614.75,3882180000,19.040000915527344,96.05999755859375,2.55,2.7309999465942383,0.18099994659423846,1.0583055138922737,0,0.0,0.0,0.0,0.0,0.0,
17/01/2019,2635.959961,2645.060059,2606.360107,2609.280029,3802410000,18.059999465942383,96.06999969482422,2.56,2.749000072479248,0.189000072479248,1.0319960266194783,0,0.0,0.0,0.0,0.0,0.0,
18/01/2019,2670.709961,2675.469971,2647.580078,2651.27002,4009010000,17.799999237060547,96.33999633789062,2.62,2.7839999198913574,0.16399991989135732,1.0558834606764065,0,0.0,0.0,0.0,0.0,0.0,
22/01/2019,2632.899902,2657.879883,2617.27002,2657.879883,3923950000,20.799999237060547,96.30000305175781,2.58,2.7300000190734863,0.15000001907348626,1.0208661030151316,0,0.0,0.0,0.0,0.0,0.0,
23/01/2019,2638.699951,2653.189941,2612.860107,2643.47998,3358770000,19.520000457763672,96.12000274658203,2.58,2.755000114440918,0.1750001144409179,0.8849898188900693,0,0.0,0.0,0.0,0.0,0.0,
24/01/2019,2642.330078,2647.199951,2627.01001,2638.840088,3449230000,18.889999389648438,96.5999984741211,2.56,2.7119998931884766,0.1519998931884765,0.9300439995534792,0,0.0,0.0,0.0,0.0,0.0,
25/01/2019,2664.76001,2672.379883,2657.330078,2657.439941,3821000000,17.420000076293945,95.79000091552734,2.6,2.753000020980835,0.15300002098083487,1.0292555312046787,0,0.0,0.0,0.0,0.0,0.0,
28/01/2019,2643.850098,2644.969971,2624.060059,2644.969971,3630820000,18.8700008392334,95.75,2.6,2.74399995803833,0.14399995803833,0.998368325160294,0,0.0,0.0,0.0,0.0,0.0,
29/01/2019,2640.0,2650.929932,2631.050049,2644.889893,3518070000,19.1299991607666,95.81999969482422,2.56,2.7119998931884766,0.1519998931884765,0.9894509415909312,0,0.0,0.0,0.0,0.0,0.0,
30/01/2019,2681.050049,2690.439941,2648.340088,2653.620117,3883270000,17.65999984741211,95.33999633789062,2.52,2.694999933242798,0.17499993324279783,1.060864182218825,0,0.0,0.0,0.0,0.0,0.0,
31/01/2019,2704.100098,2708.949951,2678.649902,2685.48999,4953800000,16.56999969482422,95.58000183105469,2.45,2.634999990463257,0.18499999046325666,1.2505200192255652,0,0.0,0.0,0.0,0.0,0.0,
01/02/2019,2706.530029,2716.659912,2696.879883,2702.320068,3782490000,16.139999389648438,95.58000183105469,2.52,2.690999984741211,0.17099998474121092,0.9566986789556086,0,0.0,0.0,0.0,0.0,0.0,
04/02/2019,2724.870117,2724.98999,2698.75,2706.48999,3369450000,15.729999542236328,95.8499984741211,2.53,2.7239999771118164,0.1939999771118166,0.8636479678147626,0,0.0,0.0,0.0,0.0,0.0,
05/02/2019,2737.699951,2738.97998,2724.030029,2728.340088,3597620000,15.569999694824219,96.0999984741211,2.53,2.7019999027252197,0.17199990272521992,0.9183866749920736,0,0.0,0.0,0.0,0.0,0.0,
06/02/2019,2731.610107,2738.080078,2724.149902,2735.050049,3486590000,15.380000114440918,96.41999816894531,2.52,2.7019999027252197,0.1819999027252197,0.9084416582638308,0,0.0,0.0,0.0,0.0,0.0,
07/02/2019,2706.050049,2719.320068,2687.26001,2717.530029,4114040000,16.3700008392334,96.51000213623047,2.48,2.6519999504089355,0.17199995040893556,1.12098021873343,0,0.0,0.0,0.0,0.0,0.0,
08/02/2019,2707.879883,2708.070068,2681.830078,2692.360107,3649510000,15.720000267028809,96.63999938964844,2.45,2.631999969482422,0.1819999694824217,1.0016654581025306,0,0.0,0.0,0.0,0.0,0.0,
11/02/2019,2709.800049,2718.050049,2703.790039,2712.399902,3395330000,15.970000267028809,97.05999755859375,2.48,2.6610000133514404,0.18100001335144045,0.9305797427957654,0,0.0,0.0,0.0,0.0,0.0,
12/02/2019,2744.72998,2748.189941,2722.610107,2722.610107,3843020000,15.430000305175781,96.70999908447266,2.5,2.684000015258789,0.18400001525878906,1.0393006676045475,0,0.0,0.0,0.0,0.0,0.0,
13/02/2019,2753.030029,2761.850098,2748.629883,2750.300049,3684910000,15.649999618530273,97.12999725341797,2.53,2.7079999446868896,0.17799994468688984,0.9859655018700356,0,0.0,0.0,0.0,0.0,0.0,
14/02/2019,2745.72998,2757.899902,2731.22998,2743.5,3845390000,16.219999313354492,96.9800033569336,2.5,2.6570000648498535,0.15700006484985352,1.0439126383960178,0,0.0,0.0,0.0,0.0,0.0,
15/02/2019,2775.600098,2775.659912,2760.23999,2760.23999,3648680000,14.90999984741211,96.91999816894531,2.52,2.6659998893737793,0.14599988937377928,0.9905561772526202,0,0.0,0.0,0.0,0.0,0.0,
19/02/2019,2779.76001,2787.330078,2767.290039,2769.280029,3535270000,14.880000114440918,96.5199966430664,2.5,2.6470000743865967,0.14700007438659668,0.9525296554935074,0,0.0,0.0,0.0,0.0,0.0,
20/02/2019,2784.699951,2789.879883,2774.060059,2779.050049,3904830000,14.020000457763672,96.44999694824219,2.5,2.6540000438690186,0.15400004386901855,1.0486098131594042,0,0.0,0.0,0.0,0.0,0.0,
21/02/2019,2774.879883,2781.580078,2764.550049,2780.23999,3598260000,14.460000038146973,96.61000061035156,2.53,2.687999963760376,0.15799996376037617,0.9708009149366812,0,0.0,0.0,0.0,0.0,0.0,
22/02/2019,2792.669922,2794.199951,2779.110107,2780.669922,3429350000,13.510000228881836,96.51000213623047,2.48,2.6549999713897705,0.17499997138977053,0.9464771955119092,0,0.0,0.0,0.0,0.0,0.0,
25/02/2019,2796.110107,2813.48999,2794.98999,2804.350098,3860260000,14.850000381469727,96.41000366210938,2.51,2.6730000972747803,0.1630000972747805,1.0531062632686543,0,0.0,0.0,0.0,0.0,0.0,
26/02/2019,2793.899902,2803.120117,2789.469971,2792.360107,3676200000,15.170000076293945,96.0,2.48,2.635999917984009,0.1559999179840088,0.9952406477916932,0,0.0,0.0,0.0,0.0,0.0,
27/02/2019,2792.379883,2795.76001,2775.129883,2787.5,3771790000,14.699999809265137,96.1500015258789,2.5,2.693000078201294,0.19300007820129395,1.0285282501066215,0,0.0,0.0,0.0,0.0,0.0,
28/02/2019,2784.48999,2793.72998,2782.51001,2788.110107,4445780000,14.779999732971191,96.16000366210938,2.52,2.7109999656677246,0.1909999656677246,1.1587582584508047,0,0.0,0.0,0.0,0.0,0.0,
01/03/2019,2803.689941,2808.02002,2787.379883,2798.219971,3994950000,13.569999694824219,96.52999877929688,2.55,2.755000114440918,0.20500011444091815,1.0114319828163276,0,0.0,0.0,0.0,0.0,0.0,
04/03/2019,2792.810059,2816.879883,2767.659912,2814.370117,3949730000,14.630000114440918,96.68000030517578,2.55,2.7219998836517334,0.17199988365173358,0.9954734366848216,0,0.0,0.0,0.0,0.0,0.0,
05/03/2019,2789.649902,2796.439941,2782.969971,2794.409912,3631380000,14.739999771118164,96.8499984741211,2.55,2.7219998836517334,0.17199988365173358,0.9173102659795096,0,0.0,0.0,0.0,0.0,0.0,
06/03/2019,2771.449951,2790.27002,2768.689941,2790.27002,3800180000,15.739999771118164,96.87000274658203,2.52,2.691999912261963,0.17199991226196287,0.9585753621477529,0,0.0,0.0,0.0,0.0,0.0,
07/03/2019,2748.929932,2767.25,2739.090088,2766.530029,3932150000,16.59000015258789,97.66999816894531,2.47,2.635999917984009,0.1659999179840086,1.018249061677333,0,0.0,0.0,0.0,0.0,0.0,
08/03/2019,2743.070068,2744.129883,2722.27002,2730.790039,3424300000,16.049999237060547,97.37000274658203,2.45,2.625,0.17499999999999982,0.9137441334974228,0,0.0,0.0,0.0,0.0,0.0,
11/03/2019,2783.300049,2784.0,2747.610107,2747.610107,3764850000,14.329999923706055,97.22000122070312,2.47,2.6429998874664307,0.17299988746643047,1.0146279333752315,0,0.0,0.0,0.0,0.0,0.0,
12/03/2019,2791.52002,2798.320068,2786.72998,2787.340088,3432340000,13.770000457763672,96.94000244140625,2.45,2.6050000190734863,0.15500001907348615,0.9350478537982828,0,0.0,0.0,0.0,0.0,0.0,
13/03/2019,2810.919922,2821.23999,2799.780029,2799.780029,3782250000,13.40999984741211,96.55000305175781,2.45,2.6110000610351562,0.16100006103515607,1.031378896797483,0,0.0,0.0,0.0,0.0,0.0,
14/03/2019,2808.47998,2815.0,2803.459961,2810.379883,3505670000,13.5,96.79000091552734,2.46,2.630000114440918,0.170000114440918,0.9787229171703592,0,0.0,0.0,0.0,0.0,0.0,
15/03/2019,2822.47998,2830.72998,2810.790039,2810.790039,5969780000,12.880000114440918,96.5999984741211,2.43,2.5929999351501465,0.16299993515014632,1.4592549752161952,0,0.0,0.0,0.0,0.0,0.0,
18/03/2019,2832.939941,2835.409912,2821.98999,2822.610107,3620770000,13.100000381469727,96.5199966430664,2.45,2.6019999980926514,0.1519999980926512,0.8913406210781353,0,0.0,0.0,0.0,0.0,0.0,
19/03/2019,2832.570068,2852.419922,2823.27002,2840.76001,3650740000,13.5600004196167,96.37999725341797,2.46,2.614000082015991,0.15400008201599125,0.8891574493124674,0,0.0,0.0,0.0,0.0,0.0,
20/03/2019,2824.22998,2843.540039,2812.429932,2831.340088,3779160000,13.90999984741211,95.76000213623047,2.4,2.5350000858306885,0.13500008583068857,0.9205733962385488,0,0.0,0.0,0.0,0.0,0.0,
21/03/2019,2854.879883,2860.310059,2817.379883,2819.719971,3612620000,13.630000114440918,96.5,2.41,2.5369999408721924,0.12699994087219224,0.8754441292546383,0,0.0,0.0,0.0,0.0,0.0,
22/03/2019,2800.709961,2846.159912,2800.469971,2844.52002,4253730000,16.479999542236328,96.6500015258789,2.31,2.4549999237060547,0.14499992370605463,1.1243129203225457,0,0.0,0.0,0.0,0.0,0.0,
25/03/2019,2798.360107,2809.790039,2785.02002,2796.01001,3406110000,16.329999923706055,96.56999969482422,2.26,2.4200000762939453,0.16000007629394553,0.9106096770674932,0,0.0,0.0,0.0,0.0,0.0,
26/03/2019,2818.459961,2829.870117,2803.98999,2812.659912,3288570000,14.680000305175781,96.73999786376953,2.24,2.4140000343322754,0.17400003433227518,0.896547418538194,0,0.0,0.0,0.0,0.0,0.0,
27/03/2019,2805.370117,2825.560059,2787.719971,2819.719971,3422400000,15.149999618530273,96.7699966430664,2.22,2.374000072479248,0.15400007247924785,0.9515426145067988,0,0.0,0.0,0.0,0.0,0.0,
28/03/2019,2815.439941,2819.709961,2798.77002,2809.399902,3185460000,14.430000305175781,97.19999694824219,2.23,2.3889999389648438,0.15899993896484377,0.9072143456440348,0,0.0,0.0,0.0,0.0,0.0,
29/03/2019,2834.399902,2836.030029,2819.22998,2828.27002,3752520000,13.710000038146973,97.27999877929688,2.27,2.4140000343322754,0.14400003433227537,1.1001192607941572,0,0.0,0.0,0.0,0.0,0.0,
01/04/2019,2867.189941,2869.399902,2848.629883,2848.629883,3560090000,13.399999618530273,97.25,2.33,2.496999979019165,0.16699997901916497,1.0343662400691729,0,0.0,0.0,0.0,0.0,0.0,
02/04/2019,2867.23999,2872.899902,2858.75,2868.23999,3267210000,13.359999656677246,97.36000061035156,2.3,2.4809999465942383,0.18099994659423846,0.950451137093546,0,0.0,0.0,0.0,0.0,0.0,
03/04/2019,2873.399902,2885.25,2865.169922,2876.090088,3570000000,13.739999771118164,97.08999633789062,2.33,2.5169999599456787,0.18699995994567864,1.0296920499697726,0,0.0,0.0,0.0,0.0,0.0,
04/04/2019,2879.389893,2881.280029,2867.139893,2873.98999,3038740000,13.579999923706055,97.30999755859375,2.33,2.51200008392334,0.18200008392333977,0.8839425757596914,0,0.0,0.0,0.0,0.0,0.0,
05/04/2019,2892.73999,2893.23999,2882.98999,2884.159912,3155970000,12.819999694824219,97.4000015258789,2.35,2.500999927520752,0.15099992752075186,0.951051138469661,0,0.0,0.0,0.0,0.0,0.0,
08/04/2019,2895.77002,2895.949951,2880.780029,2888.459961,3056460000,13.180000305175781,97.05000305175781,2.36,2.5190000534057617,0.15900005340576184,0.9498967577841896,0,0.0,0.0,0.0,0.0,0.0,
09/04/2019,2878.199951,2886.879883,2873.330078,2886.580078,3032480000,14.279999732971191,97.01000213623047,2.35,2.499000072479248,0.14900007247924796,0.9563980534451058,0,0.0,0.0,0.0,0.0,0.0,
10/04/2019,2888.209961,2889.709961,2879.129883,2881.370117,3092230000,13.300000190734863,96.94999694824219,2.31,2.4769999980926514,0.16699999809265131,1.0055456988478058,0,0.0,0.0,0.0,0.0,0.0,
11/04/2019,2888.320068,2893.419922,2881.98999,2891.919922,2970650000,13.020000457763672,97.18000030517578,2.35,2.503999948501587,0.15399994850158683,0.9703066216612588,0,0.0,0.0,0.0,0.0,0.0,
12/04/2019,2907.409912,2910.540039,2898.370117,2900.860107,3726050000,12.010000228881836,96.97000122070312,2.4,2.559999942779541,0.1599999427795411,1.173346928775711,0,0.0,0.0,0.0,0.0,0.0,
15/04/2019,2905.580078,2909.600098,2896.47998,2908.320068,3114530000,12.319999694824219,96.94000244140625,2.4,2.552999973297119,0.15299997329711923,0.9772031019193096,0,0.0,0.0,0.0,0.0,0.0,
16/04/2019,2907.060059,2916.060059,2900.709961,2912.26001,3403120000,12.180000305175781,97.04000091552734,2.41,2.5920000076293945,0.1820000076293944,1.0434806072150016,0,0.0,0.0,0.0,0.0,0.0,
17/04/2019,2900.449951,2918.0,2895.449951,2916.040039,3648100000,12.600000381469727,97.01000213623047,2.4,2.5920000076293945,0.19200000762939462,1.0817229999199405,0,0.0,0.0,0.0,0.0,0.0,
18/04/2019,2905.030029,2908.399902,2891.899902,2904.810059,3507100000,12.09000015258789,97.47000122070312,2.38,2.559999942779541,0.17999994277954112,1.0078510710447213,0,0.0,0.0,0.0,0.0,0.0,
22/04/2019,2907.969971,2909.51001,2896.350098,2898.780029,3010130000,12.420000076293945,97.27999877929688,2.38,2.5899999141693115,0.20999991416931163,0.9021559697368216,0,0.0,0.0,0.0,0.0,0.0,
23/04/2019,2933.679932,2936.310059,2908.530029,2909.98999,3674480000,12.279999732971191,97.56999969482422,2.36,2.569999933242798,0.20999993324279798,1.0655033686270257,0,0.0,0.0,0.0,0.0,0.0,
24/04/2019,2927.25,2936.830078,2926.050049,2934.0,3468480000,13.140000343322754,98.0999984741211,2.32,2.5220000743865967,0.20200007438659684,1.001970731944057,0,0.0,0.0,0.0,0.0,0.0,
25/04/2019,2926.169922,2933.100098,2912.840088,2928.98999,3440010000,13.25,98.19999694824219,2.33,2.5339999198913574,0.20399991989135735,1.0058391129928306,0,0.0,0.0,0.0,0.0,0.0,
26/04/2019,2939.879883,2939.879883,2917.560059,2925.810059,3264390000,12.729999542236328,98.01000213623047,2.28,2.505000114440918,0.22500011444091816,0.968231332185278,0,0.0,0.0,0.0,0.0,0.0,
29/04/2019,2943.030029,2949.52002,2939.350098,2940.580078,3150390000,13.109999656677246,97.86000061035156,2.3,2.5360000133514404,0.2360000133514406,0.9267079466399964,0,0.0,0.0,0.0,0.0,0.0,
30/04/2019,2945.830078,2948.219971,2924.110107,2937.139893,3939760000,13.119999885559082,97.4800033569336,2.27,2.509000062942505,0.23900006294250487,1.141097478252659,0,0.0,0.0,0.0,0.0,0.0,
01/05/2019,2923.72998,2954.129883,2923.360107,2952.330078,3669330000,14.800000190734863,97.69000244140625,2.31,2.510999917984009,0.20099991798400874,1.050548331756746,0,0.0,0.0,0.0,0.0,0.0,
02/05/2019,2917.52002,2931.679932,2900.5,2922.159912,3802290000,14.420000076293945,97.83000183105469,2.35,2.552000045776367,0.2020000457763671,1.066491605595372,0,0.0,0.0,0.0,0.0,0.0,
03/05/2019,2945.639893,2947.850098,2929.209961,2929.209961,3357180000,12.869999885559082,97.5199966430664,2.33,2.5309998989105225,0.2009998989105224,0.9367680583962787,0,0.0,0.0,0.0,0.0,0.0,
06/05/2019,2932.469971,2937.320068,2898.209961,2908.889893,3203260000,15.4399995803833,97.5199966430664,2.31,2.5,0.18999999999999995,0.8911896513541756,0,0.0,0.0,0.0,0.0,0.0,
07/05/2019,2884.050049,2913.030029,2862.600098,2913.030029,3793060000,19.31999969482422,97.62999725341797,2.28,2.447999954223633,0.167999954223633,1.063964786772824,0,0.0,0.0,0.0,0.0,0.0,
08/05/2019,2879.419922,2897.959961,2873.280029,2879.610107,3543110000,19.399999618530273,97.62000274658203,2.3,2.4820001125335693,0.1820001125335695,1.0009407364299476,0,0.0,0.0,0.0,0.0,0.0,
09/05/2019,2870.719971,2875.969971,2836.399902,2859.840088,3659050000,19.100000381469727,97.37000274658203,2.26,2.4570000171661377,0.1970000171661379,1.0421282936671137,0,0.0,0.0,0.0,0.0,0.0,
10/05/2019,2881.399902,2891.310059,2825.389893,2863.100098,3566780000,16.040000915527344,97.33000183105469,2.26,2.4549999237060547,0.1949999237060549,1.0038637205422267,0,0.0,0.0,0.0,0.0,0.0,
13/05/2019,2811.870117,2840.189941,2801.429932,2840.189941,3900270000,20.549999237060547,97.31999969482422,2.18,2.4049999713897705,0.22499997138977035,1.056281269854682,0,0.0,0.0,0.0,0.0,0.0,
14/05/2019,2834.409912,2852.540039,2820.120117,2820.120117,3354860000,18.059999465942383,97.52999877929688,2.2,2.4189999103546143,0.21899991035461408,0.930661054911571,0,0.0,0.0,0.0,0.0,0.0,
15/05/2019,2850.959961,2858.679932,2815.080078,2820.379883,3140900000,16.440000534057617,97.56999969482422,2.16,2.378999948501587,0.21899994850158677,0.8911942326178962,0,0.0,0.0,0.0,0.0,0.0,
16/05/2019,2876.320068,2892.149902,2855.800049,2855.800049,3338470000,15.289999961853027,97.83999633789062,2.2,2.4049999713897705,0.20499997138977033,0.964804338176135,0,0.0,0.0,0.0,0.0,0.0,
17/05/2019,2859.530029,2885.47998,2854.22998,2858.600098,3316040000,15.960000038146973,98.0,2.2,2.3929998874664307,0.1929998874664305,0.9724149499077448,0,0.0,0.0,0.0,0.0,0.0,
20/05/2019,2840.22998,2853.860107,2831.290039,2841.939941,3293750000,16.309999465942383,97.93000030517578,2.21,2.4159998893737793,0.20599988937377933,1.001503890167976,0,0.0,0.0,0.0,0.0,0.0,
21/05/2019,2864.360107,2868.879883,2854.02002,2854.02002,3223050000,14.949999809265137,98.05999755859375,2.26,2.4260001182556152,0.16600011825561545,0.987925609098951,0,0.0,0.0,0.0,0.0,0.0,
22/05/2019,2856.27002,2865.469971,2851.110107,2856.060059,3194000000,14.75,98.11000061035156,2.23,2.3929998874664307,0.16299988746643068,0.9758446372234928,0,0.0,0.0,0.0,0.0,0.0,
23/05/2019,2822.23999,2836.699951,2805.48999,2836.699951,3899320000,16.920000076293945,97.8499984741211,2.12,2.2960000038146973,0.17600000381469716,1.151861969873852,0,0.0,0.0,0.0,0.0,0.0,
24/05/2019,2826.060059,2841.360107,2820.189941,2832.409912,2889230000,15.850000381469727,97.61000061035156,2.16,2.3239998817443848,0.16399988174438462,0.8755587341319506,0,0.0,0.0,0.0,0.0,0.0,
28/05/2019,2802.389893,2840.51001,2801.580078,2830.030029,4146980000,17.5,97.95999908447266,2.12,2.2679998874664307,0.14799988746643056,1.1949174128573388,0,0.0,0.0,0.0,0.0,0.0,
29/05/2019,2783.02002,2792.030029,2766.060059,2790.25,3701110000,17.899999618530273,98.13999938964844,2.09,2.2360000610351562,0.1460000610351564,1.0378511371437031,0,0.0,0.0,0.0,0.0,0.0,
30/05/2019,2788.860107,2799.0,2776.73999,2786.939941,3276030000,17.299999237060547,98.13999938964844,2.06,2.2269999980926514,0.16699999809265131,0.9144449152471408,0,0.0,0.0,0.0,0.0,0.0,
31/05/2019,2752.060059,2768.97998,2750.52002,2766.149902,3982670000,18.709999084472656,97.75,1.95,2.1419999599456787,0.19199995994567876,1.1065418909292166,0,0.0,0.0,0.0,0.0,0.0,
03/06/2019,2744.449951,2763.070068,2728.810059,2751.530029,3952360000,18.860000610351562,97.13999938964844,1.82,2.0810000896453857,0.2610000896453857,1.0368668067568596,0,0.0,0.0,0.0,0.0,0.0,
04/06/2019,2803.27002,2804.48999,2762.639893,2762.639893,3814130000,16.969999313354492,97.06999969482422,1.88,2.11899995803833,0.23899995803833018,1.0183885764940217,0,0.0,0.0,0.0,0.0,0.0,
05/06/2019,2826.149902,2827.280029,2800.919922,2818.090088,3570760000,16.09000015258789,97.37000274658203,1.83,2.122999906539917,0.2929999065399169,0.9600907724531416,0,0.0,0.0,0.0,0.0,0.0,
06/06/2019,2843.48999,2852.100098,2822.449951,2828.51001,3445140000,15.930000305175781,97.02999877929688,1.88,2.124000072479248,0.24400007247924815,0.9179666891552704,0,0.0,0.0,0.0,0.0,0.0,
07/06/2019,2873.340088,2884.969971,2852.870117,2852.870117,3244380000,16.299999237060547,96.61000061035156,1.85,2.0840001106262207,0.23400011062622061,0.899878347590833,0,0.0,0.0,0.0,0.0,0.0,
10/06/2019,2886.72998,2904.77002,2885.51001,2885.830078,3209890000,15.9399995803833,96.76000213623047,1.9,2.1429998874664307,0.24299988746643075,0.9285565513211412,0,0.0,0.0,0.0,0.0,0.0,
11/06/2019,2885.719971,2910.610107,2878.530029,2903.27002,3551000000,15.989999771118164,96.69000244140625,1.93,2.140000104904175,0.21000010490417487,1.0431127824938005,0,0.0,0.0,0.0,0.0,0.0,
12/06/2019,2879.840088,2888.570068,2874.679932,2882.72998,3039870000,15.90999984741211,97.0,1.88,2.127000093460083,0.24700009346008311,0.921715701613314,0,0.0,0.0,0.0,0.0,0.0,
13/06/2019,2891.639893,2895.23999,2881.98999,2886.23999,3100640000,15.819999694824219,97.01000213623047,1.83,2.0910000801086426,0.2610000801086425,0.9602013653103164,0,0.0,0.0,0.0,0.0,0.0,
14/06/2019,2886.97998,2894.449951,2879.620117,2886.820068,2992810000,15.279999732971191,97.56999969482422,1.84,2.0929999351501465,0.2529999351501464,0.9414780602496128,0,0.0,0.0,0.0,0.0,0.0,
17/06/2019,2889.669922,2897.27002,2887.300049,2889.75,2828400000,15.350000381469727,97.55999755859375,1.86,2.0859999656677246,0.2259999656677245,0.9116389646689942,0,0.0,0.0,0.0,0.0,0.0,
18/06/2019,2917.75,2930.790039,2905.439941,2906.709961,3441540000,15.149999618530273,97.63999938964844,1.86,2.059999942779541,0.19999994277954092,1.1171466299991042,0,0.0,0.0,0.0,0.0,0.0,
19/06/2019,2926.459961,2931.73999,2911.429932,2920.550049,3300220000,14.329999923706055,97.12000274658203,1.74,2.0290000438690186,0.28900004386901856,1.0534672403105032,0,0.0,0.0,0.0,0.0,0.0,
20/06/2019,2954.179932,2958.060059,2931.5,2949.600098,3943060000,14.75,96.62999725341797,1.72,2.000999927520752,0.280999927520752,1.1944301567366593,0,0.0,0.0,0.0,0.0,0.0,
21/06/2019,2950.459961,2964.149902,2946.870117,2952.709961,5003540000,15.399999618530273,96.22000122070312,1.77,2.068000078201294,0.2980000782012939,1.351084098946036,0,0.0,0.0,0.0,0.0,0.0,
24/06/2019,2945.350098,2954.919922,2944.050049,2951.419922,3136960000,15.260000228881836,95.9800033569336,1.72,2.0209999084472656,0.30099990844726565,0.8331757441573371,0,0.0,0.0,0.0,0.0,0.0,
25/06/2019,2917.379883,2946.52002,2916.01001,2945.780029,3579430000,16.280000686645508,96.16000366210938,1.71,1.99399995803833,0.2839999580383301,0.943782724549272,0,0.0,0.0,0.0,0.0,0.0,
26/06/2019,2913.780029,2932.590088,2912.98999,2926.070068,3511350000,16.209999084472656,96.20999908447266,1.77,2.0490000247955322,0.2790000247955322,0.9156377742336894,0,0.0,0.0,0.0,0.0,0.0,
27/06/2019,2924.919922,2929.300049,2918.570068,2919.659912,3162500000,15.819999694824219,96.19000244140625,1.74,2.005000114440918,0.265000114440918,0.859665604351036,0,0.0,0.0,0.0,0.0,0.0,
28/06/2019,2941.76001,2943.97998,2929.050049,2932.939941,5422650000,15.079999923706055,96.12999725341797,1.75,2.0,0.25,1.4412060029054548,0,0.0,0.0,0.0,0.0,0.0,
01/07/2019,2964.330078,2977.929932,2952.219971,2971.409912,3524860000,14.0600004196167,96.83999633789062,1.78,2.0339999198913574,0.2539999198913574,0.9178945241315593,0,0.0,0.0,0.0,0.0,0.0,
02/07/2019,2973.01001,2973.209961,2955.919922,2964.659912,3224490000,12.930000305175781,96.7300033569336,1.77,1.9759999513626099,0.20599995136260985,0.8554907313811794,0,0.0,0.0,0.0,0.0,0.0,
03/07/2019,2995.820068,2995.840088,2977.959961,2978.080078,1963570000,12.569999694824219,96.7699966430664,1.77,1.9529999494552612,0.1829999494552612,0.5675690987491668,0,0.0,0.0,0.0,0.0,0.0,
05/07/2019,2990.409912,2994.030029,2967.969971,2984.25,2434680000,13.279999732971191,97.25,1.87,2.0480000972747803,0.17800009727478017,0.7346539732351655,0,0.0,0.0,0.0,0.0,0.0,
08/07/2019,2975.949951,2980.76001,2970.090088,2979.77002,2922360000,13.960000038146973,97.37999725341797,1.88,2.0339999198913574,0.15399991989135753,1.038510415097129,0,0.0,0.0,0.0,0.0,0.0,
09/07/2019,2979.629883,2981.899902,2963.439941,2965.52002,3033330000,14.09000015258789,97.48999786376953,1.92,2.053999900817871,0.13399990081787116,1.116966394494798,0,0.0,0.0,0.0,0.0,0.0,
10/07/2019,2993.070068,3002.97998,2984.620117,2989.300049,3157800000,13.029999732971191,97.0999984741211,1.82,2.061000108718872,0.241000108718872,1.168539359105489,0,0.0,0.0,0.0,0.0,0.0,
11/07/2019,2999.909912,3002.330078,2988.800049,2999.620117,3155710000,12.930000305175781,97.05000305175781,1.85,2.119999885559082,0.26999988555908194,1.073087511595579,0,0.0,0.0,0.0,0.0,0.0,
12/07/2019,3013.77002,3013.919922,3001.870117,3003.360107,2984140000,12.390000343322754,96.80999755859375,1.84,2.1059999465942383,0.2659999465942382,0.9781923172236376,0,0.0,0.0,0.0,0.0,0.0,
15/07/2019,3014.300049,3017.800049,3008.77002,3017.800049,2876100000,12.680000305175781,96.93000030517578,1.83,2.0920000076293945,0.26200000762939446,0.9456450548034204,0,0.0,0.0,0.0,0.0,0.0,
16/07/2019,3004.040039,3015.02002,3001.149902,3012.129883,3297030000,12.859999656677246,97.4000015258789,1.87,2.121999979019165,0.25199997901916493,1.0655668298560257,0,0.0,0.0,0.0,0.0,0.0,
17/07/2019,2984.419922,3005.26001,2984.25,3005.100098,3185650000,13.970000267028809,97.22000122070312,1.83,2.061000108718872,0.231000108718872,1.027719869433621,0,0.0,0.0,0.0,0.0,0.0,
18/07/2019,2995.110107,2998.280029,2973.090088,2978.870117,3369820000,13.529999732971191,96.79000091552734,1.77,2.0380001068115234,0.2680001068115234,1.0723209319316682,0,0.0,0.0,0.0,0.0,0.0,
19/07/2019,2976.610107,3006.02002,2975.860107,3004.26001,3285890000,14.449999809265137,97.1500015258789,1.8,2.0480000972747803,0.24800009727478023,1.0259115338671416,0,0.0,0.0,0.0,0.0,0.0,
22/07/2019,2985.030029,2990.709961,2976.649902,2981.929932,3016200000,13.529999732971191,97.26000213623047,1.8,2.0429999828338623,0.24299998283386226,0.9335427268658628,0,0.0,0.0,0.0,0.0,0.0,
23/07/2019,3005.469971,3005.899902,2988.560059,2994.73999,3333810000,12.609999656677246,97.70999908447266,1.83,2.0739998817443848,0.2439998817443847,1.0295021360144323,0,0.0,0.0,0.0,0.0,0.0,
24/07/2019,3019.560059,3019.590088,2996.820068,2998.77002,3433220000,12.069999694824219,97.7300033569336,1.83,2.049999952316284,0.2199999523162841,1.0442339956225888,0,0.0,0.0,0.0,0.0,0.0,
25/07/2019,3003.669922,3016.310059,2997.23999,3016.26001,3657050000,12.739999771118164,97.81999969482422,1.86,2.0739998817443848,0.21399988174438467,1.0932120144659536,0,0.0,0.0,0.0,0.0,0.0,
26/07/2019,3025.860107,3027.97998,3012.590088,3013.25,3260170000,12.15999984741211,98.01000213623047,1.86,2.0810000896453857,0.22100008964538564,0.9760725010403912,0,0.0,0.0,0.0,0.0,0.0,
29/07/2019,3020.969971,3025.610107,3014.300049,3024.469971,3224490000,12.829999923706055,98.04000091552734,1.85,2.055000066757202,0.20500006675720206,0.9534980134533976,0,0.0,0.0,0.0,0.0,0.0,
30/07/2019,3013.179932,3017.189941,3000.939941,3007.659912,3632770000,13.9399995803833,98.05000305175781,1.85,2.061000108718872,0.21100010871887198,1.0555652411420469,0,0.0,0.0,0.0,0.0,0.0,
31/07/2019,2980.379883,3017.399902,2958.080078,3016.219971,4626330000,16.1200008392334,98.5199966430664,1.89,2.0209999084472656,0.13099990844726572,1.2570995515958263,0,0.0,0.0,0.0,0.0,0.0,
01/08/2019,2953.560059,3013.590088,2945.22998,2980.320068,4793810000,17.8700008392334,98.38999938964844,1.73,1.8940000534057617,0.16400005340576174,1.2268183812009374,0,0.0,0.0,0.0,0.0,0.0,
02/08/2019,2932.050049,2945.5,2914.110107,2943.899902,3882810000,17.610000610351562,98.0999984741211,1.72,1.8550000190734863,0.13500001907348635,0.962988480774754,0,0.0,0.0,0.0,0.0,0.0,
05/08/2019,2844.73999,2898.070068,2822.120117,2898.070068,4542850000,24.59000015258789,97.5,1.59,1.7350000143051147,0.14500001430511467,1.0575308318943022,0,0.0,0.0,0.0,0.0,0.0,
06/08/2019,2881.77002,2884.399902,2847.419922,2861.179932,4156640000,20.170000076293945,97.62999725341797,1.6,1.7389999628067017,0.13899996280670157,0.944586145900182,0,0.0,0.0,0.0,0.0,0.0,
07/08/2019,2883.97998,2892.169922,2825.709961,2858.649902,4512720000,19.489999771118164,97.54000091552734,1.59,1.684000015258789,0.09400001525878898,1.0308271387735206,0,0.0,0.0,0.0,0.0,0.0,
08/08/2019,2938.090088,2938.719971,2894.469971,2896.209961,4118530000,16.90999984741211,97.62000274658203,1.62,1.715999960899353,0.09599996089935292,0.9707309714781356,0,0.0,0.0,0.0,0.0,0.0,
09/08/2019,2918.649902,2935.75,2900.149902,2930.51001,3356850000,17.969999313354492,97.48999786376953,1.63,1.7339999675750732,0.10399996757507335,0.8113197332313721,0,0.0,0.0,0.0,0.0,0.0,
12/08/2019,2882.699951,2907.580078,2873.139893,2907.070068,3328570000,21.09000015258789,97.37999725341797,1.58,1.6390000581741333,0.05900005817413323,0.8546492609628256,0,0.0,0.0,0.0,0.0,0.0,
13/08/2019,2926.320068,2943.310059,2877.050049,2880.719971,3857190000,17.520000457763672,97.80999755859375,1.66,1.6799999475479126,0.019999947547912678,1.005845979891373,0,0.0,0.0,0.0,0.0,0.0,
14/08/2019,2840.600098,2894.149902,2839.639893,2894.149902,4325150000,22.100000381469727,97.98999786376953,1.58,1.5809999704360962,0.0009999704360961204,1.1390192607402498,0,0.0,0.0,0.0,0.0,0.0,
15/08/2019,2847.600098,2856.669922,2825.51001,2846.199951,4041720000,21.18000030517578,98.13999938964844,1.48,1.5290000438690186,0.04900004386901857,1.0687020478617075,0,0.0,0.0,0.0,0.0,0.0,
16/08/2019,2888.679932,2893.629883,2864.73999,2864.73999,3524080000,18.469999313354492,98.13999938964844,1.48,1.5390000343322754,0.05900003433227541,0.9236603166898276,0,0.0,0.0,0.0,0.0,0.0,
19/08/2019,2923.649902,2931.0,2913.47998,2913.47998,3221050000,16.8799991607666,98.3499984741211,1.53,1.5980000495910645,0.06800004959106443,0.8490214922197521,0,0.0,0.0,0.0,0.0,0.0,
20/08/2019,2900.51001,2923.629883,2899.600098,2919.01001,3067710000,17.5,98.19000244140625,1.5,1.5609999895095825,0.06099998950958252,0.843718079111273,0,0.0,0.0,0.0,0.0,0.0,
21/08/2019,2924.429932,2928.72998,2917.909912,2922.040039,3016540000,15.800000190734863,98.30000305175781,1.56,1.5770000219345093,0.017000021934509224,0.8939962420944693,0,0.0,0.0,0.0,0.0,0.0,
22/08/2019,2922.949951,2939.080078,2904.51001,2930.939941,2893660000,16.68000030517578,98.16999816894531,1.61,1.6100000143051147,1.4305114648394124e-08,0.9201973664126022,0,0.0,0.0,0.0,0.0,0.0,
23/08/2019,2847.110107,2927.01001,2834.969971,2911.070068,3942520000,19.8700008392334,97.63999938964844,1.51,1.527999997138977,0.017999997138977042,1.2212386968233395,0,0.0,0.0,0.0,0.0,0.0,
26/08/2019,2878.379883,2879.27002,2856.0,2866.699951,2859790000,19.31999969482422,98.08000183105469,1.54,1.5449999570846558,0.004999957084655726,0.9061312199703172,0,0.0,0.0,0.0,0.0,0.0,
27/08/2019,2869.159912,2898.790039,2860.590088,2893.139893,3537490000,20.309999465942383,98.0,1.53,1.4900000095367432,-0.03999999046325686,1.0884584615384616,0,0.0,0.0,0.0,0.0,0.0,
28/08/2019,2887.939941,2890.030029,2853.050049,2861.280029,3102480000,19.350000381469727,98.20999908447266,1.5,1.465999960899353,-0.03400003910064697,0.9495872291401658,0,0.0,0.0,0.0,0.0,0.0,
29/08/2019,2924.580078,2930.5,2905.669922,2910.370117,3177150000,17.8799991607666,98.51000213623047,1.53,1.5160000324249268,-0.013999967575073269,0.955854081638179,0,0.0,0.0,0.0,0.0,0.0,
30/08/2019,2926.459961,2940.429932,2913.320068,2937.090088,3009910000,18.979999542236328,98.91999816894531,1.5,1.50600004196167,0.006000041961669922,0.9593754502187186,0,0.0,0.0,0.0,0.0,0.0,
03/09/2019,2906.27002,2914.389893,2891.850098,2909.01001,3427830000,19.65999984741211,98.94999694824219,1.47,1.465999960899353,-0.004000039100646946,1.0544015758979162,0,0.0,0.0,0.0,0.0,0.0,
04/09/2019,2937.780029,2938.840088,2921.860107,2924.669922,3167900000,17.329999923706055,98.44999694824219,1.43,1.4589999914169312,0.028999991416931215,0.9971187143813104,0,0.0,0.0,0.0,0.0,0.0,
05/09/2019,2976.0,2985.860107,2960.600098,2960.600098,3902600000,16.270000457763672,98.41000366210938,1.55,1.565000057220459,0.01500005722045894,1.1694662216466023,0,0.0,0.0,0.0,0.0,0.0,
06/09/2019,2978.709961,2985.030029,2972.51001,2980.330078,3209340000,15.0,98.38999938964844,1.53,1.5499999523162842,0.019999952316284153,0.9598697897662222,0,0.0,0.0,0.0,0.0,0.0,
09/09/2019,2978.429932,2989.429932,2969.389893,2988.429932,4031120000,15.270000457763672,98.27999877929688,1.58,1.621999979019165,0.04199997901916497,1.136244354885536,0,0.0,0.0,0.0,0.0,0.0,
10/09/2019,2979.389893,2979.389893,2957.01001,2971.01001,4393040000,15.199999809265137,98.33000183105469,1.67,1.7020000219345093,0.03200002193450935,1.1743584260051323,0,0.0,0.0,0.0,0.0,0.0,
11/09/2019,3000.929932,3000.929932,2975.310059,2981.409912,3934370000,14.609999656677246,98.6500015258789,1.68,1.7330000400543213,0.05300004005432135,1.010342842263181,0,0.0,0.0,0.0,0.0,0.0,
12/09/2019,3009.570068,3020.73999,3000.919922,3009.080078,3796990000,14.220000267028809,98.30999755859375,1.72,1.7910000085830688,0.07100000858306887,0.9803814744852274,0,0.0,0.0,0.0,0.0,0.0,
13/09/2019,3007.389893,3017.330078,3002.899902,3012.209961,3557010000,13.739999771118164,98.26000213623047,1.79,1.902999997138977,0.11299999713897702,0.9022205673244378,0,0.0,0.0,0.0,0.0,0.0,
16/09/2019,2997.959961,3002.189941,2990.669922,2996.409912,4285860000,14.670000076293945,98.6500015258789,1.74,1.840999960899353,0.10099996089935304,1.0732213267011463,0,0.0,0.0,0.0,0.0,0.0,
17/09/2019,3005.699951,3006.209961,2993.72998,2995.669922,3673250000,14.4399995803833,98.26000213623047,1.72,1.812000036239624,0.09200003623962405,0.9542158246170408,0,0.0,0.0,0.0,0.0,0.0,
18/09/2019,3006.72998,3007.830078,2978.570068,3001.5,3458800000,13.949999809265137,98.5999984741211,1.77,1.7860000133514404,0.016000013351440412,0.921270131808644,0,0.0,0.0,0.0,0.0,0.0,
19/09/2019,3006.790039,3021.98999,3003.159912,3010.360107,3265660000,14.050000190734863,98.2699966430664,1.74,1.7740000486373901,0.034000048637390146,0.8951634213385758,0,0.0,0.0,0.0,0.0,0.0,
20/09/2019,2992.070068,3016.370117,2984.679932,3008.419922,6103440000,15.319999694824219,98.51000213623047,1.69,1.7549999952316284,0.06499999523162847,1.468089927315184,0,0.0,0.0,0.0,0.0,0.0,
23/09/2019,2991.780029,2999.149902,2982.22998,2983.5,3187250000,14.90999984741211,98.5999984741211,1.68,1.7079999446868896,0.02799994468688971,0.8094233152516203,0,0.0,0.0,0.0,0.0,0.0,
24/09/2019,2966.600098,3007.97998,2957.72998,3002.429932,3872800000,17.049999237060547,98.33999633789062,1.6,1.6349999904632568,0.03499999046325675,0.9736549015861364,0,0.0,0.0,0.0,0.0,0.0,
25/09/2019,2984.870117,2989.820068,2952.860107,2968.350098,3331200000,15.960000038146973,99.04000091552734,1.68,1.7319999933242798,0.05199999332427985,0.8429000498472952,0,0.0,0.0,0.0,0.0,0.0,
26/09/2019,2977.620117,2987.280029,2963.709961,2985.72998,3084910000,16.06999969482422,99.20999908447266,1.66,1.684999942779541,0.024999942779541096,0.7877867780751394,0,0.0,0.0,0.0,0.0,0.0,
27/09/2019,2961.790039,2987.310059,2945.530029,2985.469971,3246480000,17.219999313354492,99.11000061035156,1.63,1.6749999523162842,0.044999952316284286,0.9706840546707936,0,0.0,0.0,0.0,0.0,0.0,
30/09/2019,2976.73999,2983.850098,2967.070068,2967.070068,3249130000,16.239999771118164,99.37999725341797,1.63,1.6749999523162842,0.044999952316284286,0.967894822133728,0,0.0,0.0,0.0,0.0,0.0,
01/10/2019,2940.25,2992.530029,2938.699951,2983.689941,3560750000,18.559999465942383,99.12999725341797,1.56,1.6440000534057617,0.08400005340576167,1.0808184807742858,0,0.0,0.0,0.0,0.0,0.0,
02/10/2019,2887.610107,2924.780029,2874.929932,2924.780029,3914180000,20.559999465942383,99.04000091552734,1.48,1.5959999561309814,0.11599995613098146,1.1474865805358403,0,0.0,0.0,0.0,0.0,0.0,
03/10/2019,2910.629883,2911.129883,2855.939941,2885.379883,3515130000,19.1200008392334,98.86000061035156,1.39,1.5360000133514404,0.14600001335144053,1.0051459280656674,0,0.0,0.0,0.0,0.0,0.0,
04/10/2019,2952.01001,2953.73999,2918.560059,2918.560059,3005600000,17.040000915527344,98.80999755859375,1.4,1.5149999856948853,0.11499998569488534,0.87145160944262,0,0.0,0.0,0.0,0.0,0.0,
07/10/2019,2938.790039,2959.75,2935.679932,2944.22998,2959050000,17.860000610351562,98.98999786376953,1.46,1.5529999732971191,0.09299997329711918,0.8726336221616294,0,0.0,0.0,0.0,0.0,0.0,
08/10/2019,2893.060059,2925.469971,2892.659912,2920.399902,3370700000,20.280000686645508,99.13999938964844,1.42,1.5369999408721924,0.11699994087219245,1.0052992425733656,0,0.0,0.0,0.0,0.0,0.0,
09/10/2019,2919.399902,2929.320068,2907.409912,2911.100098,2735350000,18.639999389648438,99.12000274658203,1.47,1.5889999866485596,0.1189999866485596,0.8775118168233581,0,0.0,0.0,0.0,0.0,0.0,
10/10/2019,2938.129883,2948.459961,2917.120117,2918.550049,3234400000,17.56999969482422,98.70999908447266,1.53,1.6579999923706055,0.12799999237060544,1.056641250302187,0,0.0,0.0,0.0,0.0,0.0,
11/10/2019,2970.27002,2993.280029,2963.070068,2963.070068,3581320000,15.579999923706055,98.30000305175781,1.63,1.7519999742507935,0.12199997425079356,1.1275614231506936,0,0.0,0.0,0.0,0.0,0.0,
14/10/2019,2966.149902,2972.840088,2962.939941,2965.810059,2559270000,14.569999694824219,98.44999694824219,1.63,1.7330000400543213,0.12199997425079356,0.8265820642540811,0,0.0,0.0,0.0,0.0,0.0,
15/10/2019,2995.679932,3003.280029,2973.610107,2973.610107,3345090000,13.539999961853027,98.29000091552734,1.61,1.7710000276565552,0.16100002765655508,1.0821730615065386,0,0.0,0.0,0.0,0.0,0.0,
16/10/2019,2989.689941,2997.540039,2985.199951,2989.679932,3230320000,13.680000305175781,98.01000213623047,1.58,1.7480000257492065,0.16800002574920647,1.0126141037215368,0,0.0,0.0,0.0,0.0,0.0,
17/10/2019,2997.949951,3008.290039,2991.790039,3000.77002,3103470000,13.789999961853027,97.61000061035156,1.6,1.7569999694824219,0.1569999694824218,0.9809020150485446,0,0.0,0.0,0.0,0.0,0.0,
18/10/2019,2986.199951,3000.0,2976.310059,2996.840088,3268970000,14.25,97.27999877929688,1.58,1.746999979019165,0.16699997901916497,1.0540222813778446,0,0.0,0.0,0.0,0.0,0.0,
21/10/2019,3006.719971,3007.330078,2995.350098,2996.47998,3271960000,14.0,97.33000183105469,1.62,1.7920000553131104,0.17200005531311024,1.0086308039366676,0,0.0,0.0,0.0,0.0,0.0,
22/10/2019,2995.98999,3014.570068,2995.040039,3010.72998,3527540000,14.460000038146973,97.52999877929688,1.6,1.7680000066757202,0.16800000667572013,1.075321327670699,0,0.0,0.0,0.0,0.0,0.0,
23/10/2019,3004.52002,3004.780029,2991.209961,2994.01001,3413600000,14.010000228881836,97.47000122070312,1.58,1.7589999437332153,0.17899994373321526,1.029089194563457,0,0.0,0.0,0.0,0.0,0.0,
24/10/2019,3010.290039,3016.070068,3000.419922,3014.780029,3696510000,13.710000038146973,97.62999725341797,1.58,1.7660000324249268,0.1860000324249267,1.0759067396723128,0,0.0,0.0,0.0,0.0,0.0,
25/10/2019,3022.550049,3027.389893,3001.939941,3003.320068,3379060000,12.649999618530273,97.83000183105469,1.63,1.8009999990463257,0.1709999990463258,0.9772469484350156,0,0.0,0.0,0.0,0.0,0.0,
28/10/2019,3039.419922,3044.080078,3032.120117,3032.120117,3524970000,13.109999656677246,97.76000213623047,1.64,1.8530000448226929,0.21300004482269297,1.00474127905651,0,0.0,0.0,0.0,0.0,0.0,
29/10/2019,3036.889893,3047.870117,3034.810059,3035.389893,3594430000,13.199999809265137,97.69000244140625,1.64,1.8350000381469727,0.19500003814697275,1.0206479004257587,0,0.0,0.0,0.0,0.0,0.0,
30/10/2019,3046.77002,3050.100098,3025.959961,3039.73999,3779660000,12.329999923706055,97.6500015258789,1.61,1.7979999780654907,0.18799997806549062,1.0513874277245203,0,0.0,0.0,0.0,0.0,0.0,
31/10/2019,3037.560059,3046.899902,3023.189941,3046.899902,4149310000,13.220000267028809,97.3499984741211,1.52,1.690999984741211,0.17099998474121092,1.1258515159194744,0,0.0,0.0,0.0,0.0,0.0,
01/11/2019,3066.909912,3066.949951,3050.719971,3050.719971,3956290000,12.300000190734863,97.23999786376953,1.56,1.7280000448226929,0.16800004482269282,1.0408736594077452,0,0.0,0.0,0.0,0.0,0.0,
04/11/2019,3078.27002,3085.199951,3074.870117,3078.959961,4178040000,12.829999923706055,97.51000213623047,1.6,1.7860000133514404,0.18600001335144034,1.0626964557962697,0,0.0,0.0,0.0,0.0,0.0,
05/11/2019,3074.620117,3083.949951,3072.149902,3080.800049,4490590000,13.100000381469727,97.9800033569336,1.63,1.8660000562667847,0.23600005626678477,1.0923941891291624,0,0.0,0.0,0.0,0.0,0.0,
06/11/2019,3076.780029,3078.340088,3065.889893,3075.100098,4465510000,12.619999885559082,97.94999694824219,1.61,1.8140000104904175,0.20400001049041738,1.0512157870105754,0,0.0,0.0,0.0,0.0,0.0,
07/11/2019,3085.179932,3097.77002,3080.22998,3087.02002,4151990000,12.729999542236328,98.13999938964844,1.68,1.9259999990463257,0.24599999904632575,0.9772874277036232,0,0.0,0.0,0.0,0.0,0.0,
08/11/2019,3093.080078,3093.090088,3073.580078,3081.25,3508160000,12.069999694824219,98.3499984741211,1.68,1.9329999685287476,0.2529999685287476,0.8435392600564866,0,0.0,0.0,0.0,0.0,0.0,
11/11/2019,3087.01001,3088.330078,3075.820068,3080.330078,3041120000,12.6899995803833,98.19999694824219,1.68,1.9429999589920044,0.2529999685287476,0.7735317593350484,0,0.0,0.0,0.0,0.0,0.0,
12/11/2019,3091.840088,3102.610107,3084.72998,3089.280029,3495560000,12.680000305175781,98.30999755859375,1.66,1.909000039100647,0.24900003910064705,0.9365277880480154,0,0.0,0.0,0.0,0.0,0.0,
13/11/2019,3094.040039,3098.060059,3078.800049,3084.179932,3513720000,13.0,98.37000274658203,1.63,1.8700000047683716,0.2400000047683717,0.991985003289,0,0.0,0.0,0.0,0.0,0.0,
14/11/2019,3096.629883,3098.199951,3083.26001,3090.75,3282090000,13.050000190734863,98.16000366210938,1.58,1.815000057220459,0.2350000572204589,0.974454667723633,0,0.0,0.0,0.0,0.0,0.0,
15/11/2019,3120.459961,3120.459961,3104.600098,3107.919922,3359800000,12.050000190734863,98.0,1.61,1.8339999914169312,0.22399999141693105,1.0063927717527077,0,0.0,0.0,0.0,0.0,0.0,
18/11/2019,3122.030029,3124.169922,3112.060059,3117.909912,3440140000,12.460000038146973,97.79000091552734,1.6,1.8079999685287476,0.20799996852874747,1.0064003285880367,0,0.0,0.0,0.0,0.0,0.0,
19/11/2019,3120.179932,3127.639893,3113.469971,3127.449951,3613670000,12.859999656677246,97.86000061035156,1.6,1.7860000133514404,0.18600001335144034,1.0499104560176926,0,0.0,0.0,0.0,0.0,0.0,
20/11/2019,3108.459961,3118.969971,3091.409912,3114.659912,4041010000,12.779999732971191,97.93000030517578,1.56,1.7380000352859497,0.17800003528594965,1.139165606248284,0,0.0,0.0,0.0,0.0,0.0,
21/11/2019,3103.540039,3110.110107,3094.550049,3108.48999,3744010000,13.130000114440918,97.98999786376953,1.6,1.7719999551773071,0.17199995517730704,1.028651607291318,0,0.0,0.0,0.0,0.0,0.0,
22/11/2019,3110.290039,3112.870117,3099.26001,3111.409912,3235270000,12.34000015258789,98.2699966430664,1.61,1.7740000486373901,0.16400004863739004,0.8950016874975794,0,0.0,0.0,0.0,0.0,0.0,
25/11/2019,3133.639893,3133.830078,3117.439941,3117.439941,3514310000,11.869999885559082,98.31999969482422,1.61,1.7640000581741333,0.1540000581741332,0.9682217643885616,0,0.0,0.0,0.0,0.0,0.0,
26/11/2019,3140.52002,3142.689941,3131.0,3134.850098,4600450000,11.539999961853027,98.25,1.58,1.7400000095367432,0.1600000095367431,1.2021003342034644,0,0.0,0.0,0.0,0.0,0.0,
27/11/2019,3153.629883,3154.26001,3143.409912,3145.48999,3035470000,11.75,98.41000366210938,1.63,1.7669999599456787,0.13699995994567882,0.8371627253025592,0,0.0,0.0,0.0,0.0,0.0,
29/11/2019,3140.97998,3150.300049,3139.340088,3147.179932,1743420000,12.619999885559082,98.2699966430664,1.61,1.7760000228881836,0.1660000228881835,0.540463961629173,0,0.0,0.0,0.0,0.0,0.0,
02/12/2019,3113.870117,3144.310059,3110.780029,3143.850098,3285750000,14.90999984741211,97.86000061035156,1.61,1.8359999656677246,0.2259999656677245,1.0154115727406454,0,0.0,0.0,0.0,0.0,0.0,
03/12/2019,3093.199951,3094.969971,3070.330078,3087.409912,3671580000,15.960000038146973,97.73999786376953,1.53,1.7089999914169312,0.17899999141693113,1.123723500566517,0,0.0,0.0,0.0,0.0,0.0,
04/12/2019,3112.76001,3119.379883,3102.530029,3103.5,3702980000,14.800000190734863,97.6500015258789,1.58,1.781000018119812,0.20100001811981194,1.1992136898284884,0,0.0,0.0,0.0,0.0,0.0,
05/12/2019,3117.429932,3119.449951,3103.76001,3119.209961,3360480000,14.520000457763672,97.41000366210938,1.58,1.7970000505447388,0.2170000505447387,1.0658574073803888,0,0.0,0.0,0.0,0.0,0.0,
06/12/2019,3145.909912,3150.600098,3134.620117,3134.620117,3483310000,13.619999885559082,97.69999694824219,1.61,1.8420000076293945,0.23200000762939443,0.9949983146805604,0,0.0,0.0,0.0,0.0,0.0,
09/12/2019,3135.959961,3148.870117,3135.459961,3141.860107,3400470000,15.859999656677246,97.63999938964844,1.63,1.8289999961853027,0.19899999618530284,0.9650107101383634,0,0.0,0.0,0.0,0.0,0.0,
10/12/2019,3132.52002,3142.120117,3126.090088,3135.360107,3346310000,15.680000305175781,97.41000366210938,1.65,1.8329999446868896,0.18299994468688974,0.9675023346854752,0,0.0,0.0,0.0,0.0,0.0,
11/12/2019,3141.629883,3143.97998,3133.209961,3135.75,3257650000,14.989999771118164,97.16000366210938,1.61,1.7899999618530273,0.17999996185302725,0.9667638480504172,0,0.0,0.0,0.0,0.0,0.0,
12/12/2019,3168.570068,3176.280029,3138.469971,3141.22998,4003200000,13.9399995803833,97.4000015258789,1.66,1.8969999551773071,0.2369999551773072,1.1443638821012478,0,0.0,0.0,0.0,0.0,0.0,
13/12/2019,3168.800049,3182.679932,3156.51001,3166.649902,3757650000,12.630000114440918,97.16999816894531,1.61,1.819000005722046,0.2090000057220458,1.0575825430277486,0,0.0,0.0,0.0,0.0,0.0,
16/12/2019,3191.449951,3197.709961,3183.629883,3183.629883,4070200000,12.140000343322754,97.06999969482422,1.65,1.8919999599456787,0.2419999599456788,1.1039321378182056,0,0.0,0.0,0.0,0.0,0.0,
17/12/2019,3192.52002,3198.219971,3191.030029,3195.399902,3842940000,12.289999961853027,97.20999908447266,1.63,1.8890000581741333,0.2590000581741334,1.0149516893412298,0,0.0,0.0,0.0,0.0,0.0,
18/12/2019,3191.139893,3198.47998,3191.139893,3195.209961,4029950000,12.579999923706055,97.41000366210938,1.63,1.9240000247955322,0.29400002479553233,1.022625424153748,0,0.0,0.0,0.0,0.0,0.0,
19/12/2019,3205.370117,3205.47998,3192.320068,3192.320068,3784360000,12.5,97.41999816894531,1.62,1.9079999923706055,0.28799999237060536,0.971090730866149,0,0.0,0.0,0.0,0.0,0.0,
20/12/2019,3221.219971,3225.649902,3216.030029,3223.330078,6457480000,12.510000228881836,97.70999908447266,1.63,1.9170000553131104,0.28700005531311046,1.4553753381236725,0,0.0,0.0,0.0,0.0,0.0,
23/12/2019,3224.01001,3227.780029,3222.300049,3226.050049,3064530000,12.609999656677246,97.66000366210938,1.64,1.934999942779541,0.2949999427795411,0.7234742856927012,0,0.0,0.0,0.0,0.0,0.0,
24/12/2019,3223.379883,3226.429932,3220.51001,3225.449951,1296530000,12.670000076293945,97.6500015258789,1.62,1.909999966621399,0.2899999666213988,0.3479151069213781,0,0.0,0.0,0.0,0.0,0.0,
26/12/2019,3239.909912,3240.080078,3227.199951,3227.199951,2164540000,12.649999618530273,97.58999633789062,1.64,1.9049999713897705,0.2649999713897706,0.6454592949192005,0,0.0,0.0,0.0,0.0,0.0,
27/12/2019,3240.02002,3247.929932,3234.370117,3247.22998,2429150000,13.430000305175781,96.91999816894531,1.59,1.8739999532699585,0.2839999532699584,0.7880592230975011,0,0.0,0.0,0.0,0.0,0.0,
30/12/2019,3221.290039,3240.919922,3216.570068,3240.090088,3021720000,14.819999694824219,96.73999786376953,1.58,1.8949999809265137,0.3149999809265136,1.2615236375993928,0,0.0,0.0,0.0,0.0,0.0,
31/12/2019,3230.780029,3231.719971,3212.030029,3215.179932,2894760000,13.779999732971191,96.38999938964844,1.58,1.9190000295639038,0.33900002956390374,1.2258971600870692,0,0.0,0.0,0.0,0.0,0.0,
02/01/2020,3257.850098,3258.139893,3235.530029,3244.669922,3459930000,12.470000267028809,96.8499984741211,1.58,1.8819999694824219,0.3019999694824218,1.2383340133570984,0,0.0,0.0,0.0,0.0,0.0,
03/01/2020,3234.850098,3246.149902,3222.340088,3226.360107,3484700000,14.020000457763672,96.83999633789062,1.53,1.7879999876022339,0.25799998760223386,1.1395162672184775,0,0.0,0.0,0.0,0.0,0.0,
06/01/2020,3246.280029,3246.840088,3214.639893,3217.550049,3702460000,13.850000381469727,96.66999816894531,1.54,1.8109999895095825,0.2709999895095825,1.1176515690759905,0,0.0,0.0,0.0,0.0,0.0,
07/01/2020,3237.179932,3244.909912,3232.429932,3241.860107,3435910000,13.789999961853027,96.9800033569336,1.54,1.8270000219345093,0.28700002193450924,1.0118855490948158,0,0.0,0.0,0.0,0.0,0.0,
08/01/2020,3253.050049,3267.070068,3236.669922,3238.590088,3726840000,13.449999809265137,97.30000305175781,1.58,1.8739999532699585,0.2939999532699584,1.046286771807046,0,0.0,0.0,0.0,0.0,0.0,
09/01/2020,3274.699951,3275.580078,3263.669922,3266.030029,3641230000,12.539999961853027,97.44999694824219,1.58,1.8580000400543213,0.2780000400543212,1.0119508824899368,0,0.0,0.0,0.0,0.0,0.0,
10/01/2020,3265.350098,3282.98999,3260.860107,3281.810059,3214580000,12.5600004196167,97.36000061035156,1.56,1.8250000476837158,0.26500004768371577,0.9069963241393554,0,0.0,0.0,0.0,0.0,0.0,
13/01/2020,3288.129883,3288.129883,3268.429932,3271.129883,3459390000,12.319999694824219,97.3499984741211,1.58,1.8480000495910645,0.2680000495910644,0.9896440944161072,0,0.0,0.0,0.0,0.0,0.0,
14/01/2020,3283.149902,3294.25,3277.189941,3285.350098,3687620000,12.390000343322754,97.37000274658203,1.58,1.8179999589920044,0.23799995899200432,1.03995790105394,0,0.0,0.0,0.0,0.0,0.0,
15/01/2020,3289.290039,3298.659912,3280.689941,3282.27002,3721490000,12.420000076293945,97.2300033569336,1.56,1.7879999876022339,0.22799998760223383,1.049826481256534,0,0.0,0.0,0.0,0.0,0.0,
16/01/2020,3316.810059,3317.110107,3302.820068,3302.969971,3540580000,12.319999694824219,97.31999969482422,1.58,1.809000015258789,0.229000015258789,1.004496228365731,0,0.0,0.0,0.0,0.0,0.0,
17/01/2020,3329.620117,3329.879883,3318.860107,3323.659912,3726220000,12.100000381469727,97.61000061035156,1.58,1.8359999656677246,0.25599996566772454,1.0273389466951195,0,0.0,0.0,0.0,0.0,0.0,
21/01/2020,3320.790039,3329.790039,3316.610107,3321.030029,4104840000,12.850000381469727,97.52999877929688,1.53,1.7690000534057617,0.2390000534057617,1.0928317559202907,0,0.0,0.0,0.0,0.0,0.0,
22/01/2020,3321.75,3337.77002,3320.040039,3330.02002,3623780000,12.90999984741211,97.52999877929688,1.53,1.7690000534057617,0.2390000534057617,0.9680497475277704,0,0.0,0.0,0.0,0.0,0.0,
23/01/2020,3325.540039,3326.879883,3301.870117,3315.77002,3766710000,12.979999542236328,97.69000244140625,1.51,1.7400000095367432,0.23000000953674316,1.0038066040476217,0,0.0,0.0,0.0,0.0,0.0,
24/01/2020,3295.469971,3333.179932,3281.530029,3333.100098,3708780000,14.5600004196167,97.8499984741211,1.49,1.680999994277954,0.1909999942779541,0.979586726697316,0,0.0,0.0,0.0,0.0,0.0,
27/01/2020,3243.629883,3258.850098,3234.5,3247.159912,3831050000,18.229999542236328,97.95999908447266,1.44,1.6050000190734863,0.16500001907348638,1.0063088516198446,0,0.0,0.0,0.0,0.0,0.0,
28/01/2020,3276.23999,3285.780029,3253.219971,3255.350098,3531570000,16.280000686645508,98.0199966430664,1.45,1.6410000324249268,0.1910000324249268,0.9564486626233826,0,0.0,0.0,0.0,0.0,0.0,
29/01/2020,3273.399902,3293.469971,3271.889893,3289.459961,3600250000,16.389999389648438,97.98999786376953,1.42,1.593999981880188,0.17399998188018806,0.976293444753221,0,0.0,0.0,0.0,0.0,0.0,
30/01/2020,3283.659912,3285.909912,3242.800049,3256.449951,3790350000,15.489999771118164,97.87000274658203,1.41,1.5579999685287476,0.14799996852874764,1.0265274618134546,0,0.0,0.0,0.0,0.0,0.0,
31/01/2020,3225.52002,3282.330078,3214.679932,3282.330078,4529700000,18.84000015258789,97.38999938964844,1.33,1.5199999809265137,0.1899999809265136,1.1745368440049535,0,0.0,0.0,0.0,0.0,0.0,
03/02/2020,3248.919922,3268.439941,3235.659912,3235.659912,3760460000,17.969999313354492,97.80000305175781,1.36,1.5199999809265137,0.15999998092651357,0.9786579764141048,0,0.0,0.0,0.0,0.0,0.0,
04/02/2020,3297.590088,3306.919922,3280.610107,3280.610107,3996900000,16.049999237060547,97.95999908447266,1.41,1.6030000448226929,0.19300004482269295,1.015593317498117,0,0.0,0.0,0.0,0.0,0.0,
05/02/2020,3334.689941,3337.580078,3313.75,3324.909912,4121480000,15.149999618530273,98.2699966430664,1.44,1.6490000486373901,0.2090000486373902,1.0202243786663523,0,0.0,0.0,0.0,0.0,0.0,
06/02/2020,3345.780029,3347.959961,3334.389893,3344.919922,3887250000,14.960000038146973,98.5,1.44,1.6440000534057617,0.20400005340576177,0.957649345011946,0,0.0,0.0,0.0,0.0,0.0,
07/02/2020,3327.709961,3341.419922,3322.120117,3335.540039,3733920000,15.470000267028809,98.68000030517578,1.41,1.5779999494552612,0.1679999494552613,0.9574148936333878,0,0.0,0.0,0.0,0.0,0.0,
10/02/2020,3352.090088,3352.26001,3317.77002,3318.280029,3462730000,15.039999961853027,98.83000183105469,1.37,1.5470000505447388,0.17700005054473866,0.9016455337595328,0,0.0,0.0,0.0,0.0,0.0,
11/02/2020,3357.75,3375.629883,3352.719971,3365.870117,3762940000,15.180000305175781,98.72000122070312,1.41,1.590000033378601,0.18000003337860115,0.991901233214117,0,0.0,0.0,0.0,0.0,0.0,
12/02/2020,3379.449951,3381.469971,3369.719971,3370.5,3930910000,13.739999771118164,99.05000305175781,1.44,1.6299999952316284,0.18999999523162847,1.0466935601975742,0,0.0,0.0,0.0,0.0,0.0,
13/02/2020,3373.939941,3385.090088,3360.52002,3365.899902,3500890000,14.149999618530273,99.06999969482422,1.44,1.6169999837875366,0.17699998378753667,0.9517741725883688,0,0.0,0.0,0.0,0.0,0.0,
14/02/2020,3380.159912,3380.689941,3366.149902,3378.080078,3419700000,13.680000305175781,99.12000274658203,1.42,1.5880000591278076,0.1680000591278077,0.9458615480188548,0,0.0,0.0,0.0,0.0,0.0,
18/02/2020,3370.290039,3375.01001,3355.610107,3369.040039,3750400000,14.829999923706055,99.45999908447266,1.41,1.555999994277954,0.14599999427795418,1.0210815885137037,0,0.0,0.0,0.0,0.0,0.0,
19/02/2020,3386.149902,3393.52002,3378.830078,3380.389893,3614200000,14.380000114440918,99.5999984741211,1.42,1.5700000524520874,0.15000005245208747,0.9920345189145864,0,0.0,0.0,0.0,0.0,0.0,
20/02/2020,3373.22998,3389.149902,3341.02002,3380.449951,4019180000,15.5600004196167,99.87000274658203,1.39,1.524999976158142,0.1349999761581422,1.0978744420048328,0,0.0,0.0,0.0,0.0,0.0,
21/02/2020,3337.75,3360.76001,3328.449951,3360.5,3908780000,17.079999923706055,99.26000213623047,1.34,1.4709999561309814,0.13099995613098137,1.0444435893900577,0,0.0,0.0,0.0,0.0,0.0,
24/02/2020,3225.889893,3259.810059,3214.649902,3257.610107,4851160000,25.030000686645508,99.29000091552734,1.26,1.3769999742507935,0.11699997425079345,1.2041370710077384,0,0.0,0.0,0.0,0.0,0.0,
25/02/2020,3128.209961,3246.98999,3118.77002,3238.939941,5596760000,27.850000381469727,98.97000122070312,1.2,1.3300000429153442,0.13000004291534428,1.2725647200919687,0,0.0,0.0,0.0,0.0,0.0,
26/02/2020,3116.389893,3182.51001,3108.98999,3139.899902,5484650000,27.559999465942383,99.0,1.16,1.309999942779541,0.1499999427795411,1.1493143697981565,0,0.0,0.0,0.0,0.0,0.0,
27/02/2020,2978.76001,3097.070068,2977.389893,3062.540039,7064710000,39.15999984741211,98.44000244140625,1.11,1.2990000247955322,0.18900002479553213,1.3128473659837223,0,0.0,0.0,0.0,0.0,0.0,
28/02/2020,2954.219971,2959.719971,2855.840088,2916.899902,8569570000,40.11000061035156,98.12999725341797,0.86,1.1269999742507935,0.26699997425079347,1.357368568609158,0,0.0,0.0,0.0,0.0,0.0,
02/03/2020,3090.22998,3090.959961,2945.189941,2974.280029,6381330000,33.41999816894531,97.36000061035156,0.84,1.0880000591278076,0.24800005912780765,0.9640339220872454,0,0.0,0.0,0.0,0.0,0.0,
03/03/2020,3003.370117,3136.719971,2976.629883,3096.459961,6376510000,36.81999969482422,97.1500015258789,0.71,1.0099999904632568,0.29999999046325687,0.941133112749533,0,0.0,0.0,0.0,0.0,0.0,
04/03/2020,3130.120117,3130.969971,3034.379883,3045.75,5073020000,31.989999771118164,97.33999633789062,0.67,0.9919999837875366,0.3219999837875366,0.7579558908165333,0,0.0,0.0,0.0,0.0,0.0,
05/03/2020,3023.939941,3083.040039,2999.830078,3075.699951,5579290000,39.619998931884766,96.81999969482422,0.59,0.9259999990463257,0.3359999990463257,0.8723168933311486,0,0.0,0.0,0.0,0.0,0.0,
06/03/2020,2972.370117,2985.929932,2901.540039,2954.199951,6555240000,41.939998626708984,95.94999694824219,0.49,0.7059999704360962,0.2159999704360962,1.0938018827720914,0,0.0,0.0,0.0,0.0,0.0,
09/03/2020,2746.560059,2863.889893,2734.429932,2863.889893,8441290000,54.459999084472656,94.9000015258789,0.38,0.49900001287460327,0.11900001287460327,1.3179075326264975,0,0.0,0.0,0.0,0.0,0.0,
10/03/2020,2882.22998,2882.590088,2734.0,2813.47998,7642040000,47.29999923706055,96.41000366210938,0.5,0.7480000257492065,0.24800002574920654,1.1477677970663438,0,0.0,0.0,0.0,0.0,0.0,
11/03/2020,2741.379883,2825.600098,2707.219971,2825.600098,7431200000,53.900001525878906,96.51000213623047,0.5,0.8199999928474426,0.3199999928474426,1.042271521324826,0,0.0,0.0,0.0,0.0,0.0,
12/03/2020,2480.639893,2660.949951,2478.860107,2630.860107,8850810000,75.47000122070312,97.47000122070312,0.5,0.8489999771118164,0.3489999771118164,1.1370346998939893,0,0.0,0.0,0.0,0.0,0.0,
13/03/2020,2711.02002,2711.330078,2492.370117,2569.98999,8299070000,57.83000183105469,98.75,0.49,0.9509999752044678,0.4609999752044678,1.0204340847438829,0,0.0,0.0,0.0,0.0,0.0,
16/03/2020,2386.129883,2562.97998,2380.939941,2508.590088,7805450000,82.69000244140625,98.08999633789062,0.36,0.7279999852180481,0.3679999852180481,0.9749848670587034,0,0.0,0.0,0.0,0.0,0.0,
17/03/2020,2529.189941,2553.929932,2367.040039,2425.659912,8370250000,75.91000366210938,99.58000183105469,0.47,0.996999979019165,0.5269999790191651,1.0268536915821125,0,0.0,0.0,0.0,0.0,0.0,
18/03/2020,2398.100098,2453.570068,2280.52002,2436.5,8799300000,76.44999694824219,101.16000366210938,0.54,1.2660000324249268,0.7260000324249267,1.044430274934908,0,0.0,0.0,0.0,0.0,0.0,
19/03/2020,2409.389893,2466.969971,2319.780029,2393.47998,7956100000,72.0,102.76000213623047,0.44,1.11899995803833,0.6789999580383301,0.9648395822767648,0,0.0,0.0,0.0,0.0,0.0,
20/03/2020,2304.919922,2453.01001,2295.560059,2431.939941,9053950000,66.04000091552734,102.81999969482422,0.37,0.9380000233650208,0.5680000233650208,1.0782349907883877,0,0.0,0.0,0.0,0.0,0.0,
23/03/2020,2237.399902,2300.72998,2191.860107,2290.709961,7411380000,61.59000015258789,102.48999786376953,0.28,0.7639999985694885,0.4839999985694885,0.89098405471571,0,0.0,0.0,0.0,0.0,0.0,
24/03/2020,2447.330078,2449.709961,2344.439941,2344.439941,7563150000,61.66999816894531,101.73999786376953,0.38,0.8159999847412109,0.43599998474121093,0.9272229616211112,0,0.0,0.0,0.0,0.0,0.0,
25/03/2020,2475.560059,2571.419922,2407.530029,2457.77002,8300010000,63.95000076293945,101.05000305175781,0.34,0.8579999804496765,0.5179999804496764,1.0301718349373792,0,0.0,0.0,0.0,0.0,0.0,
26/03/2020,2630.070068,2637.01001,2500.719971,2501.290039,7766990000,61.0,99.41999816894531,0.3,0.8109999895095825,0.5109999895095825,0.9685617930001088,0,0.0,0.0,0.0,0.0,0.0,
27/03/2020,2541.469971,2615.909912,2520.02002,2555.870117,6201670000,65.54000091552734,98.37000274658203,0.25,0.7490000128746033,0.49900001287460327,0.8325909159255918,0,0.0,0.0,0.0,0.0,0.0,
30/03/2020,2626.649902,2631.800049,2545.280029,2558.97998,5751120000,57.08000183105469,99.18000030517578,0.23,0.6700000166893005,0.44000001668930055,0.808128839269605,0,0.0,0.0,0.0,0.0,0.0,
31/03/2020,2584.590088,2641.389893,2571.149902,2614.689941,6576210000,53.540000915527344,99.05000305175781,0.23,0.6980000138282776,0.4680000138282776,0.9504292403746096,0,0.0,0.0,0.0,0.0,0.0,
01/04/2020,2470.5,2522.75,2447.48999,2498.080078,5964000000,57.060001373291016,99.66999816894531,0.23,0.6349999904632568,0.40499999046325685,0.9243648246636158,0,0.0,0.0,0.0,0.0,0.0,
02/04/2020,2526.899902,2533.219971,2455.790039,2458.540039,6464190000,50.90999984741211,100.18000030517578,0.23,0.6269999742507935,0.3969999742507935,1.0440530939662158,0,0.0,0.0,0.0,0.0,0.0,
03/04/2020,2488.649902,2538.179932,2459.959961,2514.919922,6096970000,46.79999923706055,100.58000183105469,0.23,0.5870000123977661,0.35700001239776613,0.9880839439539564,0,0.0,0.0,0.0,0.0,0.0,
06/04/2020,2663.679932,2676.850098,2574.570068,2578.280029,6403840000,45.2400016784668,100.69000244140625,0.27,0.6759999990463257,0.40599999904632567,1.0163144444998145,0,0.0,0.0,0.0,0.0,0.0,
07/04/2020,2659.409912,2756.889893,2657.669922,2738.649902,7050410000,46.70000076293945,99.9800033569336,0.28,0.7360000014305115,0.45600000143051145,1.1023358467213749,0,0.0,0.0,0.0,0.0,0.0,
08/04/2020,2749.97998,2760.75,2663.300049,2685.0,5875710000,43.349998474121094,100.12000274658203,0.27,0.7639999985694885,0.4939999985694885,0.9212141185383268,0,0.0,0.0,0.0,0.0,0.0,
09/04/2020,2789.820068,2818.570068,2762.360107,2776.98999,7899550000,41.66999816894531,99.5199966430664,0.23,0.7289999723434448,0.49899997234344484,1.1851761722210086,0,0.0,0.0,0.0,0.0,0.0,
13/04/2020,2761.629883,2782.459961,2721.169922,2782.459961,5319530000,41.16999816894531,99.3499984741211,0.25,0.7490000128746033,0.49900001287460327,0.8171562049141848,0,0.0,0.0,0.0,0.0,0.0,
14/04/2020,2846.060059,2851.850098,2805.100098,2805.100098,5615730000,37.7599983215332,98.88999938964844,0.23,0.7519999742507935,0.5219999742507935,0.8840625888473669,0,0.0,0.0,0.0,0.0,0.0,
15/04/2020,2783.360107,2801.879883,2761.540039,2795.639893,5208000000,40.84000015258789,99.45999908447266,0.2,0.6380000114440918,0.4380000114440918,0.8703639083751469,0,0.0,0.0,0.0,0.0,0.0,
16/04/2020,2799.550049,2806.51001,2764.320068,2799.340088,5228810000,40.11000061035156,100.02999877929688,0.2,0.609000027179718,0.409000027179718,0.89315350499904,0,0.0,0.0,0.0,0.0,0.0,
17/04/2020,2874.560059,2879.219971,2830.879883,2842.429932,5804810000,38.150001525878906,99.77999877929688,0.2,0.6539999842643738,0.45399998426437377,1.0679684349344,0,0.0,0.0,0.0,0.0,0.0,
20/04/2020,2823.159912,2868.97998,2820.429932,2845.620117,5228630000,43.83000183105469,99.95999908447266,0.2,0.6259999871253967,0.4259999871253967,0.9651912170059936,0,0.0,0.0,0.0,0.0,0.0,
21/04/2020,2736.560059,2785.540039,2727.100098,2784.810059,5121010000,45.40999984741211,100.26000213623047,0.2,0.5709999799728394,0.37099997997283934,0.9629122501152636,0,0.0,0.0,0.0,0.0,0.0,
22/04/2020,2799.310059,2815.100098,2775.949951,2787.889893,5084920000,41.97999954223633,100.38999938964844,0.22,0.6190000176429749,0.3990000176429749,0.9605722796202836,0,0.0,0.0,0.0,0.0,0.0,
23/04/2020,2797.800049,2844.899902,2794.26001,2810.419922,5773530000,41.380001068115234,100.43000030517578,0.22,0.6129999756813049,0.39299997568130496,1.0686616394389348,0,0.0,0.0,0.0,0.0,0.0,
24/04/2020,2836.73999,2842.709961,2791.76001,2812.639893,5382810000,35.93000030517578,100.37999725341797,0.22,0.5960000157356262,0.37600001573562625,1.012152653727403,0,0.0,0.0,0.0,0.0,0.0,
27/04/2020,2878.47998,2887.719971,2852.889893,2854.649902,5203930000,33.290000915527344,100.04000091552734,0.24,0.656000018119812,0.416000018119812,0.9794268657165872,0,0.0,0.0,0.0,0.0,0.0,
28/04/2020,2863.389893,2921.149902,2860.709961,2909.959961,5691160000,33.56999969482422,99.87000274658203,0.2,0.6100000143051147,0.41000001430511473,1.0486229725073564,0,0.0,0.0,0.0,0.0,0.0,
29/04/2020,2939.51001,2954.860107,2912.159912,2918.459961,6645640000,31.229999542236328,99.56999969482422,0.2,0.6269999742507935,0.42699997425079345,1.1578952136925478,0,0.0,0.0,0.0,0.0,0.0,
30/04/2020,2912.429932,2930.909912,2892.469971,2930.909912,6544980000,34.150001525878906,99.0199966430664,0.2,0.621999979019165,0.42199997901916503,1.1105036832525013,0,0.0,0.0,0.0,0.0,0.0,
01/05/2020,2830.709961,2869.090088,2821.610107,2869.090088,4759810000,37.189998626708984,98.80000305175781,0.2,0.6420000195503235,0.4420000195503235,0.8250518624729247,0,0.0,0.0,0.0,0.0,0.0,
04/05/2020,2842.73999,2844.23999,2797.850098,2815.01001,4735930000,35.970001220703125,99.4800033569336,0.19,0.6370000243186951,0.44700002431869507,0.8344510020607862,0,0.0,0.0,0.0,0.0,0.0,
05/05/2020,2868.439941,2898.22998,2863.550049,2868.879883,5140290000,33.61000061035156,99.70999908447266,0.19,0.6570000052452087,0.46700000524520874,0.9236271703564748,0,0.0,0.0,0.0,0.0,0.0,
06/05/2020,2848.419922,2891.110107,2847.649902,2883.139893,4892570000,34.119998931884766,100.08999633789062,0.17,0.7110000252723694,0.5410000252723693,0.9382236731588068,0,0.0,0.0,0.0,0.0,0.0,
07/05/2020,2881.189941,2901.919922,2876.47998,2878.26001,5178790000,31.440000534057617,99.88999938964844,0.13,0.6309999823570251,0.5009999823570251,1.0480244979336142,0,0.0,0.0,0.0,0.0,0.0,
08/05/2020,2929.800049,2932.159912,2902.879883,2908.830078,4876030000,27.979999542236328,99.7300033569336,0.16,0.6819999814033508,0.5219999814033508,0.9821355556262767,0,0.0,0.0,0.0,0.0,0.0,
11/05/2020,2930.189941,2944.25,2903.439941,2915.459961,4819730000,27.56999969482422,100.23999786376953,0.17,0.7260000109672546,0.5560000109672546,0.9675293416698084,0,0.0,0.0,0.0,0.0,0.0,
12/05/2020,2870.120117,2945.820068,2869.590088,2939.5,5119630000,33.040000915527344,99.93000030517578,0.17,0.6779999732971191,0.5079999732971191,1.0285854922800286,0,0.0,0.0,0.0,0.0,0.0,
13/05/2020,2820.0,2874.139893,2793.149902,2865.860107,6151650000,35.279998779296875,100.23999786376953,0.16,0.6489999890327454,0.48899998903274533,1.1764113053592102,0,0.0,0.0,0.0,0.0,0.0,
14/05/2020,2852.5,2852.800049,2766.639893,2794.540039,5651130000,32.61000061035156,100.47000122070312,0.16,0.6190000176429749,0.4590000176429748,1.061517377039819,0,0.0,0.0,0.0,0.0,0.0,
15/05/2020,2863.699951,2865.01001,2816.780029,2829.949951,5507700000,31.889999389648438,100.4000015258789,0.16,0.6399999856948853,0.4799999856948852,1.0105930897208937,0,0.0,0.0,0.0,0.0,0.0,
18/05/2020,2953.909912,2968.090088,2913.860107,2913.860107,6373670000,29.299999237060547,99.66999816894531,0.18,0.7440000176429749,0.5640000176429749,1.106394716249048,0,0.0,0.0,0.0,0.0,0.0,
19/05/2020,2922.939941,2964.209961,2922.350098,2948.590088,4984330000,30.530000686645508,99.37000274658203,0.17,0.7110000252723694,0.5410000252723693,0.8693048951322149,0,0.0,0.0,0.0,0.0,0.0,
20/05/2020,2971.610107,2980.290039,2953.629883,2953.629883,5005380000,27.989999771118164,99.12000274658203,0.16,0.6800000071525574,0.5200000071525573,0.9093346791554894,0,0.0,0.0,0.0,0.0,0.0,
21/05/2020,2948.51001,2978.5,2938.570068,2969.949951,4976620000,29.530000686645508,99.37000274658203,0.17,0.6769999861717224,0.5069999861717224,0.9268242717253248,0,0.0,0.0,0.0,0.0,0.0,
22/05/2020,2955.449951,2956.76001,2933.590088,2948.050049,3970860000,28.15999984741211,99.86000061035156,0.17,0.6570000052452087,0.4870000052452087,0.7844182299613683,0,0.0,0.0,0.0,0.0,0.0,
26/05/2020,2991.77002,3021.719971,2988.169922,3004.080078,5848500000,28.010000228881836,98.91000366210938,0.18,0.6980000138282776,0.5180000138282777,1.1798138361288308,0,0.0,0.0,0.0,0.0,0.0,
27/05/2020,3036.129883,3036.25,2969.75,3015.649902,6398000000,27.6200008392334,99.05999755859375,0.19,0.6800000071525574,0.49000000715255737,1.221022192908529,0,0.0,0.0,0.0,0.0,0.0,
28/05/2020,3029.72998,3068.669922,3023.399902,3046.610107,5447020000,28.59000015258789,98.37999725341797,0.17,0.7049999833106995,0.5349999833106994,1.0223002139559323,0,0.0,0.0,0.0,0.0,0.0,
29/05/2020,3044.310059,3049.169922,2998.610107,3025.169922,7297550000,27.510000228881836,98.33999633789062,0.16,0.6480000019073486,0.4880000019073486,1.259852157642809,0,0.0,0.0,0.0,0.0,0.0,
01/06/2020,3055.72998,3062.179932,3031.540039,3038.780029,4684170000,28.229999542236328,97.83000183105469,0.14,0.6620000004768372,0.5220000004768371,0.7892387727950979,0,0.0,0.0,0.0,0.0,0.0,
02/06/2020,3080.820068,3081.070068,3051.639893,3064.780029,5197150000,26.84000015258789,97.66999816894531,0.17,0.6800000071525574,0.5100000071525573,0.8953227840926905,0,0.0,0.0,0.0,0.0,0.0,
03/06/2020,3122.870117,3130.939941,3098.899902,3098.899902,6005560000,25.65999984741211,97.27999877929688,0.19,0.7609999775886536,0.5709999775886536,1.0487697968492689,0,0.0,0.0,0.0,0.0,0.0,
04/06/2020,3112.350098,3128.909912,3090.409912,3111.560059,6451290000,25.809999465942383,96.68000030517578,0.19,0.8199999928474426,0.6299999928474427,1.088431460413312,0,0.0,0.0,0.0,0.0,0.0,
05/06/2020,3193.929932,3211.719971,3163.840088,3163.840088,8639300000,24.520000457763672,96.94000244140625,0.22,0.9039999842643738,0.6839999842643738,1.394448933369962,0,0.0,0.0,0.0,0.0,0.0,
08/06/2020,3232.389893,3233.129883,3196.0,3199.919922,8498300000,25.809999465942383,96.62000274658203,0.22,0.8840000033378601,0.6640000033378601,1.221314915094448,0,0.0,0.0,0.0,0.0,0.0,
09/06/2020,3207.179932,3222.709961,3193.110107,3213.320068,6410930000,27.56999969482422,96.31999969482422,0.2,0.8289999961853027,0.6289999961853028,0.8902738979563609,0,0.0,0.0,0.0,0.0,0.0,
10/06/2020,3190.139893,3223.27002,3181.48999,3213.419922,6598870000,27.56999969482422,95.95999908447266,0.17,0.7480000257492065,0.5780000257492065,0.901517240097938,0,0.0,0.0,0.0,0.0,0.0,
11/06/2020,3002.100098,3123.530029,2999.48999,3123.530029,7037320000,40.790000915527344,96.7300033569336,0.19,0.652999997138977,0.46299999713897705,0.9462650249887588,0,0.0,0.0,0.0,0.0,0.0,
12/06/2020,3041.310059,3088.419922,2984.469971,3071.040039,5845330000,36.09000015258789,97.31999969482422,0.19,0.6990000009536743,0.5090000009536744,0.8498404367453458,0,0.0,0.0,0.0,0.0,0.0,
15/06/2020,3066.590088,3079.76001,2965.659912,2993.76001,5757480000,34.400001525878906,96.68000030517578,0.19,0.7020000219345093,0.5120000219345093,0.9095565140270452,0,0.0,0.0,0.0,0.0,0.0,
16/06/2020,3124.73999,3153.449951,3076.060059,3131.0,5845810000,33.66999816894531,96.95999908447266,0.21,0.7559999823570251,0.5459999823570252,0.9403001015608587,0,0.0,0.0,0.0,0.0,0.0,
17/06/2020,3113.48999,3141.159912,3108.030029,3136.129883,4560450000,33.470001220703125,97.16000366210938,0.19,0.7329999804496765,0.5429999804496766,0.7850287075261332,0,0.0,0.0,0.0,0.0,0.0,
18/06/2020,3115.340088,3120.0,3093.51001,3101.639893,4448690000,32.939998626708984,97.41999816894531,0.19,0.6940000057220459,0.504000005722046,0.8407155405446266,0,0.0,0.0,0.0,0.0,0.0,
19/06/2020,3097.73999,3155.530029,3083.110107,3140.290039,8346650000,35.119998931884766,97.62000274658203,0.19,0.6970000267028809,0.5070000267028809,1.4411110435828762,0,0.0,0.0,0.0,0.0,0.0,
22/06/2020,3117.860107,3120.919922,3079.389893,3094.419922,4686690000,31.770000457763672,97.04000091552734,0.19,0.7039999961853027,0.5139999961853028,0.8402612709492049,0,0.0,0.0,0.0,0.0,0.0,
23/06/2020,3131.290039,3154.899902,3127.120117,3138.699951,4711850000,31.3700008392334,96.69000244140625,0.18,0.7089999914169312,0.5289999914169312,0.8805770878956789,0,0.0,0.0,0.0,0.0,0.0,
24/06/2020,3050.330078,3115.01001,3032.129883,3114.399902,5597680000,33.84000015258789,97.1500015258789,0.19,0.6840000152587891,0.49400001525878906,1.00708272583475,0,0.0,0.0,0.0,0.0,0.0,
25/06/2020,3083.76001,3086.25,3024.01001,3046.600098,4847690000,32.220001220703125,97.43000030517578,0.17,0.6740000247955322,0.5040000247955322,0.8598073255728159,0,0.0,0.0,0.0,0.0,0.0,
26/06/2020,3009.050049,3073.72998,3004.629883,3073.199951,8107850000,34.72999954223633,97.5,0.17,0.6359999775886536,0.4659999775886535,1.45032906693532,0,0.0,0.0,0.0,0.0,0.0,
29/06/2020,3053.23999,3053.889893,2999.73999,3018.590088,4473970000,31.780000686645508,97.54000091552734,0.16,0.6359999775886536,0.47599997758865353,0.8064392278896458,0,0.0,0.0,0.0,0.0,0.0,
30/06/2020,3100.290039,3111.51001,3047.830078,3050.199951,4705850000,30.43000030517578,97.38999938964844,0.16,0.652999997138977,0.492999997138977,0.8484194303978215,0,0.0,0.0,0.0,0.0,0.0,
01/07/2020,3115.860107,3128.439941,3101.169922,3105.919922,4449230000,28.6200008392334,97.19999694824219,0.17,0.6819999814033508,0.5119999814033508,0.836806209913337,0,0.0,0.0,0.0,0.0,0.0,
02/07/2020,3130.01001,3165.810059,3124.52002,3143.639893,4197720000,27.68000030517578,97.31999969482422,0.16,0.6690000295639038,0.5090000295639038,0.8092888964634917,0,0.0,0.0,0.0,0.0,0.0,
06/07/2020,3179.719971,3182.590088,3155.290039,3155.290039,4759160000,27.940000534057617,96.79000091552734,0.16,0.6840000152587891,0.524000015258789,1.053567420070814,0,0.0,0.0,0.0,0.0,0.0,
07/07/2020,3145.320068,3184.149902,3142.929932,3166.439941,4571330000,29.43000030517578,96.87999725341797,0.16,0.6499999761581421,0.48999997615814206,1.007642630323908,0,0.0,0.0,0.0,0.0,0.0,
08/07/2020,3169.939941,3171.800049,3136.530029,3153.070068,4937310000,28.079999923706055,96.43000030517578,0.16,0.652999997138977,0.492999997138977,1.0773213759696263,0,0.0,0.0,0.0,0.0,0.0,
09/07/2020,3152.050049,3179.780029,3115.699951,3176.169922,4843650000,29.260000228881836,96.69999694824219,0.16,0.6050000190734863,0.4450000190734863,1.039000959708132,0,0.0,0.0,0.0,0.0,0.0,
10/07/2020,3185.040039,3186.820068,3136.219971,3152.469971,4524190000,27.290000915527344,96.6500015258789,0.16,0.6330000162124634,0.47300001621246335,0.9570694933583352,0,0.0,0.0,0.0,0.0,0.0,
13/07/2020,3155.219971,3235.320068,3149.429932,3205.080078,4902440000,32.189998626708984,96.45999908447266,0.16,0.6399999856948853,0.4799999856948852,1.0308373971568094,0,0.0,0.0,0.0,0.0,0.0,
14/07/2020,3197.52002,3200.949951,3127.659912,3141.110107,4507140000,29.520000457763672,96.26000213623047,0.14,0.6150000095367432,0.47500000953674315,0.9502827989186468,0,0.0,0.0,0.0,0.0,0.0,
15/07/2020,3226.560059,3238.280029,3200.76001,3225.97998,4686830000,27.760000228881836,96.08000183105469,0.16,0.6299999952316284,0.4699999952316284,0.9987171974386568,0,0.0,0.0,0.0,0.0,0.0,
16/07/2020,3215.570068,3220.389893,3198.590088,3208.360107,3972860000,28.0,96.3499984741211,0.16,0.6119999885559082,0.45199998855590817,0.8792057524611104,0,0.0,0.0,0.0,0.0,0.0,
17/07/2020,3224.72998,3233.52002,3205.649902,3224.209961,4012850000,25.68000030517578,95.94000244140625,0.14,0.628000020980835,0.48800002098083495,0.9086197339748175,0,0.0,0.0,0.0,0.0,0.0,
20/07/2020,3251.840088,3258.610107,3215.159912,3224.290039,3979340000,24.459999084472656,95.83000183105469,0.16,0.6200000047683716,0.46000000476837155,0.940341282346725,0,0.0,0.0,0.0,0.0,0.0,
21/07/2020,3257.300049,3277.290039,3247.77002,3268.52002,4556610000,24.84000015258789,95.12000274658203,0.14,0.6069999933242798,0.46699999332427977,1.0742419663068894,0,0.0,0.0,0.0,0.0,0.0,
22/07/2020,3276.02002,3279.320068,3253.100098,3254.860107,4267160000,24.31999969482422,94.97000122070312,0.14,0.5950000286102295,0.4550000286102295,1.0263112576856217,0,0.0,0.0,0.0,0.0,0.0,
23/07/2020,3235.659912,3279.98999,3222.659912,3271.639893,4296760000,26.079999923706055,94.69000244140625,0.16,0.5820000171661377,0.42200001716613766,1.0175761341977727,0,0.0,0.0,0.0,0.0,0.0,
24/07/2020,3215.629883,3227.26001,3200.050049,3218.580078,3689410000,25.84000015258789,94.44000244140625,0.14,0.5889999866485596,0.44899998664855956,0.8873347225108325,0,0.0,0.0,0.0,0.0,0.0,
27/07/2020,3239.409912,3241.429932,3214.25,3219.840088,3970310000,24.739999771118164,93.66999816894531,0.15,0.609000027179718,0.459000027179718,0.9553085261245654,0,0.0,0.0,0.0,0.0,0.0,
28/07/2020,3218.439941,3243.719971,3216.169922,3234.27002,4053180000,25.440000534057617,93.76000213623047,0.14,0.5809999704360962,0.4409999704360962,0.9994614540149788,0,0.0,0.0,0.0,0.0,0.0,
29/07/2020,3258.439941,3264.73999,3227.219971,3227.219971,4478200000,24.100000381469727,93.26000213623047,0.12,0.5789999961853027,0.45899999618530274,1.0928911072215448,0,0.0,0.0,0.0,0.0,0.0,
30/07/2020,3246.219971,3250.919922,3204.129883,3231.76001,4264920000,24.760000228881836,93.0199966430664,0.11,0.5410000085830688,0.43100000858306886,1.042460850155602,0,0.0,0.0,0.0,0.0,0.0,
31/07/2020,3271.120117,3272.169922,3220.26001,3270.449951,5007530000,24.459999084472656,93.48999786376953,0.11,0.5360000133514404,0.42600001335144044,1.1498800871125106,0,0.0,0.0,0.0,0.0,0.0,
03/08/2020,3294.610107,3302.72998,3284.530029,3288.26001,4438940000,24.280000686645508,93.5,0.11,0.5630000233650208,0.45300002336502077,0.9978388483089112,0,0.0,0.0,0.0,0.0,0.0,
04/08/2020,3306.51001,3306.840088,3286.370117,3289.919922,4414380000,23.760000228881836,93.37999725341797,0.11,0.5149999856948853,0.40499998569488527,0.976461214556558,0,0.0,0.0,0.0,0.0,0.0,
05/08/2020,3327.77002,3330.77002,3317.370117,3317.370117,4535060000,22.989999771118164,92.83000183105469,0.11,0.5429999828338623,0.4329999828338623,1.0006385467787366,0,0.0,0.0,0.0,0.0,0.0,
06/08/2020,3349.159912,3351.030029,3318.139893,3323.169922,4278930000,22.649999618530273,92.79000091552734,0.11,0.5360000133514404,0.42600001335144044,0.9435413877231328,0,0.0,0.0,0.0,0.0,0.0,
07/08/2020,3351.280029,3352.540039,3328.719971,3340.050049,4110030000,22.209999084472656,93.44000244140625,0.13,0.5619999766349792,0.43199997663497924,0.9436483059914572,0,0.0,0.0,0.0,0.0,0.0,
10/08/2020,3360.469971,3363.290039,3335.439941,3356.040039,4327920000,22.1299991607666,93.58000183105469,0.14,0.5740000009536743,0.4340000009536743,0.9987667494987612,0,0.0,0.0,0.0,0.0,0.0,
11/08/2020,3333.689941,3381.01001,3326.439941,3370.340088,4880540000,24.030000686645508,93.62999725341797,0.16,0.6579999923706055,0.49799999237060544,1.1025741353883522,0,0.0,0.0,0.0,0.0,0.0,
12/08/2020,3380.350098,3387.889893,3355.459961,3355.459961,3772250000,22.280000686645508,93.44000244140625,0.16,0.6700000166893005,0.5100000166893005,0.8826177474897834,0,0.0,0.0,0.0,0.0,0.0,
13/08/2020,3373.429932,3387.23999,3363.350098,3372.949951,3438730000,22.1299991607666,93.33999633789062,0.16,0.7160000205039978,0.5560000205039978,0.837510661502708,0,0.0,0.0,0.0,0.0,0.0,
14/08/2020,3372.850098,3378.51001,3361.639893,3368.659912,3200060000,22.049999237060547,93.0999984741211,0.14,0.7089999914169312,0.5689999914169311,0.8155304671372868,0,0.0,0.0,0.0,0.0,0.0,
17/08/2020,3381.98999,3387.590088,3379.219971,3380.860107,3460330000,21.350000381469727,92.8499984741211,0.14,0.6830000281333923,0.5430000281333923,0.922660678298904,0,0.0,0.0,0.0,0.0,0.0,
18/08/2020,3389.780029,3395.060059,3370.149902,3387.040039,3669550000,21.510000228881836,92.2699966430664,0.14,0.6690000295639038,0.5290000295639038,1.0459970172602122,0,0.0,0.0,0.0,0.0,0.0,
19/08/2020,3374.850098,3399.540039,3369.659912,3392.51001,3679480000,22.540000915527344,92.88999938964844,0.14,0.675000011920929,0.5350000119209289,1.0544040485667534,0,0.0,0.0,0.0,0.0,0.0,
20/08/2020,3385.51001,3390.800049,3354.689941,3360.47998,3431040000,22.719999313354492,92.79000091552734,0.13,0.6439999938011169,0.5139999938011169,0.983643780037912,0,0.0,0.0,0.0,0.0,0.0,
21/08/2020,3397.159912,3399.959961,3379.310059,3386.01001,3505010000,22.540000915527344,93.25,0.16,0.6399999856948853,0.4799999856948852,0.9875821409592678,0,0.0,0.0,0.0,0.0,0.0,
24/08/2020,3431.280029,3432.090088,3413.129883,3418.090088,3743410000,22.3700008392334,93.30000305175781,0.14,0.6460000276565552,0.5060000276565552,1.0381928824876625,0,0.0,0.0,0.0,0.0,0.0,
25/08/2020,3443.620117,3444.209961,3425.840088,3435.949951,3627650000,22.030000686645508,93.0199966430664,0.15,0.6819999814033508,0.5319999814033508,1.0084318372743248,0,0.0,0.0,0.0,0.0,0.0,
26/08/2020,3478.72998,3481.070068,3444.149902,3449.969971,3780530000,23.270000457763672,93.01000213623047,0.16,0.6869999766349792,0.5269999766349792,1.0450589463302011,0,0.0,0.0,0.0,0.0,0.0,
27/08/2020,3484.550049,3501.379883,3468.350098,3485.139893,3955890000,24.469999313354492,93.01000213623047,0.16,0.7459999918937683,0.5859999918937683,1.0626976831149406,0,0.0,0.0,0.0,0.0,0.0,
28/08/2020,3508.01001,3509.22998,3484.320068,3494.689941,3868510000,22.959999084472656,92.37000274658203,0.14,0.7289999723434448,0.5889999723434448,1.0193170422201951,0,0.0,0.0,0.0,0.0,0.0,
31/08/2020,3500.310059,3514.77002,3493.25,3509.72998,4348280000,26.40999984741211,92.13999938964844,0.14,0.6930000185966492,0.5530000185966492,1.110339382437748,0,0.0,0.0,0.0,0.0,0.0,
01/09/2020,3526.649902,3528.030029,3494.600098,3507.439941,4101490000,26.1200008392334,92.33999633789062,0.13,0.671999990940094,0.541999990940094,1.0225757553092292,0,0.0,0.0,0.0,0.0,0.0,
02/09/2020,3580.840088,3588.110107,3535.22998,3543.76001,4295640000,26.56999969482422,92.8499984741211,0.14,0.6510000228881836,0.5110000228881836,1.0441613218595602,0,0.0,0.0,0.0,0.0,0.0,
03/09/2020,3455.060059,3564.850098,3427.409912,3564.73999,4911830000,33.599998474121094,92.73999786376953,0.13,0.621999979019165,0.49199997901916503,1.1409195962974576,0,0.0,0.0,0.0,0.0,0.0,
04/09/2020,3426.959961,3479.149902,3349.629883,3453.600098,4438720000,30.75,92.72000122070312,0.14,0.7210000157356262,0.5810000157356262,1.0044189073477685,0,0.0,0.0,0.0,0.0,0.0,
08/09/2020,3331.840088,3379.969971,3329.27002,3371.879883,4694330000,31.459999084472656,93.4800033569336,0.14,0.6840000152587891,0.544000015258789,1.0458800258978584,0,0.0,0.0,0.0,0.0,0.0,
09/09/2020,3398.959961,3424.77002,3366.840088,3369.820068,3932520000,28.809999465942383,93.26000213623047,0.14,0.703000009059906,0.563000009059906,0.8827982170372791,0,0.0,0.0,0.0,0.0,0.0,
10/09/2020,3339.189941,3425.550049,3329.25,3412.560059,4208630000,29.709999084472656,93.33999633789062,0.14,0.6850000023841858,0.5450000023841858,0.9484865025423656,0,0.0,0.0,0.0,0.0,0.0,
11/09/2020,3340.969971,3368.949951,3310.469971,3352.699951,3710090000,26.8700008392334,93.33000183105469,0.13,0.6690000295639038,0.5390000295639038,0.8840160901321894,0,0.0,0.0,0.0,0.0,0.0,
14/09/2020,3383.540039,3402.929932,3363.560059,3363.560059,3839580000,25.850000381469727,93.06999969482422,0.14,0.6710000038146973,0.5310000038146973,0.9417590746204958,0,0.0,0.0,0.0,0.0,0.0,
15/09/2020,3401.199951,3419.47998,3389.25,3407.72998,4057190000,25.59000015258789,93.05000305175781,0.14,0.6790000200271606,0.5390000200271606,1.0272402130645062,0,0.0,0.0,0.0,0.0,0.0,
16/09/2020,3385.48999,3428.919922,3384.449951,3411.22998,4718900000,26.040000915527344,93.20999908447266,0.14,0.6869999766349792,0.5469999766349792,1.1490236622563417,1,0.5571428571428572,0.0955423721437447,0.1153846153846153,0.6775147928994083,0.2071005917159763,1.0
17/09/2020,3357.01001,3375.169922,3328.820068,3346.860107,4379840000,26.459999084472656,92.97000122070312,0.13,0.6840000152587891,0.5540000152587891,1.057646240630554,0,0.0,0.0,0.0,0.0,0.0,
18/09/2020,3319.469971,3362.27002,3292.399902,3357.379883,7076400000,25.829999923706055,92.93000030517578,0.14,0.6940000057220459,0.5540000057220459,1.4698459740004013,0,0.0,0.0,0.0,0.0,0.0,
21/09/2020,3281.060059,3285.570068,3229.100098,3285.570068,4836070000,27.780000686645508,93.54000091552734,0.14,0.6710000038146973,0.5310000038146973,0.9645749230106428,0,0.0,0.0,0.0,0.0,0.0,
22/09/2020,3315.570068,3320.310059,3270.949951,3295.75,3974510000,26.860000610351562,93.98999786376953,0.13,0.6639999747276306,0.5339999747276306,0.795356307522857,0,0.0,0.0,0.0,0.0,0.0,
23/09/2020,3236.919922,3323.350098,3232.570068,3320.110107,4378650000,28.579999923706055,94.38999938964844,0.14,0.6759999990463257,0.5359999990463257,0.88832755066144,0,0.0,0.0,0.0,0.0,0.0,
24/09/2020,3246.590088,3278.699951,3209.449951,3226.139893,4601920000,28.510000228881836,94.3499984741211,0.14,0.6660000085830688,0.5260000085830688,0.9252861661080404,0,0.0,0.0,0.0,0.0,0.0,
25/09/2020,3298.459961,3306.879883,3228.439941,3236.659912,3803330000,26.3799991607666,94.58000183105469,0.12,0.6589999794960022,0.5389999794960022,0.880625511704843,0,0.0,0.0,0.0,0.0,0.0,
28/09/2020,3351.600098,3360.73999,3332.909912,3333.899902,3950910000,26.190000534057617,94.26000213623047,0.14,0.6629999876022339,0.5229999876022339,0.9538966030753304,0,0.0,0.0,0.0,0.0,0.0,
29/09/2020,3335.469971,3357.919922,3327.540039,3350.919922,3661590000,26.270000457763672,93.88999938964844,0.11,0.6449999809265137,0.5349999809265137,0.8976069306348179,0,0.0,0.0,0.0,0.0,0.0,
30/09/2020,3363.0,3393.560059,3340.469971,3341.209961,4738640000,26.3700008392334,93.88999938964844,0.13,0.6769999861717224,0.5469999861717224,1.1414894401194042,0,0.0,0.0,0.0,0.0,0.0,
01/10/2020,3380.800049,3397.179932,3361.389893,3385.870117,4076340000,26.700000762939453,93.70999908447266,0.14,0.6769999861717224,0.5369999861717224,1.0074584260343509,0,0.0,0.0,0.0,0.0,0.0,
02/10/2020,3348.419922,3369.100098,3323.689941,3338.939941,3975180000,27.6299991607666,93.83999633789062,0.13,0.6959999799728394,0.5659999799728394,0.974181797863612,0,0.0,0.0,0.0,0.0,0.0,
05/10/2020,3408.600098,3409.570068,3367.27002,3367.27002,3692720000,27.959999084472656,93.51000213623047,0.14,0.7620000243186951,0.622000024318695,0.9165592343705246,0,0.0,0.0,0.0,0.0,0.0,
06/10/2020,3360.969971,3431.560059,3354.540039,3408.73999,4453390000,29.479999542236328,93.83000183105469,0.14,0.7419999837875366,0.6019999837875366,1.0635585995022037,0,0.0,0.0,0.0,0.0,0.0,
07/10/2020,3419.439941,3426.26001,3384.560059,3384.560059,3814750000,28.059999465942383,93.62999725341797,0.16,0.7850000262260437,0.6250000262260437,0.9530975326273036,0,0.0,0.0,0.0,0.0,0.0,
08/10/2020,3446.830078,3447.280029,3428.149902,3434.280029,3867640000,26.360000610351562,93.61000061035156,0.13,0.7649999856948853,0.6349999856948852,0.9764952776453668,0,0.0,0.0,0.0,0.0,0.0,
09/10/2020,3477.139893,3482.340088,3458.070068,3459.669922,3944090000,25.0,93.05999755859375,0.16,0.7749999761581421,0.6149999761581421,0.9973630161754228,0,0.0,0.0,0.0,0.0,0.0,
12/10/2020,3534.219971,3549.850098,3499.610107,3500.02002,3435760000,25.06999969482422,93.06999969482422,0.16,0.7770000100135803,0.6149999761581421,0.880258541487003,0,0.0,0.0,0.0,0.0,0.0,
13/10/2020,3511.929932,3534.01001,3500.860107,3534.01001,3611100000,26.06999969482422,93.52999877929688,0.16,0.7269999980926514,0.5669999980926513,0.9669132570820216,0,0.0,0.0,0.0,0.0,0.0,
14/10/2020,3488.669922,3527.939941,3480.550049,3515.469971,3858510000,26.399999618530273,93.37999725341797,0.14,0.722000002861023,0.5820000028610229,1.030744613214654,0,0.0,0.0,0.0,0.0,0.0,
15/10/2020,3483.340088,3489.080078,3440.889893,3453.719971,3724550000,26.969999313354492,93.86000061035156,0.14,0.7310000061988831,0.591000006198883,1.002624096789008,0,0.0,0.0,0.0,0.0,0.0,
16/10/2020,3483.810059,3515.76001,3480.449951,3493.5,4688030000,27.40999984741211,93.68000030517578,0.14,0.7440000176429749,0.6040000176429748,1.21338703123261,0,0.0,0.0,0.0,0.0,0.0,
19/10/2020,3426.919922,3502.419922,3419.929932,3493.659912,4091080000,29.18000030517578,93.43000030517578,0.16,0.7609999775886536,0.6009999775886535,1.0241387614546842,0,0.0,0.0,0.0,0.0,0.0,
20/10/2020,3443.120117,3476.929932,3435.649902,3439.379883,3917850000,29.350000381469727,93.06999969482422,0.14,0.796999990940094,0.656999990940094,0.9659383965104572,0,0.0,0.0,0.0,0.0,0.0,
21/10/2020,3435.560059,3464.860107,3433.060059,3439.909912,4103960000,28.649999618530273,92.61000061035156,0.14,0.8159999847412109,0.6759999847412109,0.999723757848176,0,0.0,0.0,0.0,0.0,0.0,
22/10/2020,3453.48999,3460.530029,3415.340088,3438.5,4172060000,28.110000610351562,92.94999694824219,0.16,0.8479999899864197,0.6879999899864196,0.9946273729341276,0,0.0,0.0,0.0,0.0,0.0,
23/10/2020,3465.389893,3466.459961,3440.449951,3464.899902,3651600000,27.549999237060547,92.7699966430664,0.18,0.8410000205039978,0.6610000205039979,0.915805392608049,0,0.0,0.0,0.0,0.0,0.0,
26/10/2020,3400.969971,3441.419922,3364.860107,3441.419922,4002210000,32.459999084472656,93.05000305175781,0.16,0.8009999990463257,0.6409999990463257,1.0082311887333937,0,0.0,0.0,0.0,0.0,0.0,
27/10/2020,3390.679932,3409.51001,3388.709961,3403.149902,3962400000,33.349998474121094,92.94000244140625,0.16,0.777999997138977,0.617999997138977,0.9959667669235676,0,0.0,0.0,0.0,0.0,0.0,
28/10/2020,3271.030029,3342.47998,3268.889893,3342.47998,5139970000,40.279998779296875,93.41000366210938,0.16,0.781000018119812,0.621000018119812,1.2279986276915784,0,0.0,0.0,0.0,0.0,0.0,
29/10/2020,3310.110107,3341.050049,3259.820068,3277.169922,4911860000,37.59000015258789,93.95999908447266,0.16,0.8349999785423279,0.6749999785423278,1.1334343115482526,0,0.0,0.0,0.0,0.0,0.0,
30/10/2020,3269.959961,3304.929932,3233.939941,3293.590088,4843930000,38.02000045776367,94.04000091552734,0.14,0.8600000143051147,0.7200000143051147,1.0594601049764287,0,0.0,0.0,0.0,0.0,0.0,
02/11/2020,3310.23999,3330.139893,3279.73999,3296.199951,4314690000,37.130001068115234,94.05000305175781,0.16,0.8489999771118164,0.6889999771118164,0.9309795730779772,0,0.0,0.0,0.0,0.0,0.0,
03/11/2020,3369.159912,3389.48999,3336.25,3336.25,4241380000,35.54999923706055,93.55000305175781,0.17,0.8820000290870667,0.7120000290870666,0.9042748476344916,0,0.0,0.0,0.0,0.0,0.0,
04/11/2020,3443.439941,3486.25,3405.169922,3406.459961,4790400000,29.56999969482422,93.41000366210938,0.14,0.7680000066757202,0.6280000066757202,1.0367816828310303,0,0.0,0.0,0.0,0.0,0.0,
05/11/2020,3510.449951,3529.050049,3485.73999,3485.73999,4858150000,27.579999923706055,92.52999877929688,0.14,0.7760000228881836,0.6360000228881836,1.0538949304836964,1,0.603448275862069,0.0905389808607022,0.1330798479087452,0.6463878326996197,0.2205323193916349,1.0
06/11/2020,3509.439941,3521.580078,3484.340088,3508.340088,4842460000,24.860000610351562,92.2300033569336,0.16,0.8199999928474426,0.6599999928474426,1.050558248593748,0,0.0,0.0,0.0,0.0,0.0,
09/11/2020,3550.5,3645.98999,3547.47998,3583.040039,8570510000,25.75,92.7300033569336,0.17,0.9580000042915344,0.7880000042915344,1.569523750224335,0,0.0,0.0,0.0,0.0,0.0,
10/11/2020,3545.530029,3557.219971,3511.909912,3543.26001,6037470000,24.799999237060547,92.75,0.19,0.972000002861023,0.782000002861023,1.037401985429735,0,0.0,0.0,0.0,0.0,0.0,
11/11/2020,3572.659912,3581.159912,3557.0,3563.219971,4635560000,23.450000762939453,93.04000091552734,0.19,0.9580000042915344,0.782000002861023,0.8007766681695611,0,0.0,0.0,0.0,0.0,0.0,
12/11/2020,3537.01001,3569.02002,3518.580078,3562.669922,4909660000,25.350000381469727,92.95999908447266,0.17,0.8849999904632568,0.7149999904632568,0.8466198044810844,0,0.0,0.0,0.0,0.0,0.0,
13/11/2020,3585.149902,3593.659912,3552.570068,3552.570068,4719580000,23.100000381469727,92.76000213623047,0.17,0.8930000066757202,0.7230000066757202,0.8173061270857881,0,0.0,0.0,0.0,0.0,0.0,
16/11/2020,3626.909912,3628.51001,3600.159912,3600.159912,5295510000,22.450000762939453,92.56999969482422,0.19,0.906000018119812,0.7160000181198121,1.034368996061377,0,0.0,0.0,0.0,0.0,0.0,
17/11/2020,3609.530029,3623.110107,3588.679932,3610.310059,4812180000,22.709999084472656,92.41999816894531,0.18,0.871999979019165,0.6919999790191651,0.987215504037544,0,0.0,0.0,0.0,0.0,0.0,
18/11/2020,3567.790039,3619.090088,3567.330078,3612.090088,5284810000,23.84000015258789,92.31999969482422,0.16,0.8820000290870667,0.7220000290870666,1.0560436644294122,0,0.0,0.0,0.0,0.0,0.0,
19/11/2020,3581.870117,3585.219971,3543.840088,3559.409912,4363370000,23.110000610351562,92.29000091552734,0.18,0.8539999723434448,0.6739999723434449,0.8913768694753315,0,0.0,0.0,0.0,0.0,0.0,
20/11/2020,3557.540039,3581.22998,3556.850098,3579.310059,4236370000,23.700000762939453,92.38999938964844,0.16,0.8289999961853027,0.6689999961853027,0.8828625422219851,0,0.0,0.0,0.0,0.0,0.0,
23/11/2020,3577.590088,3589.810059,3552.77002,3566.820068,5057550000,22.65999984741211,92.51000213623047,0.16,0.8569999933242798,0.6969999933242798,1.0645555243097244,0,0.0,0.0,0.0,0.0,0.0,
24/11/2020,3635.409912,3642.310059,3594.52002,3594.52002,6280290000,21.639999389648438,92.2300033569336,0.16,0.8820000290870667,0.7220000290870666,1.2449831280858,0,0.0,0.0,0.0,0.0,0.0,
25/11/2020,3629.649902,3635.5,3617.76001,3635.5,4910440000,21.25,91.98999786376953,0.17,0.878000020980835,0.7080000209808349,0.9880948260666242,0,0.0,0.0,0.0,0.0,0.0,
27/11/2020,3638.350098,3644.310059,3629.330078,3638.550049,2778390000,20.84000015258789,91.79000091552734,0.16,0.8420000076293945,0.6820000076293945,0.597168297866487,0,0.0,0.0,0.0,0.0,0.0,
30/11/2020,3621.629883,3634.179932,3594.389893,3634.179932,6308410000,20.56999969482422,91.87000274658203,0.16,0.843999981880188,0.683999981880188,1.2449950819180362,0,0.0,0.0,0.0,0.0,0.0,
01/12/2020,3662.449951,3678.449951,3645.870117,3645.870117,5418480000,20.770000457763672,91.30999755859375,0.17,0.9340000152587891,0.764000015258789,1.0543426781044996,0,0.0,0.0,0.0,0.0,0.0,
02/12/2020,3669.01001,3670.959961,3644.840088,3653.780029,5041250000,21.170000076293945,91.12000274658203,0.16,0.9480000138282776,0.7880000138282776,1.0306366651306356,0,0.0,0.0,0.0,0.0,0.0,
03/12/2020,3666.719971,3682.72998,3657.169922,3668.280029,5065340000,21.280000686645508,90.70999908447266,0.16,0.9200000166893005,0.7600000166893005,1.0290441157051455,0,0.0,0.0,0.0,0.0,0.0,
04/12/2020,3699.120117,3699.199951,3670.939941,3670.939941,5099620000,20.790000915527344,90.69999694824219,0.16,0.968999981880188,0.808999981880188,0.946719835444119,0,0.0,0.0,0.0,0.0,0.0,
07/12/2020,3691.959961,3697.409912,3678.879883,3694.72998,4804500000,21.299999237060547,90.79000091552734,0.14,0.9279999732971191,0.7879999732971191,0.9446820759921964,0,0.0,0.0,0.0,0.0,0.0,
08/12/2020,3702.25,3708.449951,3678.830078,3683.050049,4584390000,20.68000030517578,90.97000122070312,0.14,0.9129999876022339,0.7729999876022339,0.931972222109282,0,0.0,0.0,0.0,0.0,0.0,
09/12/2020,3672.820068,3712.389893,3660.540039,3705.97998,5232800000,22.270000457763672,91.08999633789062,0.16,0.9409999847412109,0.7809999847412109,1.0555682191825035,0,0.0,0.0,0.0,0.0,0.0,
10/12/2020,3668.100098,3678.48999,3645.179932,3659.129883,4658480000,22.520000457763672,90.79000091552734,0.14,0.9079999923706055,0.7679999923706055,0.9553978930909576,0,0.0,0.0,0.0,0.0,0.0,
11/12/2020,3663.459961,3665.909912,3633.399902,3656.080078,4375470000,23.309999465942383,90.9800033569336,0.11,0.8930000066757202,0.7830000066757202,0.924825961166132,0,0.0,0.0,0.0,0.0,0.0,
14/12/2020,3647.48999,3697.610107,3645.840088,3675.27002,4623850000,24.719999313354492,90.70999908447266,0.13,0.8920000195503235,0.7620000195503235,0.9848459999343984,0,0.0,0.0,0.0,0.0,0.0,
15/12/2020,3694.620117,3695.290039,3659.620117,3666.409912,4387080000,22.889999389648438,90.47000122070312,0.11,0.9229999780654907,0.8129999780654907,0.9423361778321552,0,0.0,0.0,0.0,0.0,0.0,
16/12/2020,3701.169922,3711.27002,3688.570068,3696.25,4067040000,22.5,90.44999694824219,0.13,0.9200000166893005,0.7900000166893005,0.9196487686279616,1,0.84375,0.0590990015496946,0.147945205479452,0.6767123287671233,0.1753424657534246,1.0
17/12/2020,3722.47998,3725.120117,3710.870117,3713.649902,4192810000,21.93000030517578,89.81999969482422,0.13,0.9300000071525574,0.8000000071525574,0.9684841485245712,0,0.0,0.0,0.0,0.0,0.0,
18/12/2020,3709.409912,3726.699951,3685.840088,3722.389893,7097100000,21.56999969482422,90.0199966430664,0.13,0.9480000138282776,0.8180000138282776,1.456240756274243,0,0.0,0.0,0.0,0.0,0.0,
21/12/2020,3694.919922,3702.899902,3636.47998,3684.280029,4748580000,25.15999984741211,90.04000091552734,0.13,0.9409999847412109,0.8109999847412109,0.9693903589695014,0,0.0,0.0,0.0,0.0,0.0,
22/12/2020,3687.26001,3698.26001,3676.159912,3698.080078,4053310000,24.229999542236328,90.6500015258789,0.13,0.9179999828338623,0.7879999828338623,0.8388875459252183,0,0.0,0.0,0.0,0.0,0.0,
23/12/2020,3690.01001,3711.23999,3689.280029,3693.419922,3779160000,23.309999465942383,90.41000366210938,0.13,0.9549999833106995,0.8249999833106995,0.7915810675398057,0,0.0,0.0,0.0,0.0,0.0,
24/12/2020,3703.060059,3703.820068,3689.320068,3694.030029,1883780000,21.530000686645508,90.33000183105469,0.13,0.9279999732971191,0.7979999732971191,0.4368300982333214,0,0.0,0.0,0.0,0.0,0.0,
28/12/2020,3735.360107,3740.51001,3723.030029,3723.030029,3535460000,21.700000762939453,90.33999633789062,0.13,0.9330000281333923,0.8030000281333923,0.9820564002024412,0,0.0,0.0,0.0,0.0,0.0,
29/12/2020,3727.040039,3756.120117,3723.310059,3750.01001,3393290000,23.079999923706055,90.01000213623047,0.12,0.9350000023841858,0.8150000023841858,1.0193121057374588,0,0.0,0.0,0.0,0.0,0.0,
30/12/2020,3732.040039,3744.629883,3730.209961,3736.189941,3154850000,22.770000457763672,89.62999725341797,0.12,0.9259999990463257,0.8059999990463257,1.0017597516660803,0,0.0,0.0,0.0,0.0,0.0,
31/12/2020,3756.070068,3760.199951,3726.879883,3733.27002,3179040000,22.75,89.94000244140625,0.13,0.9169999957084656,0.7869999957084656,1.0494361043731786,0,0.0,0.0,0.0,0.0,0.0,
04/01/2021,3700.649902,3769.98999,3662.709961,3764.610107,5015000000,26.969999313354492,89.87999725341797,0.11,0.9169999957084656,0.8069999957084656,1.371894839815206,0,0.0,0.0,0.0,0.0,0.0,
05/01/2021,3726.860107,3737.830078,3695.070068,3698.02002,4591020000,25.34000015258789,89.44000244140625,0.13,0.9549999833106995,0.8249999833106995,1.187340947178946,0,0.0,0.0,0.0,0.0,0.0,
06/01/2021,3748.139893,3783.040039,3705.340088,3712.199951,6064110000,25.06999969482422,89.52999877929688,0.14,1.0420000553131104,0.9020000553131103,1.3779550282175712,0,0.0,0.0,0.0,0.0,0.0,
07/01/2021,3803.790039,3811.550049,3764.709961,3764.709961,5099160000,22.3700008392334,89.83000183105469,0.14,1.0709999799728394,0.9309999799728393,1.0646170317512744,0,0.0,0.0,0.0,0.0,0.0,
08/01/2021,3824.679932,3826.689941,3783.600098,3815.050049,4773040000,21.559999465942383,90.0999984741211,0.14,1.1050000190734863,0.9650000190734863,0.9343391930180216,0,0.0,0.0,0.0,0.0,0.0,
11/01/2021,3799.610107,3817.860107,3789.02002,3803.139893,4465430000,24.079999923706055,90.54000091552734,0.14,1.1319999694824219,0.9919999694824219,0.8933447126287773,0,0.0,0.0,0.0,0.0,0.0,
12/01/2021,3801.189941,3810.780029,3776.51001,3801.620117,4994950000,23.329999923706055,90.05000305175781,0.14,1.1380000114440918,0.9980000114440918,0.98338602392674,0,0.0,0.0,0.0,0.0,0.0,
13/01/2021,3809.840088,3820.959961,3791.5,3802.22998,4602510000,22.209999084472656,90.31999969482422,0.14,1.0880000591278076,0.9480000591278076,0.9614565894675976,0,0.0,0.0,0.0,0.0,0.0,
14/01/2021,3795.540039,3823.600098,3792.860107,3814.97998,5198480000,23.25,90.23999786376953,0.16,1.128999948501587,0.9689999485015869,1.0814661146248232,0,0.0,0.0,0.0,0.0,0.0,
15/01/2021,3768.25,3788.72998,3749.620117,3788.72998,5369820000,24.34000015258789,90.77999877929688,0.13,1.097000002861023,0.967000002861023,1.0900447765617496,0,0.0,0.0,0.0,0.0,0.0,
19/01/2021,3798.909912,3804.530029,3780.370117,3781.879883,5014440000,23.239999771118164,90.5,0.14,1.0920000076293945,0.9520000076293945,0.995710915719494,0,0.0,0.0,0.0,0.0,0.0,
20/01/2021,3851.850098,3859.75,3816.219971,3816.219971,4566190000,21.579999923706055,90.47000122070312,0.13,1.090000033378601,0.9600000333786011,0.9224089588322942,0,0.0,0.0,0.0,0.0,0.0,
21/01/2021,3853.070068,3861.449951,3845.050049,3857.459961,4501760000,21.31999969482422,90.12999725341797,0.13,1.1089999675750732,0.9789999675750732,0.9131103429559172,0,0.0,0.0,0.0,0.0,0.0,
22/01/2021,3841.469971,3852.310059,3830.409912,3844.23999,5110890000,21.90999984741211,90.23999786376953,0.13,1.090999960899353,0.960999960899353,1.040359319467005,0,0.0,0.0,0.0,0.0,0.0,
25/01/2021,3855.360107,3859.22998,3797.159912,3851.679932,7000840000,23.190000534057617,90.38999938964844,0.13,1.0399999618530273,0.9099999618530273,1.3363380789276371,0,0.0,0.0,0.0,0.0,0.0,
26/01/2021,3849.620117,3870.899902,3847.780029,3862.959961,6137500000,23.020000457763672,90.16999816894531,0.11,1.0399999618530273,0.9299999618530274,1.1233773032209036,0,0.0,0.0,0.0,0.0,0.0,
27/01/2021,3750.77002,3836.830078,3732.47998,3836.830078,9976520000,37.209999084472656,90.6500015258789,0.12,1.0140000581741333,0.8940000581741333,1.5241795052541425,1,0.8518518518518519,0.0481183197106115,0.1364985163204747,0.7032640949554896,0.1602373887240356,1.0
28/01/2021,3787.379883,3830.5,3755.75,3755.75,6992770000,30.209999084472656,90.45999908447266,0.12,1.0570000410079956,0.9370000410079956,0.9927688613831588,0,0.0,0.0,0.0,0.0,0.0,
29/01/2021,3714.23999,3778.050049,3694.120117,3778.050049,6643370000,33.09000015258789,90.58000183105469,0.11,1.093000054359436,0.983000054359436,0.9038352697885772,0,0.0,0.0,0.0,0.0,0.0,
01/02/2021,3773.860107,3784.320068,3725.620117,3731.169922,5436230000,30.239999771118164,91.0199966430664,0.11,1.0770000219345093,0.9670000219345093,0.7724904430377768,0,0.0,0.0,0.0,0.0,0.0,
02/02/2021,3826.310059,3843.090088,3791.840088,3791.840088,5514090000,25.559999465942383,91.19999694824219,0.11,1.1050000190734863,0.9950000190734863,0.7976872943247371,0,0.0,0.0,0.0,0.0,0.0,
03/02/2021,3830.169922,3847.51001,3816.679932,3840.27002,4864870000,22.90999984741211,91.12000274658203,0.11,1.13100004196167,1.0210000419616698,0.8259168601214274,0,0.0,0.0,0.0,0.0,0.0,
04/02/2021,3871.73999,3872.419922,3836.659912,3836.659912,4879240000,21.770000457763672,91.52999877929688,0.11,1.1390000581741333,1.0290000581741332,0.8923980715346517,0,0.0,0.0,0.0,0.0,0.0,
05/02/2021,3886.830078,3894.560059,3874.929932,3878.300049,4879470000,20.8700008392334,91.04000091552734,0.09,1.1699999570846558,1.0799999570846557,0.9539941111836676,0,0.0,0.0,0.0,0.0,0.0,
08/02/2021,3915.590088,3915.77002,3892.590088,3892.590088,4648360000,21.239999771118164,90.93000030517578,0.11,1.159999966621399,1.0499999666213988,0.9376975659272582,0,0.0,0.0,0.0,0.0,0.0,
09/02/2021,3911.22998,3918.350098,3902.639893,3910.48999,4568320000,21.6299991607666,90.44000244140625,0.11,1.156999945640564,1.0469999456405639,0.9581103561790014,0,0.0,0.0,0.0,0.0,0.0,
10/02/2021,3909.879883,3931.5,3884.939941,3920.780029,4837070000,21.989999771118164,90.37000274658203,0.11,1.1330000162124634,1.0230000162124633,1.0156594488767643,0,0.0,0.0,0.0,0.0,0.0,
11/02/2021,3916.379883,3925.98999,3890.389893,3916.399902,4590960000,21.25,90.41999816894531,0.11,1.1579999923706055,1.0479999923706054,0.9757959682335368,0,0.0,0.0,0.0,0.0,0.0,
12/02/2021,3934.830078,3937.22998,3905.780029,3911.649902,4135060000,19.969999313354492,90.4800033569336,0.11,1.2000000476837158,1.0900000476837157,0.9076167143039636,0,0.0,0.0,0.0,0.0,0.0,
16/02/2021,3932.590088,3950.429932,3923.850098,3939.610107,5058990000,21.459999084472656,90.51000213623047,0.13,1.2990000247955322,1.1690000247955323,1.0907509141713814,0,0.0,0.0,0.0,0.0,0.0,
17/02/2021,3931.330078,3933.610107,3900.429932,3918.5,4730650000,21.5,90.94999694824219,0.11,1.3009999990463257,1.1909999990463256,1.0128687309792046,0,0.0,0.0,0.0,0.0,0.0,
18/02/2021,3913.969971,3921.97998,3885.030029,3915.860107,4793650000,22.489999771118164,90.58999633789062,0.11,1.2869999408721924,1.1769999408721923,1.0282693910716365,0,0.0,0.0,0.0,0.0,0.0,
19/02/2021,3906.709961,3930.409912,3903.070068,3921.159912,4845320000,22.049999237060547,90.36000061035156,0.11,1.3450000286102295,1.2350000286102294,1.0281335632352686,0,0.0,0.0,0.0,0.0,0.0,
22/02/2021,3876.5,3902.919922,3874.709961,3885.550049,5917100000,23.450000762939453,90.01000213623047,0.11,1.3700000047683716,1.2600000047683715,1.167278407272868,0,0.0,0.0,0.0,0.0,0.0,
23/02/2021,3881.370117,3895.97998,3805.590088,3857.070068,6296610000,23.110000610351562,90.16999816894531,0.11,1.3619999885559082,1.251999988555908,1.1843155090050794,0,0.0,0.0,0.0,0.0,0.0,
24/02/2021,3925.429932,3928.649902,3859.600098,3873.709961,6012790000,21.34000015258789,90.18000030517578,0.12,1.3890000581741333,1.2690000581741332,1.078896210973653,0,0.0,0.0,0.0,0.0,0.0,
25/02/2021,3829.340088,3925.02002,3814.040039,3915.800049,6547470000,28.889999389648438,90.12999725341797,0.17,1.5180000066757202,1.3480000066757203,1.1052712607223198,0,0.0,0.0,0.0,0.0,0.0,
26/02/2021,3811.149902,3861.080078,3789.540039,3839.659912,6526070000,27.950000762939453,90.93000030517578,0.14,1.4600000381469727,1.3200000381469725,1.042501862617428,0,0.0,0.0,0.0,0.0,0.0,
01/03/2021,3901.820068,3914.5,3842.51001,3842.51001,5114820000,23.350000381469727,91.04000091552734,0.13,1.4459999799728394,1.3159999799728395,0.8385566677683869,0,0.0,0.0,0.0,0.0,0.0,
02/03/2021,3870.290039,3906.409912,3868.570068,3903.639893,5536010000,24.100000381469727,90.79000091552734,0.13,1.4149999618530273,1.2849999618530275,0.9308235890717204,0,0.0,0.0,0.0,0.0,0.0,
03/03/2021,3819.719971,3874.469971,3818.860107,3863.98999,6173660000,26.670000076293945,90.94999694824219,0.14,1.4700000286102295,1.3300000286102294,1.0324526398562046,0,0.0,0.0,0.0,0.0,0.0,
04/03/2021,3768.469971,3843.669922,3723.340088,3818.530029,7195400000,28.56999969482422,91.62999725341797,0.14,1.5499999523162842,1.409999952316284,1.1777989626124044,0,0.0,0.0,0.0,0.0,0.0,
05/03/2021,3841.939941,3851.689941,3730.189941,3793.580078,6851070000,24.65999984741211,91.9800033569336,0.14,1.5540000200271606,1.4140000200271605,1.1096302155812452,0,0.0,0.0,0.0,0.0,0.0,
08/03/2021,3821.350098,3881.060059,3819.25,3844.389893,5871710000,25.469999313354492,92.30999755859375,0.17,1.5959999561309814,1.4259999561309815,0.9282499442737968,0,0.0,0.0,0.0,0.0,0.0,
09/03/2021,3875.439941,3903.76001,3851.929932,3851.929932,5513560000,24.030000686645508,91.95999908447266,0.17,1.5460000038146973,1.3760000038146973,0.872249678852348,0,0.0,0.0,0.0,0.0,0.0,
10/03/2021,3898.810059,3917.350098,3885.72998,3891.98999,5847380000,22.559999465942383,91.79000091552734,0.16,1.5199999809265137,1.3599999809265138,0.9347098000199494,0,0.0,0.0,0.0,0.0,0.0,
11/03/2021,3939.340088,3960.27002,3915.540039,3915.540039,5312880000,21.90999984741211,91.41999816894531,0.14,1.5269999504089355,1.3869999504089354,0.903655524788581,0,0.0,0.0,0.0,0.0,0.0,
12/03/2021,3943.340088,3944.98999,3915.209961,3924.52002,4476280000,20.690000534057617,91.68000030517578,0.14,1.6349999904632568,1.4949999904632567,0.828271681282638,0,0.0,0.0,0.0,0.0,0.0,
15/03/2021,3968.939941,3970.080078,3923.540039,3942.959961,4900100000,20.030000686645508,91.83000183105469,0.14,1.6069999933242798,1.4669999933242797,0.9405110133511452,0,0.0,0.0,0.0,0.0,0.0,
16/03/2021,3962.709961,3981.040039,3953.439941,3973.590088,4613080000,19.790000915527344,91.87000274658203,0.15,1.621000051498413,1.4710000514984132,0.9171235305999432,0,0.0,0.0,0.0,0.0,0.0,
17/03/2021,3974.120117,3983.870117,3935.73999,3949.570068,4561660000,19.229999542236328,91.4000015258789,0.13,1.6410000324249268,1.5110000324249269,0.9557618169627892,1,0.7014925373134329,0.0710083228974219,0.1256684491978609,0.6951871657754011,0.1791443850267379,1.0
18/03/2021,3915.459961,3969.620117,3910.860107,3953.5,5118590000,21.579999923706055,91.8499984741211,0.16,1.7300000190734863,1.5700000190734864,1.0812532134952224,0,0.0,0.0,0.0,0.0,0.0,
19/03/2021,3913.100098,3930.120117,3886.75,3913.139893,7757420000,20.950000762939453,91.91999816894531,0.16,1.7319999933242798,1.5719999933242799,1.4391790982473651,0,0.0,0.0,0.0,0.0,0.0,
22/03/2021,3940.590088,3955.310059,3914.159912,3916.47998,4316260000,18.8799991607666,91.80000305175781,0.15,1.684000015258789,1.5340000152587892,0.8184962951809857,0,0.0,0.0,0.0,0.0,0.0,
23/03/2021,3910.52002,3949.129883,3901.570068,3937.600098,4669010000,20.299999237060547,92.33999633789062,0.15,1.6380000114440918,1.4880000114440919,0.883514476436006,0,0.0,0.0,0.0,0.0,0.0,
24/03/2021,3889.139893,3942.080078,3889.070068,3919.929932,4783020000,21.200000762939453,92.52999877929688,0.14,1.6139999628067017,1.4739999628067015,0.897569086070942,0,0.0,0.0,0.0,0.0,0.0,
25/03/2021,3909.52002,3919.540039,3853.5,3879.340088,4948340000,19.809999465942383,92.87999725341797,0.14,1.6139999628067017,1.4739999628067015,0.9345642242120114,0,0.0,0.0,0.0,0.0,0.0,
26/03/2021,3974.540039,3978.189941,3917.120117,3917.120117,5483160000,18.860000610351562,92.7699966430664,0.14,1.659999966621399,1.5199999666213988,1.1328941284201226,0,0.0,0.0,0.0,0.0,0.0,
29/03/2021,3971.090088,3981.830078,3943.25,3969.310059,4628180000,20.739999771118164,92.94000244140625,0.14,1.7209999561309814,1.5809999561309813,0.94407530115198,0,0.0,0.0,0.0,0.0,0.0,
30/03/2021,3958.550049,3968.01001,3944.350098,3963.340088,4121510000,19.610000610351562,93.30000305175781,0.16,1.7259999513626099,1.56599995136261,0.8599302877082116,0,0.0,0.0,0.0,0.0,0.0,
31/03/2021,3972.889893,3994.409912,3966.97998,3967.25,4578050000,19.399999618530273,93.2300033569336,0.16,1.746000051498413,1.5860000514984132,0.9634251768995978,0,0.0,0.0,0.0,0.0,0.0,
01/04/2021,4019.870117,4020.629883,3992.780029,3992.780029,4162130000,17.329999923706055,92.93000030517578,0.17,1.6790000200271606,1.5090000200271607,0.9058731042444118,0,0.0,0.0,0.0,0.0,0.0,
05/04/2021,4077.909912,4083.419922,4034.439941,4034.439941,4005030000,17.90999984741211,92.5999984741211,0.17,1.7200000286102295,1.5500000286102296,0.9316233152980474,0,0.0,0.0,0.0,0.0,0.0,
06/04/2021,4073.939941,4086.22998,4068.139893,4075.570068,4081270000,18.1200008392334,92.33999633789062,0.16,1.656000018119812,1.496000018119812,0.9741435813173484,0,0.0,0.0,0.0,0.0,0.0,
07/04/2021,4079.949951,4083.129883,4068.310059,4074.290039,4120810000,17.15999984741211,92.45999908447266,0.16,1.652999997138977,1.4929999971389771,0.9836141095101084,0,0.0,0.0,0.0,0.0,0.0,
08/04/2021,4097.169922,4098.189941,4082.540039,4089.949951,3907100000,16.950000762939453,92.05999755859375,0.14,1.6319999694824219,1.4919999694824218,0.9634628340223136,0,0.0,0.0,0.0,0.0,0.0,
09/04/2021,4128.799805,4129.47998,4095.51001,4096.109863,3640390000,16.690000534057617,92.16000366210938,0.16,1.6660000085830688,1.506000008583069,0.9214031162362184,0,0.0,0.0,0.0,0.0,0.0,
12/04/2021,4127.990234,4131.759766,4114.819824,4124.709961,3588900000,16.90999984741211,92.13999938964844,0.18,1.6749999523162842,1.4949999523162842,0.9279172550879154,0,0.0,0.0,0.0,0.0,0.0,
13/04/2021,4141.589844,4148.0,4124.430176,4130.100098,3734720000,16.649999618530273,91.8499984741211,0.16,1.6230000257492065,1.4630000257492066,0.983239188033648,0,0.0,0.0,0.0,0.0,0.0,
14/04/2021,4124.660156,4151.689941,4120.870117,4141.580078,3985350000,16.989999771118164,91.69000244140625,0.16,1.6380000114440918,1.4780000114440919,1.0567598584251765,0,0.0,0.0,0.0,0.0,0.0,
15/04/2021,4170.419922,4173.490234,4139.759766,4139.759766,4033420000,16.56999969482422,91.66999816894531,0.16,1.5299999713897705,1.3699999713897706,1.0623891758741344,0,0.0,0.0,0.0,0.0,0.0,
16/04/2021,4185.470215,4191.310059,4170.75,4174.140137,4163820000,16.25,91.55999755859375,0.16,1.5729999542236328,1.412999954223633,1.0673062578532682,0,0.0,0.0,0.0,0.0,0.0,
19/04/2021,4163.259766,4180.810059,4150.470215,4179.799805,3810290000,17.290000915527344,91.06999969482422,0.16,1.6009999513626099,1.44099995136261,0.9657256838135404,0,0.0,0.0,0.0,0.0,0.0,
20/04/2021,4134.939941,4159.180176,4118.379883,4159.180176,4342650000,18.68000030517578,91.23999786376953,0.15,1.562000036239624,1.4120000362396241,1.067749402154751,0,0.0,0.0,0.0,0.0,0.0,
21/04/2021,4173.419922,4175.02002,4126.350098,4128.419922,3887250000,17.5,91.16000366210938,0.15,1.5640000104904175,1.4140000104904176,0.9604109810386002,0,0.0,0.0,0.0,0.0,0.0,
22/04/2021,4134.97998,4179.569824,4123.689941,4170.459961,4245140000,18.709999084472656,91.33000183105469,0.16,1.5540000200271606,1.3940000200271607,1.0379746835443038,0,0.0,0.0,0.0,0.0,0.0,
23/04/2021,4180.169922,4194.169922,4138.779785,4138.779785,3569880000,17.329999923706055,90.86000061035156,0.16,1.5670000314712524,1.4070000314712525,0.8989781523338207,0,0.0,0.0,0.0,0.0,0.0,
26/04/2021,4187.620117,4194.189941,4182.359863,4185.029785,3748320000,17.639999389648438,90.80999755859375,0.18,1.5700000524520874,1.3900000524520875,0.9468687289195704,0,0.0,0.0,0.0,0.0,0.0,
27/04/2021,4186.720215,4193.350098,4176.220215,4188.25,3710700000,17.559999465942383,90.91000366210938,0.17,1.621999979019165,1.451999979019165,0.9682803193313184,0,0.0,0.0,0.0,0.0,0.0,
28/04/2021,4183.180176,4201.529785,4181.779785,4185.140137,3787360000,17.280000686645508,90.61000061035156,0.17,1.6200000047683716,1.4500000047683717,0.9934632293535628,1,0.75,0.0649100481764571,0.1495016611295681,0.6511627906976745,0.1993355481727574,1.0
29/04/2021,4211.470215,4218.779785,4176.810059,4206.140137,4298680000,17.610000610351562,90.61000061035156,0.16,1.6399999856948853,1.4799999856948853,1.1244293730453772,0,0.0,0.0,0.0,0.0,0.0,
30/04/2021,4181.169922,4198.100098,4174.850098,4198.100098,4300880000,18.610000610351562,91.27999877929688,0.16,1.63100004196167,1.47100004196167,1.0835667144010313,0,0.0,0.0,0.0,0.0,0.0,
03/05/2021,4192.660156,4209.390137,4188.029785,4191.97998,4070220000,18.309999465942383,90.94999694824219,0.16,1.6069999933242798,1.4469999933242799,1.0090867440439828,0,0.0,0.0,0.0,0.0,0.0,
04/05/2021,4164.660156,4179.040039,4128.589844,4179.040039,4452460000,19.479999542236328,91.29000091552734,0.16,1.5920000076293945,1.4320000076293946,1.0646927726977082,0,0.0,0.0,0.0,0.0,0.0,
05/05/2021,4167.589844,4187.720215,4160.939941,4177.060059,4230920000,19.149999618530273,91.30999755859375,0.16,1.5839999914169312,1.4239999914169312,0.9907011421260368,0,0.0,0.0,0.0,0.0,0.0,
06/05/2021,4201.620117,4202.700195,4147.330078,4169.140137,4511000000,18.389999389648438,90.94999694824219,0.16,1.5609999895095825,1.4009999895095826,1.0458844412459172,0,0.0,0.0,0.0,0.0,0.0,
07/05/2021,4232.600098,4238.040039,4201.640137,4210.339844,4016080000,16.690000534057617,90.2300033569336,0.14,1.5770000219345093,1.4370000219345092,0.9435976669918442,0,0.0,0.0,0.0,0.0,0.0,
10/05/2021,4188.430176,4236.390137,4188.129883,4228.290039,4560700000,19.65999984741211,90.20999908447266,0.16,1.6019999980926514,1.4419999980926514,1.04741777654475,0,0.0,0.0,0.0,0.0,0.0,
11/05/2021,4152.100098,4162.040039,4111.529785,4150.339844,4870710000,21.84000015258789,90.13999938964844,0.16,1.6239999532699585,1.4639999532699586,1.0975303083768335,0,0.0,0.0,0.0,0.0,0.0,
12/05/2021,4063.040039,4134.72998,4056.879883,4130.549805,4733070000,27.59000015258789,90.70999908447266,0.16,1.6950000524520874,1.5350000524520875,1.0429141936473296,0,0.0,0.0,0.0,0.0,0.0,
13/05/2021,4112.5,4131.580078,4074.98999,4074.98999,4779540000,23.1299991607666,90.75,0.16,1.6679999828338623,1.5079999828338624,1.0408360590763976,0,0.0,0.0,0.0,0.0,0.0,
14/05/2021,4173.850098,4183.129883,4129.580078,4129.580078,4008880000,18.809999465942383,90.31999969482422,0.16,1.6349999904632568,1.474999990463257,0.8732839859015636,0,0.0,0.0,0.0,0.0,0.0,
17/05/2021,4163.290039,4171.919922,4142.689941,4169.919922,4125050000,19.719999313354492,90.22000122070312,0.16,1.6399999856948853,1.4799999856948853,0.915975529871543,0,0.0,0.0,0.0,0.0,0.0,
18/05/2021,4127.830078,4169.149902,4125.990234,4165.939941,4398150000,21.34000015258789,89.75,0.16,1.6419999599456787,1.4819999599456788,0.9975531522557132,0,0.0,0.0,0.0,0.0,0.0,
19/05/2021,4115.680176,4116.930176,4061.409912,4098.450195,4247450000,22.18000030517578,90.19000244140625,0.16,1.6829999685287476,1.5229999685287476,0.9850726399608146,0,0.0,0.0,0.0,0.0,0.0,
20/05/2021,4159.120117,4172.799805,4121.970215,4121.970215,3978880000,20.670000076293945,89.80999755859375,0.15,1.6339999437332153,1.4839999437332154,0.9583778333697042,0,0.0,0.0,0.0,0.0,0.0,
21/05/2021,4155.859863,4188.720215,4151.720215,4168.609863,3995250000,20.149999618530273,90.0199966430664,0.17,1.6319999694824219,1.461999969482422,0.9629530898857448,0,0.0,0.0,0.0,0.0,0.0,
24/05/2021,4197.049805,4209.52002,4170.160156,4170.160156,3684800000,18.399999618530273,89.83000183105469,0.15,1.6080000400543213,1.4580000400543214,0.907383721760612,0,0.0,0.0,0.0,0.0,0.0,
25/05/2021,4188.129883,4213.419922,4182.52002,4205.939941,4182250000,18.84000015258789,89.63999938964844,0.15,1.5640000104904175,1.4140000104904176,1.040949532148285,0,0.0,0.0,0.0,0.0,0.0,
26/05/2021,4195.990234,4202.609863,4184.109863,4191.589844,4420890000,17.360000610351562,90.04000091552734,0.14,1.5740000009536743,1.4340000009536742,1.0909275310962798,0,0.0,0.0,0.0,0.0,0.0,
27/05/2021,4200.879883,4213.379883,4197.779785,4201.939941,6406310000,16.739999771118164,89.97000122070312,0.14,1.6100000143051147,1.4700000143051146,1.4117345027435595,0,0.0,0.0,0.0,0.0,0.0,
28/05/2021,4204.109863,4218.359863,4203.569824,4210.77002,4649250000,16.760000228881836,90.02999877929688,0.14,1.5809999704360962,1.440999970436096,0.9958339580611304,0,0.0,0.0,0.0,0.0,0.0,
01/06/2021,4202.040039,4234.120117,4197.589844,4216.52002,5074670000,17.899999618530273,89.83000183105469,0.16,1.6150000095367432,1.4550000095367432,1.025875163796927,0,0.0,0.0,0.0,0.0,0.0,
02/06/2021,4208.120117,4217.370117,4198.27002,4206.819824,5833670000,17.479999542236328,89.9000015258789,0.13,1.590999960899353,1.4609999608993531,1.1054986604024517,0,0.0,0.0,0.0,0.0,0.0,
03/06/2021,4192.850098,4204.390137,4167.930176,4191.430176,5587970000,18.040000915527344,90.5,0.16,1.625,1.465,1.0140818027959626,0,0.0,0.0,0.0,0.0,0.0,
04/06/2021,4229.890137,4233.450195,4206.049805,4206.049805,4139790000,16.420000076293945,90.13999938964844,0.14,1.559999942779541,1.419999942779541,0.818614335969247,0,0.0,0.0,0.0,0.0,0.0,
07/06/2021,4226.52002,4232.339844,4215.660156,4229.339844,4476920000,16.420000076293945,89.94999694824219,0.16,1.569000005722046,1.409000005722046,0.8913543651858677,0,0.0,0.0,0.0,0.0,0.0,
08/06/2021,4227.259766,4236.740234,4208.410156,4233.810059,4659620000,17.06999969482422,90.08000183105469,0.14,1.527999997138977,1.387999997138977,0.9433204429351886,0,0.0,0.0,0.0,0.0,0.0,
09/06/2021,4219.549805,4237.089844,4218.740234,4232.990234,4713260000,17.889999389648438,90.12000274658203,0.16,1.4889999628067017,1.3289999628067017,0.9995224272571038,0,0.0,0.0,0.0,0.0,0.0,
10/06/2021,4239.180176,4249.740234,4220.339844,4228.560059,4408210000,16.100000381469727,90.08000183105469,0.14,1.4589999914169312,1.318999991416931,0.9840720963666074,0,0.0,0.0,0.0,0.0,0.0,
11/06/2021,4247.439941,4248.379883,4232.25,4242.899902,3815010000,15.649999618530273,90.55999755859375,0.16,1.4620000123977661,1.3020000123977662,0.8641794371590295,0,0.0,0.0,0.0,0.0,0.0,
14/06/2021,4255.149902,4255.589844,4234.069824,4248.310059,4151200000,16.389999389648438,90.5199966430664,0.16,1.5010000467300415,1.3410000467300416,0.9544173299673984,0,0.0,0.0,0.0,0.0,0.0,
15/06/2021,4246.589844,4257.160156,4238.350098,4255.279785,4048940000,17.020000457763672,90.54000091552734,0.16,1.4989999532699585,1.3389999532699586,0.9578021462277316,0,0.0,0.0,0.0,0.0,0.0,
16/06/2021,4223.700195,4251.890137,4202.450195,4248.870117,4538350000,18.149999618530273,91.12999725341797,0.21,1.569000005722046,1.359000005722046,1.0825333429381476,1,0.6164383561643836,0.0880953821413699,0.1319648093841642,0.6539589442815249,0.2140762463343108,1.0
17/06/2021,4221.859863,4232.290039,4196.049805,4220.370117,5312680000,17.75,91.88999938964844,0.23,1.5110000371932983,1.2810000371932984,1.2148166712246948,0,0.0,0.0,0.0,0.0,0.0,
18/06/2021,4166.450195,4204.779785,4164.399902,4204.779785,6817010000,20.700000762939453,92.2300033569336,0.26,1.4500000476837158,1.1900000476837158,1.3706290528699727,0,0.0,0.0,0.0,0.0,0.0,
21/06/2021,4224.790039,4226.240234,4173.399902,4173.399902,4128950000,17.889999389648438,91.86000061035156,0.27,1.4839999675750732,1.2139999675750732,0.8309107366880611,0,0.0,0.0,0.0,0.0,0.0,
22/06/2021,4246.439941,4255.839844,4217.27002,4224.609863,3828390000,16.65999984741211,91.7300033569336,0.25,1.472000002861023,1.222000002861023,0.7773260757803534,0,0.0,0.0,0.0,0.0,0.0,
23/06/2021,4241.839844,4256.600098,4241.430176,4249.27002,3730350000,16.31999969482422,91.80000305175781,0.26,1.4869999885559082,1.2269999885559082,0.7831151033405017,0,0.0,0.0,0.0,0.0,0.0,
24/06/2021,4266.490234,4271.279785,4256.970215,4256.970215,3816660000,15.970000267028809,91.81999969482422,0.26,1.4869999885559082,1.2269999885559082,0.8549344663586806,0,0.0,0.0,0.0,0.0,0.0,
25/06/2021,4280.700195,4286.120117,4271.160156,4274.450195,7341450000,15.619999885559082,91.80999755859375,0.28,1.5360000133514404,1.2560000133514404,1.606739531992751,0,0.0,0.0,0.0,0.0,0.0,
28/06/2021,4290.609863,4292.140137,4274.669922,4284.899902,4147890000,15.760000228881836,91.87999725341797,0.25,1.4780000448226929,1.2280000448226929,0.9070494569367508,0,0.0,0.0,0.0,0.0,0.0,
29/06/2021,4291.799805,4300.52002,4287.040039,4293.209961,3707150000,16.020000457763672,92.05000305175781,0.27,1.4800000190734863,1.2100000190734863,0.8149910963572009,0,0.0,0.0,0.0,0.0,0.0,
30/06/2021,4297.5,4302.430176,4287.959961,4290.649902,4266040000,15.829999923706055,92.44000244140625,0.25,1.4429999589920044,1.1929999589920044,0.9162775852596244,0,0.0,0.0,0.0,0.0,0.0,
01/07/2021,4319.939941,4320.660156,4300.72998,4300.72998,3788230000,15.479999542236328,92.5999984741211,0.25,1.4800000190734863,1.2300000190734863,0.814646488974984,0,0.0,0.0,0.0,0.0,0.0,
02/07/2021,4352.339844,4355.430176,4326.600098,4326.600098,3225840000,15.069999694824219,92.2300033569336,0.24,1.430999994277954,1.190999994277954,0.8429095146889364,0,0.0,0.0,0.0,0.0,0.0,
06/07/2021,4343.540039,4356.459961,4314.370117,4356.459961,4309570000,16.440000534057617,92.55000305175781,0.22,1.3700000047683716,1.1500000047683716,1.1166523206143186,0,0.0,0.0,0.0,0.0,0.0,
07/07/2021,4358.129883,4361.879883,4329.790039,4351.009766,4037380000,16.200000762939453,92.63999938964844,0.22,1.3209999799728394,1.1009999799728394,1.0285238848813831,0,0.0,0.0,0.0,0.0,0.0,
08/07/2021,4320.819824,4330.879883,4289.370117,4321.069824,4347500000,19.0,92.36000061035156,0.19,1.2879999876022339,1.097999987602234,1.1029493843271845,0,0.0,0.0,0.0,0.0,0.0,
09/07/2021,4369.549805,4371.600098,4329.379883,4329.379883,3531120000,16.18000030517578,92.12999725341797,0.23,1.3559999465942383,1.1259999465942383,0.9076771298327474,0,0.0,0.0,0.0,0.0,0.0,
12/07/2021,4384.629883,4386.680176,4364.029785,4372.410156,3384460000,16.170000076293945,92.2300033569336,0.23,1.3630000352859497,1.1330000352859497,0.8629410561840039,0,0.0,0.0,0.0,0.0,0.0,
13/07/2021,4369.209961,4392.370117,4366.919922,4381.069824,3695430000,17.1200008392334,92.75,0.26,1.4149999618530273,1.1549999618530273,0.972691987582577,0,0.0,0.0,0.0,0.0,0.0,
14/07/2021,4374.299805,4393.680176,4362.359863,4380.109863,4006370000,16.329999923706055,92.41000366210938,0.23,1.3559999465942383,1.1259999465942383,1.0562603085281848,0,0.0,0.0,0.0,0.0,0.0,
15/07/2021,4360.029785,4369.02002,4340.700195,4369.02002,3905230000,17.010000228881836,92.62000274658203,0.23,1.2970000505447388,1.0670000505447388,1.0541791896498387,0,0.0,0.0,0.0,0.0,0.0,
16/07/2021,4327.160156,4375.089844,4322.529785,4367.430176,3985700000,18.450000762939453,92.69000244140625,0.25,1.2999999523162842,1.0499999523162842,1.050129128706621,0,0.0,0.0,0.0,0.0,0.0,
19/07/2021,4258.490234,4296.399902,4233.129883,4296.399902,5157660000,22.5,92.88999938964844,0.21,1.180999994277954,0.9709999942779541,1.2427862801614813,0,0.0,0.0,0.0,0.0,0.0,
20/07/2021,4323.060059,4336.839844,4262.049805,4265.109863,4438270000,19.729999542236328,92.97000122070312,0.2,1.2089999914169312,1.0089999914169312,1.0324809253890643,0,0.0,0.0,0.0,0.0,0.0,
21/07/2021,4358.689941,4359.700195,4331.129883,4331.129883,3810280000,17.90999984741211,92.75,0.22,1.2799999713897705,1.0599999713897705,0.8945520384427205,0,0.0,0.0,0.0,0.0,0.0,
22/07/2021,4367.47998,4369.870117,4350.060059,4361.27002,3358300000,17.690000534057617,92.81999969482422,0.2,1.2649999856948853,1.0649999856948853,0.809220725958918,0,0.0,0.0,0.0,0.0,0.0,
23/07/2021,4411.790039,4415.180176,4381.200195,4381.200195,4540070000,17.200000762939453,92.91000366210938,0.22,1.2860000133514404,1.0660000133514405,1.065515020713856,0,0.0,0.0,0.0,0.0,0.0,
26/07/2021,4422.299805,4422.72998,4405.450195,4409.580078,4275630000,17.579999923706055,92.6500015258789,0.22,1.2760000228881836,1.0560000228881836,1.046791414392424,0,0.0,0.0,0.0,0.0,0.0,
27/07/2021,4401.459961,4416.379883,4372.509766,4416.379883,4241950000,19.360000610351562,92.43000030517578,0.2,1.2339999675750732,1.0339999675750733,1.0486259673700933,0,0.0,0.0,0.0,0.0,0.0,
28/07/2021,4400.640137,4415.470215,4387.009766,4402.950195,4215290000,18.309999465942383,92.31999969482422,0.2,1.2610000371932983,1.0610000371932984,1.021579410641338,1,0.8703703703703703,0.0240092600159656,0.1394658753709199,0.7002967359050445,0.1602373887240356,1.0
29/07/2021,4419.149902,4429.970215,4403.589844,4403.589844,4044600000,17.700000762939453,91.86000061035156,0.2,1.2690000534057617,1.0690000534057618,0.9486554264704088,0,0.0,0.0,0.0,0.0,0.0,
30/07/2021,4395.259766,4412.25,4389.649902,4395.120117,3956740000,18.239999771118164,92.16999816894531,0.19,1.2389999628067017,1.0489999628067017,0.9541574045984872,0,0.0,0.0,0.0,0.0,0.0,
02/08/2021,4387.160156,4422.180176,4384.810059,4406.859863,3724090000,19.459999084472656,92.05000305175781,0.17,1.1740000247955322,1.0040000247955323,0.9225959697106478,0,0.0,0.0,0.0,0.0,0.0,
03/08/2021,4423.149902,4423.790039,4373.0,4392.740234,3965190000,18.040000915527344,92.08000183105469,0.17,1.1759999990463257,1.0059999990463258,0.9959831025057384,0,0.0,0.0,0.0,0.0,0.0,
04/08/2021,4402.660156,4416.169922,4400.22998,4415.950195,4260760000,17.969999313354492,92.2699966430664,0.17,1.184000015258789,1.0140000152587891,1.067785787248802,0,0.0,0.0,0.0,0.0,0.0,
05/08/2021,4429.100098,4429.759766,4408.859863,4408.859863,3769410000,17.280000686645508,92.23999786376953,0.21,1.2170000076293945,1.0070000076293946,0.9578607443819154,0,0.0,0.0,0.0,0.0,0.0,
06/08/2021,4436.52002,4440.819824,4429.069824,4429.069824,3451870000,16.149999618530273,92.80000305175781,0.21,1.2899999618530273,1.0799999618530274,0.900269256368367,0,0.0,0.0,0.0,0.0,0.0,
09/08/2021,4432.350098,4439.390137,4424.740234,4437.77002,3449280000,16.719999313354492,92.94999694824219,0.23,1.3170000314712524,1.0870000314712525,0.9126764677710328,0,0.0,0.0,0.0,0.0,0.0,
10/08/2021,4436.75,4445.209961,4430.029785,4435.790039,3886610000,16.790000915527344,93.05999755859375,0.24,1.3420000076293945,1.1020000076293945,1.032687973650662,0,0.0,0.0,0.0,0.0,0.0,
11/08/2021,4442.410156,4449.439941,4436.419922,4442.180176,3532560000,16.170000076293945,92.91000366210938,0.23,1.3289999961853027,1.0989999961853028,0.9763993160760276,0,0.0,0.0,0.0,0.0,0.0,
12/08/2021,4460.830078,4461.77002,4435.959961,4446.080078,3375310000,15.59000015258789,93.04000091552734,0.23,1.3669999837875366,1.1369999837875366,0.9537128658318468,0,0.0,0.0,0.0,0.0,0.0,
13/08/2021,4468.0,4468.370117,4460.819824,4464.839844,3016470000,15.449999809265137,92.5199966430664,0.23,1.2970000505447388,1.0670000505447388,0.873820916639002,0,0.0,0.0,0.0,0.0,0.0,
16/08/2021,4479.709961,4480.259766,4437.660156,4461.649902,3370640000,16.1200008392334,92.62999725341797,0.21,1.2569999694824219,1.046999969482422,0.9808871006699612,0,0.0,0.0,0.0,0.0,0.0,
17/08/2021,4448.080078,4462.120117,4417.830078,4462.120117,3836960000,17.90999984741211,93.12999725341797,0.23,1.2580000162124634,1.0280000162124634,1.1198264761609018,0,0.0,0.0,0.0,0.0,0.0,
18/08/2021,4400.27002,4454.319824,4397.589844,4440.939941,3755590000,21.56999969482422,93.13999938964844,0.23,1.2730000019073486,1.0430000019073487,1.081992651096487,0,0.0,0.0,0.0,0.0,0.0,
19/08/2021,4405.799805,4418.609863,4367.72998,4382.439941,4398410000,21.670000076293945,93.56999969482422,0.22,1.2419999837875366,1.0219999837875366,1.1966463290214917,0,0.0,0.0,0.0,0.0,0.0,
20/08/2021,4441.669922,4444.350098,4406.799805,4410.560059,3652610000,18.559999465942383,93.5,0.23,1.2599999904632568,1.0299999904632569,0.9604948088824096,0,0.0,0.0,0.0,0.0,0.0,
23/08/2021,4479.529785,4489.879883,4450.290039,4450.290039,3576530000,17.149999618530273,92.95999908447266,0.23,1.2549999952316284,1.0249999952316284,0.9304139936836956,0,0.0,0.0,0.0,0.0,0.0,
24/08/2021,4486.22998,4492.810059,4482.279785,4484.399902,3979220000,17.219999313354492,92.88999938964844,0.24,1.2899999618530273,1.0499999618530274,1.0275658545755786,0,0.0,0.0,0.0,0.0,0.0,
25/08/2021,4496.189941,4501.709961,4485.660156,4490.450195,3444700000,16.790000915527344,92.83000183105469,0.23,1.3420000076293945,1.1120000076293945,0.9040509734944338,0,0.0,0.0,0.0,0.0,0.0,
26/08/2021,4470.0,4495.899902,4468.990234,4493.75,3263980000,18.84000015258789,93.05999755859375,0.25,1.3420000076293945,1.0920000076293945,0.9108591597719268,0,0.0,0.0,0.0,0.0,0.0,
27/08/2021,4509.370117,4513.330078,4474.100098,4474.100098,3331200000,16.389999389648438,92.69000244140625,0.22,1.312000036239624,1.092000036239624,0.9465986725112996,0,0.0,0.0,0.0,0.0,0.0,
30/08/2021,4528.790039,4537.359863,4513.759766,4513.759766,3168660000,16.190000534057617,92.6500015258789,0.2,1.284999966621399,1.084999966621399,0.9217780560119528,0,0.0,0.0,0.0,0.0,0.0,
31/08/2021,4522.680176,4531.390137,4515.799805,4529.75,4290710000,16.479999542236328,92.62999725341797,0.2,1.3040000200271606,1.1040000200271607,1.2259696844150465,0,0.0,0.0,0.0,0.0,0.0,
01/09/2021,4524.089844,4537.109863,4522.02002,4528.799805,4057340000,16.110000610351562,92.44999694824219,0.2,1.3020000457763672,1.1020000457763672,1.1200763697217684,0,0.0,0.0,0.0,0.0,0.0,
02/09/2021,4536.950195,4545.850098,4524.660156,4534.47998,3735990000,16.40999984741211,92.2300033569336,0.2,1.2940000295639038,1.0940000295639039,1.0051684522624422,0,0.0,0.0,0.0,0.0,0.0,
03/09/2021,4535.430176,4541.450195,4521.299805,4532.419922,3217530000,16.40999984741211,92.04000091552734,0.21,1.3220000267028809,1.112000026702881,0.8710043134276075,0,0.0,0.0,0.0,0.0,0.0,
07/09/2021,4520.029785,4535.379883,4513.0,4535.379883,3822960000,18.139999389648438,92.5199966430664,0.22,1.3700000047683716,1.1500000047683716,0.9994912293269428,0,0.0,0.0,0.0,0.0,0.0,
08/09/2021,4514.069824,4521.790039,4493.950195,4518.089844,3750880000,17.959999084472656,92.6500015258789,0.22,1.3339999914169312,1.1139999914169312,1.0091311670352494,0,0.0,0.0,0.0,0.0,0.0,
09/09/2021,4493.279785,4529.899902,4492.069824,4513.02002,3735390000,18.799999237060547,92.4800033569336,0.23,1.2990000247955322,1.0690000247955322,1.022680045447701,0,0.0,0.0,0.0,0.0,0.0,
10/09/2021,4458.580078,4520.470215,4457.660156,4506.919922,3623180000,20.950000762939453,92.58000183105469,0.23,1.340999960899353,1.110999960899353,0.9981245117063748,0,0.0,0.0,0.0,0.0,0.0,
13/09/2021,4468.72998,4492.990234,4445.700195,4474.810059,3914220000,19.3700008392334,92.62000274658203,0.21,1.3240000009536743,1.1140000009536744,1.0384402941003246,0,0.0,0.0,0.0,0.0,0.0,
14/09/2021,4443.049805,4485.680176,4435.459961,4479.330078,3670460000,19.459999084472656,92.6500015258789,0.21,1.2769999504089355,1.0669999504089356,0.981714580994141,0,0.0,0.0,0.0,0.0,0.0,
15/09/2021,4480.700195,4486.870117,4438.370117,4447.490234,4032020000,18.18000030517578,92.48999786376953,0.21,1.3040000200271606,1.0940000200271607,1.0624407452436777,0,0.0,0.0,0.0,0.0,0.0,
16/09/2021,4473.75,4485.870117,4443.799805,4477.089844,3984560000,18.690000534057617,92.86000061035156,0.23,1.3309999704360962,1.1009999704360962,1.036326675835551,0,0.0,0.0,0.0,0.0,0.0,
17/09/2021,4432.990234,4471.52002,4427.759766,4469.740234,7289530000,20.809999465942383,93.19999694824219,0.23,1.3700000047683716,1.1400000047683716,1.5922408095133458,0,0.0,0.0,0.0,0.0,0.0,
20/09/2021,4357.72998,4402.950195,4305.910156,4402.950195,4898070000,25.709999084472656,93.23999786376953,0.23,1.309000015258789,1.079000015258789,1.025789289388238,0,0.0,0.0,0.0,0.0,0.0,
21/09/2021,4354.189941,4394.870117,4347.959961,4374.450195,3920920000,24.360000610351562,93.19999694824219,0.22,1.3240000009536743,1.1040000009536743,0.8126225383521727,0,0.0,0.0,0.0,0.0,0.0,
22/09/2021,4395.640137,4416.75,4367.430176,4367.430176,3939170000,20.8700008392334,93.45999908447266,0.25,1.3359999656677246,1.0859999656677246,0.8195591340802464,1,0.6792452830188679,0.063597104811175,0.1204013377926421,0.7023411371237458,0.177257525083612,1.0
23/09/2021,4448.97998,4465.399902,4406.75,4406.75,3916350000,18.6299991607666,93.0999984741211,0.27,1.409999966621399,1.139999966621399,0.8171305839916808,0,0.0,0.0,0.0,0.0,0.0,
24/09/2021,4455.47998,4463.120117,4430.27002,4438.040039,3384290000,17.75,93.33000183105469,0.29,1.4600000381469727,1.1700000381469726,0.8435923385247373,0,0.0,0.0,0.0,0.0,0.0,
27/09/2021,4443.109863,4457.299805,4436.189941,4442.120117,4058650000,18.760000228881836,93.37999725341797,0.31,1.4839999675750732,1.1739999675750732,1.0558743310137997,0,0.0,0.0,0.0,0.0,0.0,
28/09/2021,4352.629883,4419.540039,4346.330078,4419.540039,4416550000,23.25,93.7699966430664,0.31,1.534000039100647,1.224000039100647,1.1200983413145618,0,0.0,0.0,0.0,0.0,0.0,
29/09/2021,4359.459961,4385.569824,4355.080078,4362.410156,3712660000,22.559999465942383,94.33999633789062,0.3,1.5410000085830688,1.2410000085830688,0.952525848577366,0,0.0,0.0,0.0,0.0,0.0,
30/09/2021,4307.540039,4382.549805,4306.240234,4370.669922,4448140000,23.139999389648438,94.25,0.28,1.5290000438690186,1.2490000438690185,1.1109079838503837,0,0.0,0.0,0.0,0.0,0.0,
01/10/2021,4357.040039,4375.189941,4288.52002,4317.160156,4010370000,21.100000381469727,94.04000091552734,0.27,1.4789999723434448,1.2089999723434448,0.9712046233793156,0,0.0,0.0,0.0,0.0,0.0,
04/10/2021,4300.459961,4355.509766,4278.939941,4348.839844,4307870000,22.959999084472656,93.80999755859375,0.27,1.4809999465942383,1.2109999465942383,1.030808414598487,0,0.0,0.0,0.0,0.0,0.0,
05/10/2021,4345.720215,4369.22998,4309.870117,4309.870117,3902890000,21.299999237060547,93.9800033569336,0.28,1.5290000438690186,1.2490000438690185,0.957438770518788,0,0.0,0.0,0.0,0.0,0.0,
06/10/2021,4363.549805,4365.569824,4290.490234,4319.569824,4009630000,21.0,94.2699966430664,0.3,1.5240000486373901,1.22400004863739,0.9694978939885583,0,0.0,0.0,0.0,0.0,0.0,
07/10/2021,4399.759766,4429.970215,4383.72998,4383.72998,3843740000,19.540000915527344,94.22000122070312,0.32,1.5709999799728394,1.2509999799728393,0.9573688012154724,0,0.0,0.0,0.0,0.0,0.0,
08/10/2021,4391.339844,4412.02002,4386.220215,4406.509766,3280160000,18.770000457763672,94.06999969482422,0.32,1.6050000190734863,1.2850000190734863,0.8478367518270249,0,0.0,0.0,0.0,0.0,0.0,
11/10/2021,4361.189941,4415.879883,4360.589844,4385.439941,3281970000,20.0,94.31999969482422,0.32,1.6139999628067017,1.2850000190734863,0.8958128962206832,0,0.0,0.0,0.0,0.0,0.0,
12/10/2021,4350.649902,4374.890137,4342.089844,4368.310059,3558450000,19.850000381469727,94.5199966430664,0.35,1.5800000429153442,1.2300000429153441,0.9898909254782616,0,0.0,0.0,0.0,0.0,0.0,
13/10/2021,4363.799805,4372.870117,4329.919922,4358.009766,3620070000,18.639999389648438,94.08000183105469,0.37,1.5490000247955322,1.1790000247955321,1.0293419333852354,0,0.0,0.0,0.0,0.0,0.0,
14/10/2021,4438.259766,4439.72998,4386.75,4386.75,3598280000,16.860000610351562,93.95999908447266,0.36,1.5190000534057617,1.1590000534057618,1.0376303497389978,0,0.0,0.0,0.0,0.0,0.0,
15/10/2021,4471.370117,4475.819824,4447.689941,4447.689941,3819380000,16.299999237060547,93.94000244140625,0.41,1.5759999752044678,1.1659999752044679,1.0681698050413493,0,0.0,0.0,0.0,0.0,0.0,
18/10/2021,4486.459961,4488.75,4447.470215,4463.720215,3662010000,16.309999465942383,93.94999694824219,0.44,1.5839999914169312,1.1439999914169312,1.0028403691713144,0,0.0,0.0,0.0,0.0,0.0,
19/10/2021,4519.629883,4520.399902,4496.410156,4497.339844,3459130000,15.699999809265137,93.79000091552734,0.41,1.6349999904632568,1.224999990463257,0.952462901050561,0,0.0,0.0,0.0,0.0,0.0,
20/10/2021,4536.189941,4540.870117,4524.399902,4524.419922,3670760000,15.489999771118164,93.55999755859375,0.4,1.6360000371932983,1.2360000371932984,1.0079211139643132,0,0.0,0.0,0.0,0.0,0.0,
21/10/2021,4549.779785,4551.439941,4526.890137,4532.240234,3822330000,15.010000228881836,93.7699966430664,0.45,1.6759999990463257,1.2259999990463257,1.036782811397225,0,0.0,0.0,0.0,0.0,0.0,
22/10/2021,4544.899902,4559.669922,4524.0,4546.120117,3758220000,15.430000305175781,93.61000061035156,0.48,1.6549999713897705,1.1749999713897705,1.0227868357241414,0,0.0,0.0,0.0,0.0,0.0,
25/10/2021,4566.47998,4572.620117,4537.359863,4553.689941,3899400000,15.239999771118164,93.80999755859375,0.47,1.6349999904632568,1.1649999904632569,1.047671554403477,0,0.0,0.0,0.0,0.0,0.0,
26/10/2021,4574.790039,4598.529785,4569.169922,4578.689941,3879740000,15.979999542236328,93.94999694824219,0.47,1.61899995803833,1.14899995803833,1.0193505671174354,0,0.0,0.0,0.0,0.0,0.0,
27/10/2021,4551.680176,4584.569824,4551.660156,4580.220215,4226050000,16.979999542236328,93.86000061035156,0.5,1.5290000438690186,1.0290000438690186,1.0788589044886738,0,0.0,0.0,0.0,0.0,0.0,
28/10/2021,4596.419922,4597.549805,4562.839844,4562.839844,4132950000,16.530000686645508,93.3499984741211,0.5,1.5679999589920044,1.0679999589920044,1.03861962690663,0,0.0,0.0,0.0,0.0,0.0,
29/10/2021,4605.379883,4608.080078,4567.589844,4572.870117,4510200000,16.260000228881836,94.12000274658203,0.48,1.5570000410079956,1.0770000410079956,1.092145906160011,0,0.0,0.0,0.0,0.0,0.0,
01/11/2021,4613.669922,4620.339844,4595.060059,4610.620117,3971540000,16.40999984741211,93.87999725341797,0.5,1.5750000476837158,1.0750000476837158,0.9583610032200026,0,0.0,0.0,0.0,0.0,0.0,
02/11/2021,4630.649902,4635.149902,4613.339844,4613.339844,3975250000,16.030000686645508,94.08999633789062,0.46,1.5490000247955322,1.0890000247955323,0.9548548976051584,0,0.0,0.0,0.0,0.0,0.0,
03/11/2021,4660.569824,4663.459961,4621.189941,4630.649902,4319660000,15.100000381469727,93.86000061035156,0.47,1.5789999961853027,1.1089999961853028,1.0329370241420208,1,1.0476190476190477,-0.0079603247096141,0.1466666666666666,0.7133333333333334,0.14,0.0
04/11/2021,4680.060059,4683.0,4662.589844,4662.930176,4462300000,15.4399995803833,94.3499984741211,0.41,1.5240000486373901,1.1140000486373902,1.0504992007608662,0,0.0,0.0,0.0,0.0,0.0,
05/11/2021,4697.529785,4718.5,4681.319824,4699.259766,4467180000,16.479999542236328,94.31999969482422,0.39,1.4529999494552612,1.062999949455261,1.0537824950356036,0,0.0,0.0,0.0,0.0,0.0,
08/11/2021,4701.700195,4714.919922,4694.390137,4701.47998,4269710000,17.219999313354492,94.05000305175781,0.45,1.496999979019165,1.046999979019165,0.9932283742980632,0,0.0,0.0,0.0,0.0,0.0,
09/11/2021,4685.25,4708.529785,4670.870117,4707.25,4117080000,17.780000686645508,93.95999908447266,0.41,1.4320000410079956,1.0220000410079957,0.9514451192992396,0,0.0,0.0,0.0,0.0,0.0,
10/11/2021,4646.709961,4684.850098,4630.859863,4670.259766,4503720000,18.729999542236328,94.8499984741211,0.51,1.559999942779541,1.049999942779541,1.0320169715934793,0,0.0,0.0,0.0,0.0,0.0,
11/11/2021,4649.27002,4664.549805,4648.310059,4659.390137,3926870000,17.65999984741211,95.18000030517578,0.51,1.559999942779541,1.049999942779541,0.9224691513472676,0,0.0,0.0,0.0,0.0,0.0,
12/11/2021,4682.850098,4688.470215,4650.77002,4655.240234,3728600000,16.290000915527344,95.12999725341797,0.53,1.5820000171661377,1.0520000171661377,0.9073794484371152,0,0.0,0.0,0.0,0.0,0.0,
15/11/2021,4682.799805,4697.419922,4672.859863,4689.299805,3488410000,16.489999771118164,95.41000366210938,0.53,1.6230000257492065,1.0930000257492065,0.8824858282552512,0,0.0,0.0,0.0,0.0,0.0,
16/11/2021,4700.899902,4714.950195,4679.419922,4679.419922,3972640000,16.3700008392334,95.91999816894531,0.54,1.6339999437332153,1.0939999437332153,1.0123831308893263,0,0.0,0.0,0.0,0.0,0.0,
17/11/2021,4688.669922,4701.5,4684.410156,4701.5,3969070000,17.110000610351562,95.83000183105469,0.52,1.6039999723434448,1.0839999723434448,1.0398080436601649,0,0.0,0.0,0.0,0.0,0.0,
18/11/2021,4704.540039,4708.799805,4672.779785,4700.720215,4226410000,17.59000015258789,95.54000091552734,0.52,1.5889999866485596,1.0689999866485596,1.0901164965104695,0,0.0,0.0,0.0,0.0,0.0,
19/11/2021,4697.959961,4717.75,4694.220215,4708.439941,4253180000,17.90999984741211,96.06999969482422,0.52,1.5360000133514404,1.0160000133514404,1.068117014260881,0,0.0,0.0,0.0,0.0,0.0,
22/11/2021,4682.939941,4743.830078,4682.169922,4712.0,4441100000,19.170000076293945,96.5,0.63,1.625,0.995,1.0643789784492677,0,0.0,0.0,0.0,0.0,0.0,
23/11/2021,4690.700195,4699.390137,4652.660156,4678.47998,4277590000,19.3799991607666,96.48999786376953,0.6,1.6670000553131104,1.0670000553131103,1.0104217107951634,0,0.0,0.0,0.0,0.0,0.0,
24/11/2021,4701.459961,4702.870117,4659.890137,4675.779785,3418430000,18.579999923706055,96.83999633789062,0.64,1.6449999809265137,1.0049999809265135,0.8290435282836107,0,0.0,0.0,0.0,0.0,0.0,
26/11/2021,4594.620117,4664.629883,4585.430176,4664.629883,3517700000,28.6200008392334,96.08999633789062,0.5,1.4819999933242798,0.9819999933242798,0.8834890496282901,0,0.0,0.0,0.0,0.0,0.0,
29/11/2021,4655.27002,4672.950195,4625.259766,4628.75,4336410000,22.959999084472656,96.33999633789062,0.51,1.5299999713897705,1.0199999713897705,1.0845780874913649,0,0.0,0.0,0.0,0.0,0.0,
30/11/2021,4567.0,4646.02002,4560.0,4640.25,6625990000,27.190000534057617,95.98999786376953,0.52,1.4429999589920044,0.9229999589920044,1.4939470926383875,0,0.0,0.0,0.0,0.0,0.0,
01/12/2021,4513.040039,4652.939941,4510.27002,4602.819824,5366730000,31.1200008392334,96.05000305175781,0.56,1.434000015258789,0.874000015258789,1.1533784707327577,0,0.0,0.0,0.0,0.0,0.0,
02/12/2021,4577.100098,4595.459961,4504.72998,4504.72998,5077180000,27.950000762939453,96.12999725341797,0.63,1.4479999542236328,0.8179999542236328,1.0185319296533744,0,0.0,0.0,0.0,0.0,0.0,
03/12/2021,4538.430176,4608.029785,4495.120117,4589.490234,5240070000,30.670000076293945,96.12000274658203,0.6,1.343000054359436,0.7430000543594361,0.9832611409129496,0,0.0,0.0,0.0,0.0,0.0,
06/12/2021,4591.669922,4612.600098,4540.509766,4548.370117,4770800000,27.18000030517578,96.29000091552734,0.65,1.434000015258789,0.784000015258789,0.8808464456512869,0,0.0,0.0,0.0,0.0,0.0,
07/12/2021,4686.75,4694.040039,4631.970215,4631.970215,4492400000,21.889999389648438,96.37000274658203,0.7,1.4800000190734863,0.7800000190734864,0.9003823277821381,0,0.0,0.0,0.0,0.0,0.0,
08/12/2021,4701.209961,4705.060059,4674.52002,4690.859863,4234600000,19.899999618530273,95.88999938964844,0.68,1.5089999437332153,0.8289999437332153,0.8890596492554078,0,0.0,0.0,0.0,0.0,0.0,
09/12/2021,4667.450195,4695.259766,4665.97998,4691.0,3903840000,21.579999923706055,96.2699966430664,0.7,1.4869999885559082,0.7869999885559082,0.8620903633161983,0,0.0,0.0,0.0,0.0,0.0,
10/12/2021,4712.02002,4713.569824,4670.240234,4687.640137,3870110000,18.690000534057617,96.05000305175781,0.67,1.4889999628067017,0.8189999628067016,0.9096830303101532,0,0.0,0.0,0.0,0.0,0.0,
13/12/2021,4668.970215,4710.299805,4667.600098,4710.299805,4397230000,20.309999465942383,96.31999969482422,0.66,1.4240000247955322,0.7640000247955322,1.0520605143605808,0,0.0,0.0,0.0,0.0,0.0,
14/12/2021,4634.089844,4660.470215,4606.52002,4642.990234,4485430000,21.889999389648438,96.56999969482422,0.67,1.437999963760376,0.7679999637603759,1.0735208731327672,0,0.0,0.0,0.0,0.0,0.0,
15/12/2021,4709.850098,4712.600098,4611.220215,4636.459961,4910130000,19.290000915527344,96.51000213623047,0.69,1.4630000591278076,0.7730000591278077,1.1383570256793565,1,1.1304347826086956,0.0117196161846174,0.1524926686217008,0.7126099706744868,0.1348973607038123,0.0
16/12/2021,4668.669922,4731.990234,4651.890137,4719.129883,4829500000,20.56999969482422,96.04000091552734,0.64,1.4220000505447388,0.7820000505447388,1.0735848553289111,0,0.0,0.0,0.0,0.0,0.0,
17/12/2021,4620.640137,4666.700195,4600.220215,4652.5,7987090000,21.56999969482422,96.56999969482422,0.66,1.4019999504089355,0.7419999504089355,1.500803476067462,0,0.0,0.0,0.0,0.0,0.0,
20/12/2021,4568.02002,4587.899902,4531.100098,4587.899902,4635700000,22.8700008392334,96.55000305175781,0.65,1.4190000295639038,0.7690000295639038,0.8633279759831793,0,0.0,0.0,0.0,0.0,0.0,
21/12/2021,4649.22998,4651.140137,4583.160156,4594.959961,4072430000,21.010000228881836,96.48999786376953,0.7,1.4869999885559082,0.7869999885559082,0.7702767369589765,0,0.0,0.0,0.0,0.0,0.0,
22/12/2021,4696.560059,4697.669922,4645.529785,4650.359863,3319610000,18.6299991607666,96.08000183105469,0.68,1.4570000171661377,0.7770000171661376,0.6680820130790406,0,0.0,0.0,0.0,0.0,0.0,
23/12/2021,4725.790039,4740.740234,4703.959961,4703.959961,2913040000,17.959999084472656,96.0199966430664,0.71,1.4930000305175781,0.7830000305175782,0.6352618014669483,0,0.0,0.0,0.0,0.0,0.0,
27/12/2021,4791.189941,4791.490234,4733.990234,4733.990234,2770290000,17.68000030517578,96.08999633789062,0.76,1.4809999465942383,0.7209999465942383,0.7820786660546201,0,0.0,0.0,0.0,0.0,0.0,
28/12/2021,4786.350098,4807.02002,4780.040039,4795.490234,2707920000,17.540000915527344,96.19999694824219,0.74,1.4809999465942383,0.7409999465942383,0.8578439602896482,0,0.0,0.0,0.0,0.0,0.0,
29/12/2021,4793.060059,4804.060059,4778.080078,4788.640137,2963310000,16.950000762939453,95.93000030517578,0.75,1.5429999828338623,0.7929999828338623,1.009702763427165,0,0.0,0.0,0.0,0.0,0.0,
30/12/2021,4778.72998,4808.930176,4775.330078,4794.22998,3124950000,17.329999923706055,95.97000122070312,0.73,1.5149999856948853,0.7849999856948853,1.0790938367389504,0,0.0,0.0,0.0,0.0,0.0,
31/12/2021,4766.180176,4786.830078,4765.75,4775.209961,2677820000,17.219999313354492,95.66999816894531,0.73,1.5119999647140503,0.7819999647140503,0.9399626095789962,0,0.0,0.0,0.0,0.0,0.0,
03/01/2022,4796.560059,4796.640137,4758.169922,4778.140137,3831020000,16.600000381469727,96.23999786376953,0.78,1.628000020980835,0.8480000209808349,1.2515566787890509,0,0.0,0.0,0.0,0.0,0.0,
04/01/2022,4793.540039,4818.620117,4774.27002,4804.509766,4683170000,16.90999984741211,96.29000091552734,0.77,1.6679999828338623,0.8979999828338623,1.3550627391817374,0,0.0,0.0,0.0,0.0,0.0,
05/01/2022,4700.580078,4797.700195,4699.439941,4787.990234,4887960000,19.729999542236328,96.19000244140625,0.83,1.7050000429153442,0.8750000429153443,1.27258015133622,0,0.0,0.0,0.0,0.0,0.0,
06/01/2022,4696.049805,4725.009766,4671.259766,4693.390137,4295280000,19.610000610351562,96.25,0.88,1.7330000400543213,0.8530000400543213,1.0540435086686053,0,0.0,0.0,0.0,0.0,0.0,
07/01/2022,4677.029785,4707.950195,4662.740234,4697.660156,4181510000,18.760000228881836,95.73999786376953,0.87,1.7710000276565552,0.9010000276565552,0.9556015967866816,0,0.0,0.0,0.0,0.0,0.0,
10/01/2022,4670.290039,4673.02002,4582.240234,4655.339844,4511810000,19.399999618530273,95.98999786376953,0.92,1.7799999713897705,0.8599999713897705,0.999969857795284,0,0.0,0.0,0.0,0.0,0.0,
11/01/2022,4713.069824,4714.129883,4638.27002,4669.140137,4101590000,18.40999984741211,95.62000274658203,0.9,1.746000051498413,0.8460000514984131,0.9331062896558628,0,0.0,0.0,0.0,0.0,0.0,
12/01/2022,4726.350098,4748.830078,4706.709961,4728.589844,4048220000,17.6200008392334,95.0,0.92,1.725000023841858,0.8050000238418579,0.9575507334752236,0,0.0,0.0,0.0,0.0,0.0,
13/01/2022,4659.029785,4744.129883,4650.290039,4733.560059,4251730000,20.309999465942383,94.79000091552734,0.91,1.7109999656677246,0.8009999656677246,1.0077644506766104,0,0.0,0.0,0.0,0.0,0.0,
14/01/2022,4662.850098,4665.129883,4614.75,4637.990234,4338490000,19.190000534057617,95.16999816894531,0.99,1.7719999551773071,0.7819999551773071,1.020732793019334,0,0.0,0.0,0.0,0.0,0.0,
18/01/2022,4577.109863,4632.240234,4568.700195,4632.240234,4748700000,22.790000915527344,95.7300033569336,1.06,1.8650000095367432,0.8050000095367431,1.1049280250624398,0,0.0,0.0,0.0,0.0,0.0,
19/01/2022,4532.759766,4611.549805,4530.200195,4588.029785,4465740000,23.850000381469727,95.51000213623047,1.04,1.8270000219345093,0.7870000219345092,1.0217737890840932,0,0.0,0.0,0.0,0.0,0.0,
20/01/2022,4482.72998,4602.109863,4477.950195,4547.350098,4640870000,25.59000015258789,95.73999786376953,1.08,1.8329999446868896,0.7529999446868896,1.0338071767518966,0,0.0,0.0,0.0,0.0,0.0,
21/01/2022,4397.939941,4494.52002,4395.339844,4471.379883,5589100000,28.850000381469727,95.63999938964844,1.01,1.746999979019165,0.736999979019165,1.1750249128575574,0,0.0,0.0,0.0,0.0,0.0,
24/01/2022,4410.129883,4417.350098,4222.620117,4356.319824,6928110000,29.899999618530273,95.91999816894531,0.99,1.7350000143051147,0.7450000143051148,1.3135092892146825,0,0.0,0.0,0.0,0.0,0.0,
25/01/2022,4356.450195,4411.009766,4287.109863,4366.640137,5145050000,31.15999984741211,95.94999694824219,1.02,1.7829999923706055,0.7629999923706055,0.9610136699830812,0,0.0,0.0,0.0,0.0,0.0,
26/01/2022,4349.930176,4453.22998,4304.799805,4408.430176,5570640000,31.959999084472656,96.48999786376953,1.13,1.8480000495910645,0.7180000495910646,0.9992620302169388,1,0.8032786885245902,0.0413096019905333,0.1436950146627566,0.6774193548387096,0.1788856304985337,1.0
27/01/2022,4326.509766,4428.740234,4309.5,4380.580078,5214200000,30.489999771118164,97.26000213623047,1.18,1.8070000410079956,0.6270000410079957,0.9164730324004908,0,0.0,0.0,0.0,0.0,0.0,
28/01/2022,4431.850098,4432.720215,4292.459961,4336.189941,5031090000,27.65999984741211,97.2699966430664,1.15,1.781999945640564,0.631999945640564,0.9019817426814573,0,0.0,0.0,0.0,0.0,0.0,
31/01/2022,4515.549805,4516.890137,4414.02002,4431.790039,5098610000,24.829999923706055,96.54000091552734,1.18,1.781999945640564,0.601999945640564,0.9782598268046429,0,0.0,0.0,0.0,0.0,0.0,
01/02/2022,4546.540039,4550.490234,4483.529785,4519.569824,4816830000,21.959999084472656,96.38999938964844,1.18,1.7999999523162842,0.6199999523162842,0.9359839759795144,0,0.0,0.0,0.0,0.0,0.0,
02/02/2022,4589.379883,4595.310059,4544.319824,4566.390137,4481580000,22.09000015258789,95.94000244140625,1.16,1.7660000324249268,0.6060000324249268,0.9093262766355914,0,0.0,0.0,0.0,0.0,0.0,
03/02/2022,4477.439941,4542.879883,4470.390137,4535.410156,4401970000,24.350000381469727,95.37999725341797,1.19,1.8270000219345093,0.6370000219345093,0.923616286642764,0,0.0,0.0,0.0,0.0,0.0,
04/02/2022,4500.529785,4539.660156,4451.5,4482.790039,4706290000,23.219999313354492,95.4800033569336,1.31,1.9299999475479126,0.6199999475479125,1.0011133668690608,0,0.0,0.0,0.0,0.0,0.0,
07/02/2022,4483.870117,4521.859863,4471.470215,4505.75,4228480000,22.860000610351562,95.4000015258789,1.3,1.9160000085830688,0.6160000085830688,0.934051685100386,0,0.0,0.0,0.0,0.0,0.0,
08/02/2022,4521.540039,4531.319824,4465.399902,4480.02002,4459620000,21.440000534057617,95.63999938964844,1.35,1.9539999961853027,0.6039999961853026,1.0009049310663374,0,0.0,0.0,0.0,0.0,0.0,
09/02/2022,4587.180176,4590.029785,4547.0,4547.0,4524350000,19.959999084472656,95.48999786376953,1.36,1.9290000200271606,0.5690000200271605,1.0134870261743465,0,0.0,0.0,0.0,0.0,0.0,
10/02/2022,4504.080078,4588.919922,4484.310059,4553.240234,5314860000,23.90999984741211,95.55000305175781,1.61,2.0309998989105225,0.42099989891052236,1.1437874457681978,0,0.0,0.0,0.0,0.0,0.0,
11/02/2022,4418.640137,4526.330078,4401.410156,4506.27002,5251500000,27.360000610351562,96.08000183105469,1.5,1.9550000429153442,0.45500004291534424,1.104239446801585,0,0.0,0.0,0.0,0.0,0.0,
14/02/2022,4401.669922,4426.220215,4364.839844,4412.609863,4600390000,28.329999923706055,96.37000274658203,1.58,1.996000051498413,0.416000051498413,0.9524333021955452,0,0.0,0.0,0.0,0.0,0.0,
15/02/2022,4471.069824,4472.77002,4429.279785,4429.279785,4430830000,25.700000762939453,95.98999786376953,1.58,2.0450000762939453,0.46500007629394524,0.9184236087245092,0,0.0,0.0,0.0,0.0,0.0,
16/02/2022,4475.009766,4489.549805,4429.680176,4455.75,4283640000,24.290000915527344,95.69999694824219,1.52,2.046999931335449,0.5269999313354492,0.896863728067494,0,0.0,0.0,0.0,0.0,0.0,
17/02/2022,4380.259766,4456.060059,4373.810059,4456.060059,4539420000,28.110000610351562,95.80000305175781,1.49,1.972000002861023,0.48200000286102296,0.9823126507739622,0,0.0,0.0,0.0,0.0,0.0,
18/02/2022,4348.870117,4394.600098,4327.220215,4384.569824,4708060000,27.75,96.04000091552734,1.47,1.9320000410079956,0.46200004100799563,1.043344794910457,0,0.0,0.0,0.0,0.0,0.0,
22/02/2022,4304.759766,4362.120117,4267.109863,4332.740234,5121900000,28.809999465942383,96.02999877929688,1.56,1.9479999542236328,0.38799995422363276,1.1094119915005511,0,0.0,0.0,0.0,0.0,0.0,
23/02/2022,4225.5,4341.509766,4221.509766,4324.930176,4797430000,31.020000457763672,96.19000244140625,1.58,1.9769999980926514,0.3969999980926513,1.0228865544158,0,0.0,0.0,0.0,0.0,0.0,
24/02/2022,4288.700195,4294.72998,4114.649902,4155.77002,6752130000,30.31999969482422,97.13999938964844,1.54,1.968999981880188,0.42899998188018795,1.3025474807225912,0,0.0,0.0,0.0,0.0,0.0,
25/02/2022,4384.649902,4385.339844,4286.830078,4298.379883,5177060000,27.59000015258789,96.62000274658203,1.55,1.9859999418258667,0.43599994182586665,0.9747226487748046,0,0.0,0.0,0.0,0.0,0.0,
28/02/2022,4373.939941,4388.839844,4315.120117,4354.169922,6071370000,30.149999618530273,96.70999908447266,1.44,1.8389999866485596,0.3989999866485596,1.087284011505776,0,0.0,0.0,0.0,0.0,0.0,
01/03/2022,4306.259766,4378.450195,4279.540039,4363.140137,5846230000,33.31999969482422,97.41000366210938,1.31,1.7070000171661377,0.39700001716613764,1.0204903467436013,0,0.0,0.0,0.0,0.0,0.0,
02/03/2022,4386.540039,4401.47998,4322.560059,4322.560059,5337870000,30.739999771118164,97.38999938964844,1.5,1.8650000095367432,0.36500000953674316,0.914499260913096,0,0.0,0.0,0.0,0.0,0.0,
03/03/2022,4363.490234,4416.779785,4345.560059,4401.310059,5039890000,30.479999542236328,97.79000091552734,1.53,1.843999981880188,0.31399998188018796,0.9172635683350794,0,0.0,0.0,0.0,0.0,0.0,
04/03/2022,4328.870117,4342.120117,4284.97998,4342.120117,5797380000,31.979999542236328,98.6500015258789,1.5,1.7239999771118164,0.2239999771118164,1.031828863969837,0,0.0,0.0,0.0,0.0,0.0,
07/03/2022,4201.089844,4327.009766,4199.850098,4327.009766,6940470000,36.45000076293945,99.29000091552734,1.55,1.7510000467300415,0.20100004673004146,1.1982094369694742,0,0.0,0.0,0.0,0.0,0.0,
08/03/2022,4170.700195,4276.939941,4157.870117,4202.660156,7243120000,35.130001068115234,99.05999755859375,1.63,1.871999979019165,0.24199997901916515,1.192922101813877,0,0.0,0.0,0.0,0.0,0.0,
09/03/2022,4277.879883,4299.399902,4223.100098,4223.100098,5662670000,32.45000076293945,97.97000122070312,1.68,1.9479999542236328,0.2679999542236329,0.922753998643572,0,0.0,0.0,0.0,0.0,0.0,
10/03/2022,4259.52002,4268.279785,4209.799805,4252.549805,4980830000,30.229999542236328,98.51000213623047,1.72,2.010999917984009,0.2909999179840088,0.8132108082197015,0,0.0,0.0,0.0,0.0,0.0,
11/03/2022,4204.310059,4291.009766,4200.490234,4279.5,4938640000,30.75,99.12000274658203,1.75,2.003999948501587,0.2539999485015869,0.8295848951126009,0,0.0,0.0,0.0,0.0,0.0,
14/03/2022,4173.109863,4247.569824,4161.720215,4202.75,5574920000,31.770000457763672,99.05999755859375,1.87,2.140000104904175,0.2700001049041747,0.9814937792647792,0,0.0,0.0,0.0,0.0,0.0,
15/03/2022,4262.450195,4271.049805,4187.899902,4188.819824,5392470000,29.829999923706055,99.06999969482422,1.85,2.1600000858306885,0.3100000858306884,1.0155490511508114,0,0.0,0.0,0.0,0.0,0.0,
16/03/2022,4357.859863,4358.899902,4251.990234,4288.140137,6309750000,26.670000076293945,98.37999725341797,1.95,2.187999963760376,0.23799996376037602,1.1600250913624897,1,0.703125,0.0728433714537271,0.1551724137931034,0.6241379310344828,0.2206896551724138,1.0
17/03/2022,4411.669922,4412.669922,4335.649902,4345.109863,4985090000,25.670000076293945,98.01000213623047,1.94,2.191999912261963,0.25199991226196294,0.9163475285900782,0,0.0,0.0,0.0,0.0,0.0,
18/03/2022,4463.120117,4465.399902,4390.569824,4407.339844,8278430000,23.8700008392334,98.2300033569336,1.97,2.1480000019073486,0.17800000190734866,1.355312884528363,0,0.0,0.0,0.0,0.0,0.0,
21/03/2022,4461.180176,4481.75,4424.299805,4462.399902,4869820000,23.530000686645508,98.5,2.14,2.315000057220459,0.17500005722045886,0.8161100378206408,0,0.0,0.0,0.0,0.0,0.0,
22/03/2022,4511.609863,4522.0,4469.100098,4469.100098,4754840000,22.940000534057617,98.48999786376953,2.18,2.372999906539917,0.19299990653991683,0.8142426535031764,0,0.0,0.0,0.0,0.0,0.0,
23/03/2022,4456.240234,4501.069824,4455.810059,4493.100098,4550670000,23.56999969482422,98.62000274658203,2.13,2.321000099182129,0.191000099182129,0.8292384702711666,0,0.0,0.0,0.0,0.0,0.0,
24/03/2022,4520.160156,4520.580078,4465.169922,4469.97998,4131390000,21.670000076293945,98.79000091552734,2.13,2.3410000801086426,0.21100008010864268,0.7770108500422228,0,0.0,0.0,0.0,0.0,0.0,
25/03/2022,4543.060059,4546.029785,4501.069824,4522.910156,4305020000,20.809999465942383,98.80999755859375,2.3,2.492000102996826,0.19200010299682635,0.9519435479091836,0,0.0,0.0,0.0,0.0,0.0,
28/03/2022,4575.52002,4575.649902,4517.689941,4541.089844,4312260000,19.6299991607666,99.08999633789062,2.35,2.4769999980926514,0.12699999809265128,0.977651402137826,0,0.0,0.0,0.0,0.0,0.0,
29/03/2022,4631.600098,4637.299805,4589.660156,4602.859863,5085910000,18.899999618530273,98.4000015258789,2.35,2.4000000953674316,0.05000009536743155,1.1359958008063344,0,0.0,0.0,0.0,0.0,0.0,
30/03/2022,4602.450195,4627.77002,4581.319824,4624.200195,4385570000,19.329999923706055,97.79000091552734,2.31,2.3580000400543213,0.048000040054321236,0.9868452733217372,0,0.0,0.0,0.0,0.0,0.0,
31/03/2022,4530.410156,4603.069824,4530.410156,4599.02002,4823020000,20.559999465942383,98.30999755859375,2.28,2.3269999027252197,0.04699990272521992,1.0525197082025055,0,0.0,0.0,0.0,0.0,0.0,
01/04/2022,4545.859863,4548.700195,4507.569824,4540.319824,4562940000,19.6299991607666,98.62999725341797,2.44,2.377000093460083,-0.06299990653991694,0.9846782651480166,0,0.0,0.0,0.0,0.0,0.0,
04/04/2022,4582.640137,4583.5,4539.209961,4547.970215,4547350000,18.56999969482422,98.98999786376953,2.43,2.4119999408721924,-0.018000059127807777,0.9714571248022308,0,0.0,0.0,0.0,0.0,0.0,
05/04/2022,4525.120117,4593.450195,4514.169922,4572.450195,4800620000,21.030000686645508,99.47000122070312,2.51,2.555999994277954,0.045999994277954315,1.0382188196111508,0,0.0,0.0,0.0,0.0,0.0,
06/04/2022,4481.149902,4503.939941,4450.040039,4494.169922,4986830000,22.100000381469727,99.5999984741211,2.5,2.6089999675750732,0.10899996757507324,1.0511530827848683,0,0.0,0.0,0.0,0.0,0.0,
07/04/2022,4500.209961,4521.160156,4450.299805,4474.649902,4821490000,21.549999237060547,99.75,2.47,2.6519999504089355,0.18199995040893535,1.016367310405945,0,0.0,0.0,0.0,0.0,0.0,
08/04/2022,4488.279785,4520.410156,4474.600098,4494.149902,4083200000,21.15999984741211,99.80000305175781,2.53,2.7130000591278076,0.1830000591278078,0.8785046487681099,0,0.0,0.0,0.0,0.0,0.0,
11/04/2022,4412.529785,4464.350098,4408.379883,4462.640137,4266290000,24.3700008392334,99.93000030517578,2.5,2.7799999713897705,0.2799999713897705,0.9291336559163672,0,0.0,0.0,0.0,0.0,0.0,
12/04/2022,4397.450195,4471.0,4381.339844,4437.589844,4152090000,24.260000228881836,100.29000091552734,2.39,2.7249999046325684,0.33499990463256824,0.9305487698286412,0,0.0,0.0,0.0,0.0,0.0,
13/04/2022,4446.589844,4453.919922,4392.700195,4394.299805,3828150000,21.81999969482422,99.87999725341797,2.37,2.687000036239624,0.3170000362396239,0.9049477997013884,0,0.0,0.0,0.0,0.0,0.0,
14/04/2022,4392.589844,4460.459961,4390.77002,4449.120117,4083090000,22.700000762939453,100.31999969482422,2.47,2.828000068664551,0.3580000686645506,1.0001288406011517,0,0.0,0.0,0.0,0.0,0.0,
18/04/2022,4391.689941,4410.310059,4370.299805,4385.629883,3910490000,22.170000076293945,100.77999877929688,2.46,2.861999988555908,0.40199998855590824,0.9660248882046588,0,0.0,0.0,0.0,0.0,0.0,
19/04/2022,4462.209961,4471.029785,4390.629883,4390.629883,4108120000,21.3700008392334,100.95999908447266,2.61,2.9130001068115234,0.30300010681152356,1.0228394268681211,0,0.0,0.0,0.0,0.0,0.0,
20/04/2022,4459.450195,4488.290039,4448.759766,4472.259766,4290450000,20.31999969482422,100.38999938964844,2.6,2.8399999141693115,0.23999991416931143,1.0609263957508048,0,0.0,0.0,0.0,0.0,0.0,
21/04/2022,4393.660156,4512.939941,4384.470215,4489.169922,4636890000,22.68000030517578,100.58000183105469,2.68,2.9170000553131104,0.2370000553131102,1.102496832951005,0,0.0,0.0,0.0,0.0,0.0,
22/04/2022,4271.779785,4385.830078,4267.620117,4385.830078,4651940000,28.209999084472656,101.22000122070312,2.72,2.9059998989105225,0.18599989891052227,1.076943164355407,0,0.0,0.0,0.0,0.0,0.0,
25/04/2022,4296.120117,4299.02002,4200.819824,4255.339844,5240040000,27.020000457763672,101.75,2.63,2.8259999752044678,0.19599997520446788,1.1427442400896044,0,0.0,0.0,0.0,0.0,0.0,
26/04/2022,4175.200195,4278.140137,4175.040039,4278.140137,4689970000,33.52000045776367,102.30000305175781,2.54,2.7720000743865967,0.23200007438659664,0.9974716378078624,0,0.0,0.0,0.0,0.0,0.0,
27/04/2022,4183.959961,4240.709961,4162.899902,4186.52002,4769680000,31.600000381469727,102.94999694824219,2.58,2.818000078201294,0.23800007820129387,0.994158872660756,0,0.0,0.0,0.0,0.0,0.0,
28/04/2022,4287.5,4308.450195,4188.629883,4222.580078,4854180000,29.989999771118164,103.62000274658203,2.63,2.86299991607666,0.23299991607666026,1.0026890238335342,0,0.0,0.0,0.0,0.0,0.0,
29/04/2022,4131.930176,4269.680176,4124.279785,4253.75,5084030000,33.400001525878906,102.95999908447266,2.7,2.88700008392334,0.18700008392333967,1.0317498650453163,0,0.0,0.0,0.0,0.0,0.0,
02/05/2022,4155.379883,4169.810059,4062.51001,4130.609863,5163790000,32.34000015258789,103.73999786376953,2.73,2.996000051498413,0.2660000514984131,1.0511895577047958,0,0.0,0.0,0.0,0.0,0.0,
03/05/2022,4175.47998,4200.100098,4147.080078,4159.779785,4582050000,29.25,103.47000122070312,2.78,2.9600000381469727,0.18000003814697285,0.9368816127437408,0,0.0,0.0,0.0,0.0,0.0,
04/05/2022,4300.169922,4307.660156,4148.910156,4181.180176,5136360000,25.420000076293945,102.58999633789062,2.66,2.9170000553131104,0.2570000553131102,1.034704906163919,1,1.0416666666666667,0.0053300038344114,0.1628664495114006,0.6807817589576547,0.1563517915309446,0.0
05/05/2022,4146.870117,4270.430176,4106.009766,4270.430176,5077030000,31.200000762939453,103.75,2.71,3.065999984741211,0.355999984741211,1.0136519766196574,0,0.0,0.0,0.0,0.0,0.0,
06/05/2022,4123.339844,4157.689941,4067.909912,4128.169922,5116940000,30.190000534057617,103.66000366210938,2.72,3.122999906539917,0.4029999065399168,1.02027941268543,0,0.0,0.0,0.0,0.0,0.0,
09/05/2022,3991.23999,4081.27002,3975.47998,4081.27002,5954520000,34.75,103.6500015258789,2.61,3.0789999961853027,0.46899999618530286,1.150992194658038,0,0.0,0.0,0.0,0.0,0.0,
10/05/2022,4001.050049,4068.820068,3958.169922,4035.179932,5885820000,32.9900016784668,103.91999816894531,2.62,2.993000030517578,0.373000030517578,1.0831201438904523,0,0.0,0.0,0.0,0.0,0.0,
11/05/2022,3935.179932,4049.090088,3928.820068,3990.080078,5816140000,32.560001373291016,103.8499984741211,2.66,2.9210000038146973,0.2610000038146971,1.0441734334633732,0,0.0,0.0,0.0,0.0,0.0,
12/05/2022,3930.080078,3964.800049,3858.870117,3903.949951,6286450000,31.770000457763672,104.8499984741211,2.56,2.816999912261963,0.25699991226196284,1.0816376673398744,0,0.0,0.0,0.0,0.0,0.0,
13/05/2022,4023.889893,4038.879883,3963.899902,3963.899902,5183340000,28.8700008392334,104.55999755859375,2.61,2.934999942779541,0.32499994277954114,0.8898049767443617,0,0.0,0.0,0.0,0.0,0.0,
16/05/2022,4008.01001,4046.459961,3983.98999,4013.02002,4415030000,27.469999313354492,104.19000244140625,2.58,2.877000093460083,0.29700009346008294,0.8002075631878748,0,0.0,0.0,0.0,0.0,0.0,
17/05/2022,4088.850098,4090.719971,4033.929932,4052.0,4841410000,26.100000381469727,103.36000061035156,2.71,2.9679999351501465,0.2579999351501465,0.9120153927475204,0,0.0,0.0,0.0,0.0,0.0,
18/05/2022,3923.679932,4051.97998,3911.909912,4051.97998,5103220000,30.959999084472656,103.80999755859375,2.68,2.885999917984009,0.20599991798400863,0.987868498942099,0,0.0,0.0,0.0,0.0,0.0,
19/05/2022,3900.790039,3945.959961,3876.580078,3899.0,5113550000,29.350000381469727,102.72000122070312,2.63,2.8550000190734863,0.22500001907348643,1.0369556973704757,0,0.0,0.0,0.0,0.0,0.0,
20/05/2022,3901.360107,3943.419922,3810.320068,3927.76001,5130730000,29.43000030517578,103.1500015258789,2.6,2.7869999408721924,0.1869999408721923,1.042664304985299,0,0.0,0.0,0.0,0.0,0.0,
23/05/2022,3973.75,3981.879883,3909.040039,3919.419922,4420030000,28.479999542236328,102.08000183105469,2.65,2.8589999675750732,0.20899996757507333,0.8980537154383732,0,0.0,0.0,0.0,0.0,0.0,
24/05/2022,3941.47998,3955.679932,3875.129883,3942.939941,4923190000,29.450000762939453,101.86000061035156,2.5,2.759999990463257,0.25999999046325684,0.9969717367496777,0,0.0,0.0,0.0,0.0,0.0,
25/05/2022,3978.72998,3999.330078,3925.030029,3929.590088,4802560000,28.3700008392334,102.05999755859375,2.48,2.749000072479248,0.26900007247924806,0.9845322233729642,0,0.0,0.0,0.0,0.0,0.0,
26/05/2022,4057.840088,4075.139893,3984.600098,3984.600098,4709970000,27.5,101.83000183105469,2.46,2.75600004196167,0.29600004196166996,0.9817968288802692,0,0.0,0.0,0.0,0.0,0.0,
27/05/2022,4158.240234,4158.490234,4077.429932,4077.429932,4375620000,25.719999313354492,101.66999816894531,2.47,2.743000030517578,0.27300003051757793,0.941748162075676,0,0.0,0.0,0.0,0.0,0.0,
31/05/2022,4132.149902,4168.339844,4104.879883,4151.089844,6822640000,26.190000534057617,101.75,2.53,2.8440001010894775,0.31400010108947773,1.3307804718580571,0,0.0,0.0,0.0,0.0,0.0,
01/06/2022,4101.22998,4166.540039,4073.850098,4149.779785,4531800000,25.690000534057617,102.55000305175781,2.66,2.930999994277954,0.27099999427795396,0.8976495676553,0,0.0,0.0,0.0,0.0,0.0,
02/06/2022,4176.819824,4177.509766,4074.370117,4095.409912,4405790000,24.719999313354492,101.7699966430664,2.65,2.9130001068115234,0.2630001068115235,0.8866259998663759,0,0.0,0.0,0.0,0.0,0.0,
03/06/2022,4108.540039,4142.669922,4098.669922,4137.569824,3711110000,24.790000915527344,102.13999938964844,2.66,2.9570000171661377,0.29700001716613755,0.7781096626152767,0,0.0,0.0,0.0,0.0,0.0,
06/06/2022,4121.430176,4168.779785,4109.180176,4134.720215,4332700000,25.06999969482422,102.44000244140625,2.73,3.0380001068115234,0.30800010681152346,0.9100766088445492,0,0.0,0.0,0.0,0.0,0.0,
07/06/2022,4160.680176,4164.859863,4080.189941,4096.470215,4248210000,24.020000457763672,102.31999969482422,2.75,2.9719998836517334,0.2219998836517334,1.0005388700027933,0,0.0,0.0,0.0,0.0,0.0,
08/06/2022,4115.77002,4160.140137,4107.200195,4147.120117,4159470000,23.959999084472656,102.54000091552734,2.78,3.0290000438690186,0.24900004386901875,0.997126662728793,0,0.0,0.0,0.0,0.0,0.0,
09/06/2022,4017.820068,4119.100098,4017.169922,4101.649902,4134170000,26.09000015258789,103.22000122070312,2.83,3.0439999103546143,0.2139999103546142,1.0041383176444183,0,0.0,0.0,0.0,0.0,0.0,
10/06/2022,3900.860107,3974.389893,3900.159912,3974.389893,4889640000,27.75,104.1500015258789,3.06,3.1559998989105225,0.09599989891052241,1.1233223014502265,0,0.0,0.0,0.0,0.0,0.0,
13/06/2022,3749.629883,3838.149902,3734.300049,3838.149902,5636890000,34.02000045776367,105.08000183105469,3.4,3.365999937057495,-0.034000062942504794,1.2217784690559113,0,0.0,0.0,0.0,0.0,0.0,
14/06/2022,3735.47998,3778.179932,3705.679932,3763.52002,5153890000,32.689998626708984,105.5199966430664,3.45,3.4830000400543213,0.03300004005432111,1.0748888590418144,0,0.0,0.0,0.0,0.0,0.0,
15/06/2022,3789.98999,3837.560059,3722.300049,3764.050049,5530480000,29.6200008392334,105.16000366210938,3.2,3.3949999809265137,0.1949999809265135,1.0910366394726865,1,1.0943396226415094,0.0149051998697005,0.1864951768488746,0.6430868167202572,0.1704180064308681,0.0
16/06/2022,3666.77002,3728.179932,3639.77002,3728.179932,5644930000,32.95000076293945,103.62999725341797,3.14,3.306999921798706,0.16699992179870593,1.0509691936536685,0,0.0,0.0,0.0,0.0,0.0,
17/06/2022,3674.840088,3707.709961,3636.870117,3665.899902,8520740000,31.1299991607666,104.69999694824219,3.17,3.239000082015991,0.06900008201599128,1.3974414609801642,0,0.0,0.0,0.0,0.0,0.0,
21/06/2022,3764.790039,3779.649902,3715.310059,3715.310059,5292260000,30.190000534057617,104.44000244140625,3.21,3.306999921798706,0.09699992179870609,0.8778792593796757,0,0.0,0.0,0.0,0.0,0.0,
22/06/2022,3759.889893,3801.790039,3717.689941,3733.889893,5058990000,28.950000762939453,104.19999694824219,3.06,3.1559998989105225,0.09599989891052241,0.8418349008566465,0,0.0,0.0,0.0,0.0,0.0,
23/06/2022,3795.72998,3802.580078,3743.52002,3774.709961,5098640000,29.049999237060547,104.43000030517578,3.01,3.068000078201294,0.05800007820129416,0.8608042528994894,0,0.0,0.0,0.0,0.0,0.0,
24/06/2022,3911.73999,3913.649902,3821.75,3821.75,8120260000,27.229999542236328,104.19000244140625,3.04,3.125,0.08499999999999996,1.2651970699472654,0,0.0,0.0,0.0,0.0,0.0,
27/06/2022,3900.110107,3927.719971,3889.659912,3920.76001,4325310000,26.950000762939453,103.94000244140625,3.08,3.194000005722046,0.11400000572204583,0.775271316551152,0,0.0,0.0,0.0,0.0,0.0,
28/06/2022,3821.550049,3945.860107,3820.139893,3913.0,4270120000,28.360000610351562,104.51000213623047,3.1,3.2060000896453857,0.10600008964538565,0.7944905951330167,0,0.0,0.0,0.0,0.0,0.0,
29/06/2022,3818.830078,3836.5,3799.02002,3825.090088,4211240000,28.15999984741211,105.11000061035156,3.06,3.0929999351501465,0.03299993515014643,0.8090581685626866,0,0.0,0.0,0.0,0.0,0.0,
30/06/2022,3785.379883,3818.98999,3738.669922,3785.98999,4840070000,28.709999084472656,104.69000244140625,2.92,2.9719998836517334,0.05199988365173347,0.9391993635269918,0,0.0,0.0,0.0,0.0,0.0,
01/07/2022,3825.330078,3829.820068,3752.100098,3781.0,4046950000,26.700000762939453,105.13999938964844,2.84,2.8889999389648438,0.04899993896484389,0.932748186223736,0,0.0,0.0,0.0,0.0,0.0,
05/07/2022,3831.389893,3832.189941,3742.060059,3792.610107,5076590000,27.540000915527344,106.5,2.82,2.809000015258789,-0.010999984741210778,1.1308970339456903,0,0.0,0.0,0.0,0.0,0.0,
06/07/2022,3845.080078,3870.909912,3809.370117,3831.97998,4417720000,26.729999542236328,107.0999984741211,2.97,2.9130001068115234,-0.05699989318847676,0.97769310884065,0,0.0,0.0,0.0,0.0,0.0,
07/07/2022,3902.620117,3910.629883,3858.850098,3858.850098,4057770000,26.079999923706055,107.12999725341797,3.03,3.007999897003174,-0.022000102996825976,0.904173964196425,0,0.0,0.0,0.0,0.0,0.0,
08/07/2022,3899.379883,3918.5,3869.340088,3888.26001,3521620000,24.639999389648438,107.01000213623047,3.12,3.1010000705718994,-0.018999929428100693,0.8336911979508207,0,0.0,0.0,0.0,0.0,0.0,
11/07/2022,3854.429932,3880.939941,3847.219971,3880.939941,3423480000,26.170000076293945,108.0199966430664,3.07,2.990999937057495,-0.07900006294250472,0.8351100004976294,0,0.0,0.0,0.0,0.0,0.0,
12/07/2022,3818.800049,3873.409912,3802.360107,3851.949951,3817210000,27.290000915527344,108.06999969482422,3.03,2.9579999446868896,-0.07200005531311016,0.9921118838952478,0,0.0,0.0,0.0,0.0,0.0,
13/07/2022,3801.780029,3829.439941,3759.070068,3779.669922,4109390000,26.81999969482422,107.95999908447266,3.13,2.9040000438690186,-0.22599995613098134,1.0854477172366686,0,0.0,0.0,0.0,0.0,0.0,
14/07/2022,3790.379883,3796.409912,3721.560059,3763.98999,4199690000,26.399999618530273,108.54000091552734,3.15,2.9600000381469727,-0.18999996185302725,1.1010445489290503,0,0.0,0.0,0.0,0.0,0.0,
15/07/2022,3863.159912,3863.620117,3817.179932,3818.0,4143800000,24.229999542236328,108.05999755859375,3.13,2.930000066757202,-0.19999993324279774,1.052069279465328,0,0.0,0.0,0.0,0.0,0.0,
18/07/2022,3830.850098,3902.439941,3818.629883,3883.790039,4046870000,25.299999237060547,107.37000274658203,3.15,2.9600000381469727,-0.18999996185302725,0.9959339389357464,0,0.0,0.0,0.0,0.0,0.0,
19/07/2022,3936.689941,3939.810059,3860.72998,3860.72998,4041070000,24.5,106.68000030517578,3.23,3.0190000534057617,-0.21099994659423826,0.9836681300941248,0,0.0,0.0,0.0,0.0,0.0,
20/07/2022,3959.899902,3974.129883,3922.030029,3935.320068,4185300000,23.8799991607666,107.08000183105469,3.25,3.0360000133514404,-0.21399998664855957,1.0150251761554816,0,0.0,0.0,0.0,0.0,0.0,
21/07/2022,3998.949951,3999.290039,3927.639893,3955.469971,4132790000,23.110000610351562,106.91000366210938,3.1,2.9100000858306885,-0.1899999141693116,1.005553330611494,0,0.0,0.0,0.0,0.0,0.0,
22/07/2022,3961.629883,4012.439941,3938.860107,3998.429932,3979240000,23.030000686645508,106.7300033569336,2.98,2.7829999923706055,-0.1970000076293945,0.9760086572314224,0,0.0,0.0,0.0,0.0,0.0,
25/07/2022,3966.840088,3975.300049,3943.459961,3965.719971,3568340000,23.360000610351562,106.4800033569336,3.0,2.819999933242798,-0.18000006675720215,0.8962642803392218,0,0.0,0.0,0.0,0.0,0.0,
26/07/2022,3921.050049,3953.219971,3910.73999,3953.219971,3778950000,24.690000534057617,107.19000244140625,3.02,2.7869999408721924,-0.23300005912780763,0.9618282257432316,0,0.0,0.0,0.0,0.0,0.0,
27/07/2022,4023.610107,4039.560059,3951.429932,3951.429932,4112180000,23.239999771118164,106.44999694824219,2.96,2.7339999675750732,-0.22600003242492672,1.0505531001711672,1,1.15625,-0.0226796071204756,0.2114285714285714,0.6057142857142858,0.1828571428571428,-1.0
28/07/2022,4072.429932,4078.949951,3992.969971,4026.129883,4413000000,22.329999923706055,106.3499984741211,2.85,2.680999994277954,-0.169000005722046,1.1114911511401284,0,0.0,0.0,0.0,0.0,0.0,
29/07/2022,4130.290039,4140.149902,4079.219971,4087.330078,4616360000,21.329999923706055,105.9000015258789,2.89,2.6419999599456787,-0.2480000400543214,1.1265552986676155,0,0.0,0.0,0.0,0.0,0.0,
01/08/2022,4118.629883,4144.950195,4096.02002,4112.379883,4202810000,22.84000015258789,105.44999694824219,2.9,2.6059999465942383,-0.29400005340576163,0.994827986157466,0,0.0,0.0,0.0,0.0,0.0,
02/08/2022,4091.189941,4140.470215,4079.810059,4104.209961,4727710000,23.93000030517578,106.23999786376953,3.06,2.740999937057495,-0.31900006294250494,1.0709716265722369,0,0.0,0.0,0.0,0.0,0.0,
03/08/2022,4155.169922,4167.660156,4107.959961,4107.959961,4351760000,21.950000762939453,106.51000213623047,3.1,2.747999906539917,-0.3520000934600831,0.9752219021102886,0,0.0,0.0,0.0,0.0,0.0,
04/08/2022,4151.939941,4161.290039,4135.419922,4154.850098,4283320000,21.440000534057617,105.69000244140625,3.03,2.6760001182556152,-0.35399988174438457,0.9654962861712852,0,0.0,0.0,0.0,0.0,0.0,
05/08/2022,4145.189941,4151.580078,4107.310059,4115.870117,4085940000,21.149999618530273,106.62000274658203,3.24,2.8399999141693115,-0.4000000858306887,0.9435679863880352,0,0.0,0.0,0.0,0.0,0.0,
08/08/2022,4140.060059,4186.620117,4128.970215,4155.930176,4221090000,21.290000915527344,106.44000244140625,3.21,2.765000104904175,-0.44499989509582516,0.9739559442579588,0,0.0,0.0,0.0,0.0,0.0,
09/08/2022,4122.470215,4137.299805,4112.089844,4133.109863,3913090000,21.770000457763672,106.37000274658203,3.28,2.796999931335449,-0.4830000686645506,0.938156910506732,0,0.0,0.0,0.0,0.0,0.0,
10/08/2022,4210.240234,4211.029785,4177.259766,4181.02002,4546010000,19.739999771118164,105.19999694824219,3.23,2.7860000133514404,-0.44399998664855955,1.0798405659055226,0,0.0,0.0,0.0,0.0,0.0,
11/08/2022,4207.27002,4257.910156,4201.410156,4227.399902,4630200000,20.200000762939453,105.08999633789062,3.23,2.888000011444092,-0.3419999885559082,1.0820079892205814,0,0.0,0.0,0.0,0.0,0.0,
12/08/2022,4280.149902,4280.470215,4219.779785,4225.02002,3788010000,19.530000686645508,105.62999725341797,3.25,2.8489999771118164,-0.4010000228881836,0.8977007735183711,0,0.0,0.0,0.0,0.0,0.0,
15/08/2022,4297.140137,4301.790039,4256.899902,4269.370117,3696830000,19.950000762939453,106.55000305175781,3.2,2.7909998893737793,-0.4090001106262209,0.8984166531383572,0,0.0,0.0,0.0,0.0,0.0,
16/08/2022,4305.200195,4325.279785,4277.77002,4290.459961,4329820000,19.690000534057617,106.5,3.25,2.8239998817443848,-0.42600011825561523,1.0313579189428548,0,0.0,0.0,0.0,0.0,0.0,
17/08/2022,4274.040039,4302.180176,4253.080078,4280.399902,3885030000,19.899999618530273,106.56999969482422,3.28,2.8929998874664307,-0.38700011253356914,0.955497053845348,0,0.0,0.0,0.0,0.0,0.0,
18/08/2022,4283.740234,4292.529785,4261.97998,4273.129883,3340330000,19.559999465942383,107.4800033569336,3.22,2.880000114440918,-0.3399998855590822,0.8771865785855267,0,0.0,0.0,0.0,0.0,0.0,
19/08/2022,4228.47998,4266.310059,4218.700195,4266.310059,3761340000,20.600000381469727,108.16999816894531,3.25,2.989000082015991,-0.2609999179840088,0.989131320887692,0,0.0,0.0,0.0,0.0,0.0,
22/08/2022,4137.990234,4195.080078,4129.859863,4195.080078,3907430000,23.799999237060547,109.05000305175781,3.32,3.0369999408721924,-0.28300005912780746,1.0162921772060372,0,0.0,0.0,0.0,0.0,0.0,
23/08/2022,4128.72998,4159.77002,4124.029785,4133.089844,3823520000,24.110000610351562,108.62000274658203,3.29,3.053999900817871,-0.23600009918212894,1.0213675327832286,0,0.0,0.0,0.0,0.0,0.0,
24/08/2022,4140.77002,4156.560059,4119.970215,4126.549805,3583630000,22.81999969482422,108.68000030517578,3.36,3.1059999465942383,-0.2540000534057616,0.9729532342360688,0,0.0,0.0,0.0,0.0,0.0,
25/08/2022,4199.120117,4200.540039,4147.589844,4153.259766,3566870000,21.780000686645508,108.47000122070312,3.35,3.0260000228881836,-0.3239999771118165,0.9566352461192772,0,0.0,0.0,0.0,0.0,0.0,
26/08/2022,4057.659912,4203.040039,4057.659912,4198.740234,3832750000,25.559999465942383,108.80000305175781,3.37,3.0350000858306885,-0.33499991416931163,1.0240218657490034,0,0.0,0.0,0.0,0.0,0.0,
29/08/2022,4030.610107,4062.98999,4017.419922,4034.580078,3396510000,26.209999084472656,108.83999633789062,3.42,3.109999895095825,-0.31000010490417473,0.9329390087940196,0,0.0,0.0,0.0,0.0,0.0,
30/08/2022,3986.159912,4044.97998,3965.209961,4041.25,3835860000,26.209999084472656,108.7699966430664,3.46,3.109999895095825,-0.35000010490417477,1.052904046087918,0,0.0,0.0,0.0,0.0,0.0,
31/08/2022,3955.0,4015.370117,3954.530029,4000.669922,4542490000,25.8700008392334,108.69999694824219,3.45,3.132999897003174,-0.31700010299682635,1.1845145213846735,0,0.0,0.0,0.0,0.0,0.0,
01/09/2022,3966.850098,3970.22998,3903.649902,3936.72998,4152250000,25.559999465942383,109.69000244140625,3.51,3.265000104904175,-0.24499989509582498,1.0506779906335368,0,0.0,0.0,0.0,0.0,0.0,
02/09/2022,3924.26001,4018.429932,3906.209961,3994.659912,3665850000,25.469999313354492,109.52999877929688,3.4,3.193000078201294,-0.20699992179870597,0.9355018333115568,0,0.0,0.0,0.0,0.0,0.0,
06/09/2022,3908.189941,3942.550049,3886.75,3930.889893,4127340000,26.90999984741211,110.20999908447266,3.5,3.3399999141693115,-0.16000008583068848,1.0153962425315357,0,0.0,0.0,0.0,0.0,0.0,
07/09/2022,3979.870117,3987.889893,3906.030029,3909.429932,3890320000,24.639999389648438,109.83999633789062,3.45,3.265000104904175,-0.18499989509582537,0.954527498681192,0,0.0,0.0,0.0,0.0,0.0,
08/09/2022,4006.179932,4010.5,3944.810059,3959.939941,3966850000,23.610000610351562,109.70999908447266,3.48,3.2920000553131104,-0.18799994468688963,1.0015977691829512,0,0.0,0.0,0.0,0.0,0.0,
09/09/2022,4067.360107,4076.810059,4022.939941,4022.939941,3901940000,22.790000915527344,109.0,3.56,3.321000099182129,-0.23899990081787115,0.9978212281931026,0,0.0,0.0,0.0,0.0,0.0,
12/09/2022,4110.410156,4119.279785,4083.669922,4083.669922,3814200000,23.8700008392334,108.33000183105469,3.58,3.361999988555908,-0.21800001144409187,0.9680391256126069,0,0.0,0.0,0.0,0.0,0.0,
13/09/2022,3932.689941,4037.120117,3921.280029,4037.120117,4224550000,27.270000457763672,109.81999969482422,3.75,3.421999931335449,-0.3280000686645508,1.0669208692252596,0,0.0,0.0,0.0,0.0,0.0,
14/09/2022,3946.01001,3961.939941,3912.179932,3940.72998,4293240000,26.15999984741211,109.66000366210938,3.78,3.4119999408721924,-0.3680000591278074,1.0626421356007043,0,0.0,0.0,0.0,0.0,0.0,
15/09/2022,3901.350098,3959.139893,3888.280029,3932.409912,4441830000,26.270000457763672,109.73999786376953,3.87,3.4590001106262207,-0.4109998893737794,1.074163658312923,0,0.0,0.0,0.0,0.0,0.0,
16/09/2022,3873.330078,3880.949951,3837.080078,3880.949951,7954650000,26.299999237060547,109.76000213623047,3.85,3.447999954223633,-0.4020000457763673,1.6083991447914086,0,0.0,0.0,0.0,0.0,0.0,
19/09/2022,3899.889893,3900.449951,3838.5,3849.909912,3766850000,25.760000228881836,109.73999786376953,3.95,3.490000009536743,-0.459999990463257,0.7631035382511004,0,0.0,0.0,0.0,0.0,0.0,
20/09/2022,3855.929932,3876.01001,3827.540039,3875.22998,4058050000,27.15999984741211,110.22000122070312,3.96,3.571000099182129,-0.38899990081787106,0.8276795642763379,0,0.0,0.0,0.0,0.0,0.0,
21/09/2022,3789.929932,3907.070068,3789.48999,3871.399902,4078330000,27.989999771118164,110.63999938964844,4.02,3.509999990463257,-0.5100000095367427,0.8391725662569636,1,1.0408163265306123,0.0013357584798479,0.2328767123287671,0.54337899543379,0.2237442922374429,0.0
22/09/2022,3757.98999,3790.899902,3749.449951,3782.360107,4284600000,27.350000381469727,111.3499984741211,4.11,3.7079999446868896,-0.40200005531311067,0.887357056938641,0,0.0,0.0,0.0,0.0,0.0,
23/09/2022,3693.22998,3727.139893,3647.469971,3727.139893,5144270000,29.920000076293945,113.19000244140625,4.2,3.697000026702881,-0.5029999732971193,1.2057579891337469,0,0.0,0.0,0.0,0.0,0.0,
26/09/2022,3655.040039,3715.669922,3644.76001,3682.719971,4886140000,32.2599983215332,114.0999984741211,4.27,3.878000020980835,-0.3919999790191646,1.0881597976784512,0,0.0,0.0,0.0,0.0,0.0,
27/09/2022,3647.290039,3717.530029,3623.290039,3686.439941,4577740000,32.599998474121094,114.11000061035156,4.3,3.9639999866485596,-0.33600001335144025,0.9964137515519514,0,0.0,0.0,0.0,0.0,0.0,
28/09/2022,3719.040039,3736.73999,3640.610107,3651.939941,4684850000,30.18000030517578,112.5999984741211,4.07,3.7049999237060547,-0.3650000762939456,0.9934959453040174,0,0.0,0.0,0.0,0.0,0.0,
29/09/2022,3640.469971,3687.01001,3610.399902,3687.01001,4681810000,31.84000015258789,112.25,4.16,3.746999979019165,-0.4130000209808351,0.9764018984926264,0,0.0,0.0,0.0,0.0,0.0,
30/09/2022,3585.620117,3671.439941,3584.129883,3633.47998,5645360000,31.6200008392334,112.12000274658203,4.22,3.803999900817871,-0.41600009918212866,1.1532487058698555,0,0.0,0.0,0.0,0.0,0.0,
03/10/2022,3678.429932,3698.350098,3604.929932,3609.780029,4806680000,30.100000381469727,111.75,4.12,3.6510000228881836,-0.4689999771118165,0.9851191403335896,0,0.0,0.0,0.0,0.0,0.0,
04/10/2022,3790.929932,3791.919922,3726.459961,3726.459961,5146580000,29.06999969482422,110.06999969482422,4.1,3.617000102996826,-0.4829998970031735,1.0307475021309596,0,0.0,0.0,0.0,0.0,0.0,
05/10/2022,3783.280029,3806.909912,3722.659912,3753.25,4293180000,28.549999237060547,111.06999969482422,4.15,3.759000062942505,-0.3909999370574955,0.8735346577080046,0,0.0,0.0,0.0,0.0,0.0,
06/10/2022,3744.52002,3797.929932,3739.219971,3771.969971,4252100000,30.520000457763672,112.26000213623047,4.23,3.8259999752044678,-0.40400002479553265,0.8805743893902808,0,0.0,0.0,0.0,0.0,0.0,
07/10/2022,3639.659912,3706.73999,3620.72998,3706.73999,4449660000,31.360000610351562,112.80000305175781,4.3,3.882999897003174,-0.417000102996826,0.9695008758856904,0,0.0,0.0,0.0,0.0,0.0,
10/10/2022,3612.389893,3652.169922,3588.100098,3647.51001,3834320000,32.45000076293945,113.13999938964844,4.3,3.888000011444092,-0.417000102996826,0.8723944113171556,0,0.0,0.0,0.0,0.0,0.0,
11/10/2022,3588.840088,3640.659912,3568.449951,3595.860107,4759030000,33.630001068115234,113.22000122070312,4.3,3.938999891281128,-0.3610001087188719,1.1022248635718717,0,0.0,0.0,0.0,0.0,0.0,
12/10/2022,3577.030029,3608.340088,3573.860107,3590.830078,4006830000,33.56999969482422,113.31999969482422,4.28,3.9019999504089355,-0.3780000495910647,0.9404847633595812,0,0.0,0.0,0.0,0.0,0.0,
13/10/2022,3669.909912,3685.409912,3491.580078,3520.370117,5021680000,31.940000534057617,112.36000061035156,4.47,3.9519999027252197,-0.51800009727478,1.137592698645132,0,0.0,0.0,0.0,0.0,0.0,
14/10/2022,3583.070068,3712.0,3579.679932,3690.409912,4243030000,32.02000045776367,113.30999755859375,4.48,4.010000228881836,-0.4699997711181645,0.9702838660519216,0,0.0,0.0,0.0,0.0,0.0,
17/10/2022,3677.949951,3689.72998,3638.649902,3638.649902,4352780000,31.3700008392334,112.04000091552734,4.45,4.014999866485596,-0.4350001335144045,0.972325411522404,0,0.0,0.0,0.0,0.0,0.0,
18/10/2022,3719.97998,3762.790039,3686.530029,3746.26001,4483740000,30.5,112.12999725341797,4.43,3.997999906539917,-0.4320000934600827,1.0140509841207237,0,0.0,0.0,0.0,0.0,0.0,
19/10/2022,3695.159912,3728.580078,3666.51001,3703.110107,4223800000,30.760000228881836,112.9800033569336,4.55,4.126999855041504,-0.4230001449584959,0.9459785720332738,0,0.0,0.0,0.0,0.0,0.0,
20/10/2022,3665.780029,3736.0,3656.439941,3689.050049,4496620000,29.979999542236328,112.87999725341797,4.62,4.22599983215332,-0.3940001678466798,1.0313362816554337,0,0.0,0.0,0.0,0.0,0.0,
21/10/2022,3752.75,3757.889893,3647.419922,3657.100098,5078020000,29.690000534057617,112.01000213623047,4.49,4.2129998207092285,-0.2770001792907717,1.1217205597005693,0,0.0,0.0,0.0,0.0,0.0,
24/10/2022,3797.340088,3810.73999,3741.649902,3762.01001,4747930000,29.850000381469727,111.98999786376953,4.5,4.234000205993652,-0.26599979400634766,1.03080923191422,0,0.0,0.0,0.0,0.0,0.0,
25/10/2022,3859.110107,3862.850098,3799.439941,3799.439941,4843120000,28.459999084472656,110.94999694824219,4.42,4.107999801635742,-0.31200019836425774,1.035319709835486,0,0.0,0.0,0.0,0.0,0.0,
26/10/2022,3830.600098,3886.149902,3824.070068,3825.969971,4817310000,27.280000686645508,109.69999694824219,4.39,4.014999866485596,-0.375000133514404,1.0043176416628443,0,0.0,0.0,0.0,0.0,0.0,
27/10/2022,3807.300049,3859.949951,3803.790039,3834.689941,4687320000,27.389999389648438,110.58999633789062,4.3,3.937000036239624,-0.3629999637603758,0.9695081845145758,0,0.0,0.0,0.0,0.0,0.0,
28/10/2022,3901.060059,3905.419922,3808.26001,3808.26001,4459410000,25.75,110.66999816894531,4.41,4.010000228881836,-0.3999997711181642,0.9465915859374768,0,0.0,0.0,0.0,0.0,0.0,
31/10/2022,3871.97998,3893.72998,3863.179932,3881.850098,4820620000,25.8799991607666,111.52999877929688,4.51,4.077000141143799,-0.43299985885620096,1.0201169978728428,0,0.0,0.0,0.0,0.0,0.0,
01/11/2022,3856.100098,3911.790039,3843.800049,3901.790039,4481210000,25.809999465942383,111.4800033569336,4.54,4.052000045776367,-0.48799995422363285,0.9630437202649202,0,0.0,0.0,0.0,0.0,0.0,
02/11/2022,3759.689941,3894.439941,3758.679932,3852.899902,4899000000,25.860000610351562,111.3499984741211,4.61,4.059000015258789,-0.5509999847412113,1.0491460349603985,1,1.162790697674419,-0.0059322462128918,0.1984126984126984,0.6309523809523809,0.1706349206349206,0.0
03/11/2022,3719.889893,3750.590088,3698.149902,3733.25,4625290000,25.299999237060547,112.93000030517578,4.71,4.124000072479248,-0.5859999275207519,0.9931682894913708,0,0.0,0.0,0.0,0.0,0.0,
04/11/2022,3770.550049,3796.340088,3708.840088,3766.97998,5400180000,24.549999237060547,110.87999725341797,4.66,4.156000137329102,-0.5039998626708986,1.1145284257191566,0,0.0,0.0,0.0,0.0,0.0,
07/11/2022,3806.800049,3813.949951,3764.699951,3780.709961,4341620000,24.350000381469727,110.12000274658203,4.72,4.214000225067139,-0.5059997749328611,0.9141291852126348,0,0.0,0.0,0.0,0.0,0.0,
08/11/2022,3828.110107,3859.399902,3786.280029,3817.02002,4607640000,25.540000915527344,109.62000274658203,4.67,4.125999927520752,-0.544000072479248,0.9650021173901188,0,0.0,0.0,0.0,0.0,0.0,
09/11/2022,3748.570068,3818.199951,3744.219971,3810.939941,4645010000,26.09000015258789,110.55000305175781,4.61,4.151000022888184,-0.4589999771118167,0.9832898245281276,0,0.0,0.0,0.0,0.0,0.0,
10/11/2022,3956.370117,3958.330078,3859.889893,3859.889893,5781260000,23.530000686645508,108.20999908447266,4.34,3.8289999961853027,-0.5110000038146971,1.16671933922378,0,0.0,0.0,0.0,0.0,0.0,
11/11/2022,3992.929932,4001.47998,3944.820068,3963.719971,5593310000,22.520000457763672,106.29000091552734,4.34,3.812999963760376,-0.5110000038146971,1.1200580403414817,0,0.0,0.0,0.0,0.0,0.0,
14/11/2022,3957.25,4008.969971,3956.399902,3977.969971,4561930000,23.729999542236328,106.66000366210938,4.4,3.865000009536743,-0.5349999904632572,0.9055347242761268,0,0.0,0.0,0.0,0.0,0.0,
15/11/2022,3991.72998,4028.840088,3953.169922,4006.409912,5015310000,24.540000915527344,106.4000015258789,4.37,3.7990000247955322,-0.5709999752044679,0.9796744283078914,0,0.0,0.0,0.0,0.0,0.0,
16/11/2022,3958.790039,3983.090088,3954.340088,3976.820068,4165320000,24.110000610351562,106.27999877929688,4.35,3.691999912261963,-0.6580000877380368,0.8291791299404032,0,0.0,0.0,0.0,0.0,0.0,
17/11/2022,3946.560059,3954.330078,3906.540039,3919.26001,4051780000,23.93000030517578,106.69000244140625,4.43,3.7750000953674316,-0.6549999046325681,0.86622213005582,0,0.0,0.0,0.0,0.0,0.0,
18/11/2022,3965.340088,3979.889893,3935.97998,3966.389893,4037360000,23.1200008392334,106.93000030517578,4.51,3.818000078201294,-0.6919999217987058,0.9246554322384424,0,0.0,0.0,0.0,0.0,0.0,
21/11/2022,3949.939941,3962.0,3933.340088,3956.22998,3850690000,22.360000610351562,107.83999633789062,4.48,3.825000047683716,-0.6549999523162846,0.9116018306419462,0,0.0,0.0,0.0,0.0,0.0,
22/11/2022,4003.580078,4005.879883,3956.879883,3965.51001,3887990000,21.290000915527344,107.22000122070312,4.47,3.757999897003174,-0.7120001029968259,0.9723310095362708,0,0.0,0.0,0.0,0.0,0.0,
23/11/2022,4027.26001,4033.780029,3998.659912,4000.300049,3279720000,20.350000381469727,106.08000183105469,4.46,3.7060000896453857,-0.7539999103546142,0.8582266477003319,0,0.0,0.0,0.0,0.0,0.0,
25/11/2022,4026.120117,4034.02002,4020.76001,4023.340088,1706460000,20.5,105.95999908447266,4.42,3.690999984741211,-0.729000015258789,0.5090196883229071,0,0.0,0.0,0.0,0.0,0.0,
28/11/2022,3963.939941,4012.27002,3955.77002,4005.360107,3615430000,22.209999084472656,106.68000030517578,4.46,3.703000068664551,-0.7569999313354492,1.1062930951653858,0,0.0,0.0,0.0,0.0,0.0,
29/11/2022,3957.629883,3976.77002,3937.649902,3964.189941,3546040000,21.889999389648438,106.81999969482422,4.48,3.747999906539917,-0.7320000934600834,1.1056746098066557,0,0.0,0.0,0.0,0.0,0.0,
30/11/2022,4080.110107,4080.110107,3938.580078,3957.179932,6579360000,20.579999923706055,105.94999694824219,4.38,3.703000068664551,-0.6769999313354491,1.7566498869814242,0,0.0,0.0,0.0,0.0,0.0,
01/12/2022,4076.570068,4100.509766,4050.870117,4087.139893,4527130000,19.84000015258789,104.7300033569336,4.25,3.5290000438690186,-0.7209999561309814,1.1332319036047105,0,0.0,0.0,0.0,0.0,0.0,
02/12/2022,4071.699951,4080.47998,4026.629883,4040.169922,4012620000,19.059999465942383,104.55000305175781,4.28,3.50600004196167,-0.7739999580383303,0.9004747632242966,0,0.0,0.0,0.0,0.0,0.0,
05/12/2022,3998.840088,4052.449951,3984.48999,4052.02002,4280820000,20.75,105.29000091552734,4.41,3.5989999771118164,-0.8110000228881837,0.932804322501947,0,0.0,0.0,0.0,0.0,0.0,
06/12/2022,3941.26001,4001.51001,3918.389893,3996.629883,4368380000,22.170000076293945,105.58000183105469,4.34,3.513000011444092,-0.8269999885559081,0.91895048491037,0,0.0,0.0,0.0,0.0,0.0,
07/12/2022,3933.919922,3957.570068,3922.679932,3933.280029,4118050000,22.68000030517578,105.0999984741211,4.26,3.4079999923706055,-0.8520000076293943,0.966360820387666,0,0.0,0.0,0.0,0.0,0.0,
08/12/2022,3963.51001,3974.189941,3935.830078,3947.790039,4006900000,22.290000915527344,104.7699966430664,4.31,3.490999937057495,-0.8190000629425045,0.9638101542471486,0,0.0,0.0,0.0,0.0,0.0,
09/12/2022,3934.379883,3977.02002,3933.040039,3954.169922,3888260000,22.829999923706055,104.80999755859375,4.33,3.566999912261963,-0.7630000877380372,0.9409018599476052,0,0.0,0.0,0.0,0.0,0.0,
12/12/2022,3990.560059,3990.709961,3935.300049,3939.290039,3904130000,25.0,105.12999725341797,4.39,3.6110000610351562,-0.7789999389648434,0.9622852923140022,0,0.0,0.0,0.0,0.0,0.0,
13/12/2022,4019.649902,4100.959961,3993.030029,4069.379883,5079360000,22.549999237060547,103.9800033569336,4.22,3.500999927520752,-0.7190000724792478,1.209561502521825,0,0.0,0.0,0.0,0.0,0.0,
14/12/2022,3995.320068,4053.76001,3965.649902,4015.540039,4472340000,21.139999389648438,103.7699966430664,4.23,3.503000020980835,-0.7269999790191655,1.0473378517811118,1,1.1016949152542372,-0.0138355637061353,0.2296819787985865,0.5618374558303887,0.2084805653710247,0.0
15/12/2022,3895.75,3958.370117,3879.449951,3958.370117,4493900000,22.829999923706055,104.55999755859375,4.23,3.450000047683716,-0.7799999523162846,1.0289179544454412,0,0.0,0.0,0.0,0.0,0.0,
16/12/2022,3852.360107,3890.909912,3827.909912,3890.909912,7493660000,22.6200008392334,104.69999694824219,4.17,3.4820001125335693,-0.6879998874664306,1.4726143017891875,0,0.0,0.0,0.0,0.0,0.0,
19/12/2022,3817.659912,3854.860107,3800.040039,3853.790039,3969610000,22.420000076293945,104.72000122070312,4.25,3.5810000896453857,-0.6689999103546143,0.7780842506939742,0,0.0,0.0,0.0,0.0,0.0,
20/12/2022,3821.620117,3838.23999,3795.620117,3810.469971,3985370000,21.479999542236328,103.97000122070312,4.25,3.684000015258789,-0.5659999847412109,0.8161764464949244,0,0.0,0.0,0.0,0.0,0.0,
21/12/2022,3878.439941,3889.820068,3839.48999,3839.48999,3775200000,20.06999969482422,104.16000366210938,4.21,3.684000015258789,-0.5259999847412109,0.7958599765407666,0,0.0,0.0,0.0,0.0,0.0,
22/12/2022,3822.389893,3853.26001,3764.48999,3853.26001,3956950000,21.969999313354492,104.43000030517578,4.24,3.6689999103546143,-0.571000089645386,0.8534976590530349,0,0.0,0.0,0.0,0.0,0.0,
23/12/2022,3844.820068,3845.800049,3797.01001,3815.110107,2819280000,20.8700008392334,104.30999755859375,4.31,3.750999927520752,-0.5590000724792477,0.761703647546985,0,0.0,0.0,0.0,0.0,0.0,
27/12/2022,3829.25,3846.649902,3813.219971,3843.340088,3030300000,21.649999618530273,104.18000030517578,4.32,3.859999895095825,-0.4600001049041751,0.8624929555817409,0,0.0,0.0,0.0,0.0,0.0,
28/12/2022,3783.219971,3848.320068,3780.780029,3829.560059,3083520000,22.139999389648438,104.45999908447266,4.31,3.88700008392334,-0.42299991607665977,0.9251346364440978,0,0.0,0.0,0.0,0.0,0.0,
29/12/2022,3849.280029,3858.189941,3805.449951,3805.449951,3003680000,21.440000534057617,103.83999633789062,4.34,3.8350000381469727,-0.5049999618530272,0.9449260809136684,0,0.0,0.0,0.0,0.0,0.0,
30/12/2022,3839.5,3839.850098,3800.340088,3829.060059,2979870000,21.670000076293945,103.5199966430664,4.41,3.878999948501587,-0.5310000514984132,0.998840222167846,0,0.0,0.0,0.0,0.0,0.0,
03/01/2023,3824.139893,3878.459961,3794.330078,3853.290039,3959140000,22.899999618530273,104.5199966430664,4.4,3.7929999828338623,-0.607000017166138,1.232876882958999,0,0.0,0.0,0.0,0.0,0.0,
04/01/2023,3852.969971,3873.159912,3815.77002,3840.360107,4414080000,22.010000228881836,104.25,4.36,3.7090001106262207,-0.6509998893737796,1.2654835441383143,0,0.0,0.0,0.0,0.0,0.0,
05/01/2023,3808.100098,3839.73999,3802.419922,3839.73999,3893450000,22.459999084472656,105.04000091552734,4.45,3.7200000286102295,-0.7299999713897707,1.0666857714591933,0,0.0,0.0,0.0,0.0,0.0,
06/01/2023,3895.080078,3906.189941,3809.560059,3823.370117,3923560000,21.1299991607666,103.87999725341797,4.24,3.569000005722046,-0.6709999942779543,1.0233540774435188,0,0.0,0.0,0.0,0.0,0.0,
09/01/2023,3892.090088,3950.570068,3890.419922,3910.820068,4311770000,21.969999313354492,103.0,4.19,3.5169999599456787,-0.6730000400543217,1.0515486294020095,0,0.0,0.0,0.0,0.0,0.0,
10/01/2023,3919.25,3919.830078,3877.290039,3888.570068,3851030000,20.579999923706055,103.23999786376953,4.24,3.621000051498413,-0.6189999485015871,0.94416268794232,0,0.0,0.0,0.0,0.0,0.0,
11/01/2023,3969.610107,3970.070068,3928.540039,3932.350098,4303360000,21.09000015258789,103.19000244140625,4.2,3.553999900817871,-0.6460000991821291,1.0608203747244638,0,0.0,0.0,0.0,0.0,0.0,
12/01/2023,3983.169922,3997.76001,3937.560059,3977.570068,4440260000,18.829999923706055,102.25,4.12,3.4489998817443848,-0.6710001182556153,1.0658339566336597,0,0.0,0.0,0.0,0.0,0.0,
13/01/2023,3999.090088,4003.949951,3947.669922,3960.600098,3939700000,18.350000381469727,102.19999694824219,4.22,3.510999917984009,-0.709000082015991,0.9449480286979064,0,0.0,0.0,0.0,0.0,0.0,
17/01/2023,3990.969971,4015.389893,3984.570068,3999.280029,4235560000,19.360000610351562,102.38999938964844,4.18,3.5350000858306885,-0.6449999141693112,1.01963850589627,0,0.0,0.0,0.0,0.0,0.0,
18/01/2023,3928.860107,4014.159912,3926.590088,4002.25,4298710000,20.34000015258789,102.36000061035156,4.06,3.375,-0.6849999999999996,1.0130061896756417,0,0.0,0.0,0.0,0.0,0.0,
19/01/2023,3898.850098,3922.939941,3885.540039,3911.840088,3991500000,20.520000457763672,102.05999755859375,4.09,3.3970000743865967,-0.6929999256134032,0.9546425788527836,0,0.0,0.0,0.0,0.0,0.0,
20/01/2023,3972.610107,3972.959961,3897.860107,3909.040039,4013360000,19.850000381469727,102.01000213623047,4.14,3.4839999675750732,-0.6560000324249264,0.9798801982339812,0,0.0,0.0,0.0,0.0,0.0,
23/01/2023,4019.810059,4039.310059,3971.639893,3978.139893,3945210000,19.809999465942383,102.13999938964844,4.21,3.5250000953674316,-0.6849999046325683,0.9629819657357768,0,0.0,0.0,0.0,0.0,0.0,
24/01/2023,4016.949951,4023.919922,3989.790039,4001.73999,3320430000,19.200000762939453,101.91999816894531,4.12,3.4690001010894775,-0.6509998989105226,0.8483812070083565,0,0.0,0.0,0.0,0.0,0.0,
25/01/2023,4016.219971,4019.550049,3949.060059,3982.709961,3724020000,19.079999923706055,101.63999938964844,4.11,3.4619998931884766,-0.6480001068115238,0.9802879988544064,0,0.0,0.0,0.0,0.0,0.0,
26/01/2023,4060.429932,4061.570068,4013.290039,4036.080078,3809590000,18.729999542236328,101.83999633789062,4.17,3.493000030517578,-0.6769999694824218,1.0125096942954752,0,0.0,0.0,0.0,0.0,0.0,
27/01/2023,4070.560059,4094.209961,4048.699951,4053.719971,3907760000,18.510000228881836,101.93000030517578,4.19,3.5179998874664307,-0.6720001125335697,1.044464080577281,0,0.0,0.0,0.0,0.0,0.0,
30/01/2023,4017.77002,4063.850098,4015.550049,4049.27002,3802000000,19.940000534057617,102.27999877929688,4.25,3.5510001182556152,-0.6989998817443848,1.0240360271065192,0,0.0,0.0,0.0,0.0,0.0,
31/01/2023,4076.600098,4077.159912,4020.439941,4020.850098,4679320000,19.399999618530273,102.0999984741211,4.21,3.5290000438690186,-0.6809999561309814,1.1743695254004354,0,0.0,0.0,0.0,0.0,0.0,
01/02/2023,4119.209961,4148.950195,4037.199951,4070.070068,4856930000,17.8700008392334,101.22000122070312,4.09,3.3970000743865967,-0.6929999256134032,1.1533582514865404,1,0.8775510204081632,0.0293460433385917,0.16796875,0.640625,0.19140625,1.0
02/02/2023,4179.759766,4195.439941,4141.879883,4158.680176,5624360000,18.729999542236328,101.75,4.09,3.3959999084472656,-0.6940000915527342,1.2296171859047318,0,0.0,0.0,0.0,0.0,0.0,
03/02/2023,4136.47998,4182.359863,4123.359863,4136.689941,4694510000,18.329999923706055,102.91999816894531,4.3,3.5320000648498535,-0.7679999351501463,0.992198120481276,0,0.0,0.0,0.0,0.0,0.0,
06/02/2023,4111.080078,4124.629883,4093.379883,4119.569824,4114240000,19.43000030517578,103.62000274658203,4.44,3.634000062942505,-0.8059999370574955,0.8582290056972736,0,0.0,0.0,0.0,0.0,0.0,
07/02/2023,4164.0,4176.540039,4088.389893,4105.350098,4355860000,18.65999984741211,103.43000030517578,4.47,3.6740000247955322,-0.7959999752044675,0.9210603106669656,0,0.0,0.0,0.0,0.0,0.0,
08/02/2023,4117.859863,4156.850098,4111.669922,4153.470215,4029820000,19.6299991607666,103.41000366210938,4.45,3.6530001163482666,-0.7969998836517336,0.8830047517856994,0,0.0,0.0,0.0,0.0,0.0,
09/02/2023,4081.5,4156.22998,4069.669922,4144.25,4270200000,20.709999084472656,103.22000122070312,4.48,3.683000087738037,-0.7969999122619633,0.994706174762854,0,0.0,0.0,0.0,0.0,0.0,
10/02/2023,4090.459961,4094.360107,4060.790039,4068.919922,3891520000,20.530000686645508,103.62999725341797,4.5,3.74399995803833,-0.7560000419616699,0.9417258262170864,0,0.0,0.0,0.0,0.0,0.0,
13/02/2023,4137.290039,4138.899902,4092.669922,4096.620117,3448620000,20.34000015258789,103.3499984741211,4.52,3.7170000076293945,-0.802999992370605,0.8623266029939958,0,0.0,0.0,0.0,0.0,0.0,
14/02/2023,4136.129883,4159.77002,4095.01001,4126.700195,3929200000,18.90999984741211,103.2300033569336,4.6,3.760999917984009,-0.8390000820159909,1.0039163263387254,0,0.0,0.0,0.0,0.0,0.0,
15/02/2023,4147.600098,4148.109863,4103.97998,4119.5,4075980000,18.229999542236328,103.91999816894531,4.62,3.809000015258789,-0.810999984741211,1.0389681232004049,0,0.0,0.0,0.0,0.0,0.0,
16/02/2023,4090.409912,4136.540039,4089.48999,4114.75,4143660000,20.170000076293945,103.86000061035156,4.62,3.8429999351501465,-0.7770000648498536,1.063077698268457,0,0.0,0.0,0.0,0.0,0.0,
17/02/2023,4079.090088,4081.51001,4047.949951,4077.389893,4045480000,20.020000457763672,103.86000061035156,4.6,3.828000068664551,-0.7719999313354489,1.0297542017640944,0,0.0,0.0,0.0,0.0,0.0,
21/02/2023,3997.340088,4052.350098,3995.189941,4052.350098,4121590000,22.8700008392334,104.18000030517578,4.67,3.9549999237060547,-0.7150000762939452,1.0143749406253522,0,0.0,0.0,0.0,0.0,0.0,
22/02/2023,3991.050049,4017.370117,3976.899902,4001.830078,4079320000,22.290000915527344,104.58999633789062,4.66,3.9230000972747803,-0.7369999027252199,0.9966075491924912,0,0.0,0.0,0.0,0.0,0.0,
23/02/2023,4012.320068,4028.300049,3969.189941,4018.600098,3952940000,21.139999389648438,104.5999984741211,4.66,3.878999948501587,-0.7810000514984132,0.9715730086875136,0,0.0,0.0,0.0,0.0,0.0,
24/02/2023,3970.040039,3978.25,3943.080078,3973.23999,3877700000,21.670000076293945,105.20999908447266,4.78,3.9489998817443848,-0.8310001182556155,0.9657055849396052,0,0.0,0.0,0.0,0.0,0.0,
27/02/2023,3982.23999,4018.050049,3973.550049,3992.360107,3836950000,20.950000762939453,104.66999816894531,4.78,3.921999931335449,-0.858000068664551,0.9655862294586908,0,0.0,0.0,0.0,0.0,0.0,
28/02/2023,3970.149902,3997.5,3968.97998,3977.189941,5043400000,20.700000762939453,104.87000274658203,4.81,3.9159998893737793,-0.8940001106262203,1.212920827058375,0,0.0,0.0,0.0,0.0,0.0,
01/03/2023,3951.389893,3971.72998,3939.050049,3963.340088,4249480000,20.579999923706055,104.4800033569336,4.89,3.99399995803833,-0.8960000419616696,1.013689101437134,0,0.0,0.0,0.0,0.0,0.0,
02/03/2023,3981.350098,3990.840088,3928.159912,3938.679932,4244900000,19.59000015258789,105.02999877929688,4.89,4.072999954223633,-0.8170000457763669,0.9986857973417628,0,0.0,0.0,0.0,0.0,0.0,
03/03/2023,4045.639893,4048.290039,3995.169922,3998.02002,4084730000,18.489999771118164,104.5199966430664,4.86,3.9639999866485596,-0.8960000133514407,0.951731777034464,0,0.0,0.0,0.0,0.0,0.0,
06/03/2023,4048.419922,4078.48999,4044.610107,4055.149902,4000870000,18.610000610351562,104.3499984741211,4.89,3.9830000400543213,-0.9069999599456784,0.9251259516319836,0,0.0,0.0,0.0,0.0,0.0,
07/03/2023,3986.370117,4050.0,3980.310059,4048.26001,3922500000,19.59000015258789,105.62000274658203,5.0,3.9749999046325684,-1.0250000953674316,0.9565915928219416,0,0.0,0.0,0.0,0.0,0.0,
08/03/2023,3992.01001,4000.409912,3969.76001,3987.550049,3535570000,19.110000610351562,105.66000366210938,5.05,3.9760000705718994,-1.0739999294281004,0.8933364058140634,0,0.0,0.0,0.0,0.0,0.0,
09/03/2023,3918.320068,4017.810059,3908.699951,3998.659912,4445260000,22.610000610351562,105.30999755859375,4.9,3.924999952316284,-0.9750000476837162,1.1119304535060155,0,0.0,0.0,0.0,0.0,0.0,
10/03/2023,3861.590088,3934.050049,3846.320068,3912.77002,5518190000,24.799999237060547,104.58000183105469,4.6,3.694999933242798,-0.9050000667572018,1.2879491970783838,0,0.0,0.0,0.0,0.0,0.0,
13/03/2023,3855.76001,3905.050049,3808.860107,3835.120117,6558020000,26.520000457763672,103.5999984741211,4.03,3.515000104904175,-0.5149998950958254,1.367419892124703,0,0.0,0.0,0.0,0.0,0.0,
14/03/2023,3919.290039,3937.290039,3873.629883,3894.01001,5665870000,23.729999542236328,103.5999984741211,4.2,3.638000011444092,-0.5619999885559084,1.1013275714139652,0,0.0,0.0,0.0,0.0,0.0,
15/03/2023,3891.929932,3894.26001,3838.23999,3876.73999,6594010000,26.139999389648438,104.6500015258789,3.93,3.492000102996826,-0.437999897003174,1.1455352163814414,0,0.0,0.0,0.0,0.0,0.0,
16/03/2023,3960.280029,3964.459961,3864.110107,3878.929932,5695790000,22.989999771118164,104.41999816894531,4.14,3.5850000381469727,-0.554999961853027,0.9482906165048608,0,0.0,0.0,0.0,0.0,0.0,
17/03/2023,3916.639893,3958.909912,3901.27002,3958.689941,9354280000,25.510000228881836,103.70999908447266,3.81,3.3949999809265137,-0.4150000190734864,1.3809921291414868,0,0.0,0.0,0.0,0.0,0.0,
20/03/2023,3951.570068,3956.620117,3916.889893,3917.469971,5347140000,24.149999618530273,103.27999877929688,3.92,3.4809999465942383,-0.43900005340576165,0.8186798027625855,0,0.0,0.0,0.0,0.0,0.0,
21/03/2023,4002.870117,4009.080078,3971.189941,3975.889893,4920240000,21.3799991607666,103.26000213623047,4.17,3.6059999465942383,-0.5640000534057616,0.7709205407712464,0,0.0,0.0,0.0,0.0,0.0,
22/03/2023,3936.969971,4039.48999,3936.169922,4002.040039,4533010000,22.260000228881836,102.3499984741211,3.96,3.5,-0.45999999999999996,0.7592864565571183,1,0.7333333333333333,0.054445486018142,0.1617647058823529,0.6176470588235294,0.2205882352941176,1.0
23/03/2023,3948.719971,4007.659912,3919.050049,3959.209961,4991600000,22.610000610351562,102.52999877929688,3.76,3.4059998989105225,-0.3540001010894773,0.8563016811413604,0,0.0,0.0,0.0,0.0,0.0,
24/03/2023,3970.98999,3972.73999,3909.159912,3939.209961,4583970000,21.739999771118164,103.12000274658203,3.76,3.380000114440918,-0.3799998855590818,0.94026450650559,0,0.0,0.0,0.0,0.0,0.0,
27/03/2023,3977.530029,4003.830078,3970.48999,3982.929932,4233540000,20.600000381469727,102.86000061035156,3.94,3.5280001163482666,-0.41199988365173335,0.9099549658762052,0,0.0,0.0,0.0,0.0,0.0,
28/03/2023,3971.27002,3979.199951,3951.530029,3974.129883,4014600000,19.969999313354492,102.43000030517578,4.02,3.563999891281128,-0.45600010871887164,0.897850847530407,0,0.0,0.0,0.0,0.0,0.0,
29/03/2023,4027.810059,4030.590088,3999.530029,3999.530029,4145250000,19.1200008392334,102.63999938964844,4.08,3.565999984741211,-0.5140000152587891,0.9434333714477152,0,0.0,0.0,0.0,0.0,0.0,
30/03/2023,4050.830078,4057.850098,4032.100098,4046.73999,3930860000,19.020000457763672,102.13999938964844,4.1,3.5510001182556152,-0.5489998817443844,0.94002741505494,0,0.0,0.0,0.0,0.0,0.0,
31/03/2023,4109.310059,4110.75,4056.179932,4056.179932,4525120000,18.700000762939453,102.51000213623047,4.06,3.49399995803833,-0.5660000419616695,1.0851934614810903,0,0.0,0.0,0.0,0.0,0.0,
03/04/2023,4124.509766,4127.660156,4098.790039,4102.200195,4234700000,18.549999237060547,102.08999633789062,3.97,3.430000066757202,-0.539999933242798,1.0154897741208495,0,0.0,0.0,0.0,0.0,0.0,
04/04/2023,4100.600098,4133.129883,4086.870117,4128.029785,4227800000,19.0,101.58999633789062,3.84,3.3369998931884766,-0.5030001068115233,1.0035734411711503,0,0.0,0.0,0.0,0.0,0.0,
05/04/2023,4090.379883,4099.689941,4072.560059,4094.5,3968020000,19.079999923706055,101.8499984741211,3.79,3.2869999408721924,-0.5030000591278077,0.949900653532186,0,0.0,0.0,0.0,0.0,0.0,
06/04/2023,4105.02002,4107.319824,4069.840088,4081.149902,3486690000,18.399999618530273,101.81999969482422,3.82,3.2880001068115234,-0.5319998931884764,0.8528112989077077,0,0.0,0.0,0.0,0.0,0.0,
10/04/2023,4109.109863,4109.5,4072.550049,4085.199951,3423650000,18.969999313354492,102.58000183105469,4.0,3.4149999618530273,-0.5850000381469727,0.8850821524999405,0,0.0,0.0,0.0,0.0,0.0,
11/04/2023,4108.939941,4124.259766,4102.609863,4110.290039,3665830000,19.100000381469727,102.19999694824219,4.03,3.434000015258789,-0.5959999847412112,0.9764095335657008,0,0.0,0.0,0.0,0.0,0.0,
12/04/2023,4091.949951,4134.370117,4086.939941,4121.720215,3633120000,19.09000015258789,101.5,3.95,3.4210000038146973,-0.5289999961853029,0.999355790268197,0,0.0,0.0,0.0,0.0,0.0,
13/04/2023,4146.220215,4150.259766,4099.399902,4100.040039,3596590000,17.799999237060547,101.01000213623047,3.96,3.4519999027252197,-0.5080000972747802,1.0099444677825526,0,0.0,0.0,0.0,0.0,0.0,
14/04/2023,4137.640137,4163.189941,4113.200195,4140.109863,3575690000,17.06999969482422,101.55000305175781,4.08,3.5220000743865967,-0.5579999256134034,0.9990818602862942,0,0.0,0.0,0.0,0.0,0.0,
17/04/2023,4151.319824,4151.720215,4123.180176,4137.169922,3611180000,16.950000762939453,102.0999984741211,4.18,3.5910000801086426,-0.5889999198913571,0.9985339343594134,0,0.0,0.0,0.0,0.0,0.0,
18/04/2023,4154.870117,4169.47998,4140.359863,4164.259766,3536640000,16.829999923706055,101.75,4.19,3.572000026702881,-0.6179999732971195,0.9849598010830368,0,0.0,0.0,0.0,0.0,0.0,
19/04/2023,4154.52002,4162.569824,4134.490234,4139.330078,3572560000,16.459999084472656,101.97000122070312,4.24,3.6019999980926514,-0.6380000019073488,0.9983311592574832,0,0.0,0.0,0.0,0.0,0.0,
20/04/2023,4129.790039,4148.569824,4114.569824,4130.47998,3772080000,17.170000076293945,101.83999633789062,4.14,3.5450000762939453,-0.5949999237060544,1.0438478759585237,0,0.0,0.0,0.0,0.0,0.0,
21/04/2023,4133.52002,4138.02002,4113.859863,4132.140137,3611750000,16.770000457763672,101.81999969482422,4.17,3.569999933242798,-0.6000000667572021,0.9974889818445544,0,0.0,0.0,0.0,0.0,0.0,
24/04/2023,4137.040039,4142.410156,4117.77002,4132.069824,3290940000,16.889999389648438,101.3499984741211,4.12,3.515000104904175,-0.6049998950958253,0.9252545972580926,0,0.0,0.0,0.0,0.0,0.0,
25/04/2023,4071.629883,4126.430176,4071.379883,4126.430176,3978640000,18.760000228881836,101.86000061035156,3.86,3.3959999084472656,-0.46400009155273425,1.0914755154321003,0,0.0,0.0,0.0,0.0,0.0,
26/04/2023,4055.98999,4089.669922,4049.350098,4087.780029,3837030000,18.84000015258789,101.47000122070312,3.9,3.431999921798706,-0.46800007820129386,1.0375713071187056,0,0.0,0.0,0.0,0.0,0.0,
27/04/2023,4135.350098,4138.240234,4075.290039,4075.290039,3750550000,17.030000686645508,101.5,4.07,3.5280001163482666,-0.5419998836517337,1.0153685301406523,0,0.0,0.0,0.0,0.0,0.0,
28/04/2023,4169.47998,4170.060059,4127.180176,4129.629883,4087800000,15.779999732971191,101.66999816894531,4.04,3.4519999027252197,-0.5880000972747803,1.0788621353647618,0,0.0,0.0,0.0,0.0,0.0,
01/05/2023,4167.870117,4186.919922,4164.120117,4166.790039,3321370000,16.079999923706055,102.1500015258789,4.14,3.5739998817443848,-0.5660001182556149,0.8751783230805796,0,0.0,0.0,0.0,0.0,0.0,
02/05/2023,4119.580078,4164.100098,4089.719971,4164.100098,4486130000,17.780000686645508,101.95999908447266,3.97,3.438999891281128,-0.5310001087188723,1.1513005264108798,0,0.0,0.0,0.0,0.0,0.0,
03/05/2023,4090.75,4148.299805,4088.860107,4122.25,4246510000,18.34000015258789,101.33999633789062,3.89,3.4030001163482666,-0.4869998836517335,1.0673720966240303,1,1.4666666666666666,-0.0178127444846354,0.1486486486486486,0.75,0.1013513513513513,-1.0
04/05/2023,4061.219971,4082.610107,4048.280029,4082.550049,4920090000,20.09000015258789,101.4000015258789,3.75,3.3510000705718994,-0.3989999294281006,1.168007159847877,0,0.0,0.0,0.0,0.0,0.0,
05/05/2023,4136.25,4147.02002,4084.72998,4084.72998,4186270000,17.190000534057617,101.20999908447266,3.92,3.446000099182129,-0.473999900817871,0.9891769378323724,0,0.0,0.0,0.0,0.0,0.0,
08/05/2023,4138.120117,4142.299805,4123.810059,4136.97998,3641640000,16.979999542236328,101.37000274658203,4.0,3.5209999084472656,-0.4790000915527344,0.8476563081919347,0,0.0,0.0,0.0,0.0,0.0,
09/05/2023,4119.169922,4130.350098,4116.649902,4124.25,3810140000,17.709999084472656,101.63999938964844,4.01,3.5209999084472656,-0.48900009155273416,0.9156943279507226,0,0.0,0.0,0.0,0.0,0.0,
10/05/2023,4137.640137,4154.279785,4098.919922,4143.740234,4057160000,16.940000534057617,101.4800033569336,3.9,3.438999891281128,-0.461000108718872,0.9840167254417836,0,0.0,0.0,0.0,0.0,0.0,
11/05/2023,4130.620117,4132.799805,4109.290039,4132.240234,3752900000,16.93000030517578,102.05999755859375,3.89,3.3970000743865967,-0.49299992561340344,0.9648495406494512,0,0.0,0.0,0.0,0.0,0.0,
12/05/2023,4124.080078,4143.740234,4099.120117,4138.540039,3533740000,17.030000686645508,102.68000030517578,3.98,3.4630000591278076,-0.5169999408721924,0.9400454787774573,0,0.0,0.0,0.0,0.0,0.0,
15/05/2023,4136.279785,4141.25,4110.27002,4126.649902,3562170000,17.1200008392334,102.43000030517578,3.99,3.507999897003174,-0.4820001029968264,0.9516320431970104,0,0.0,0.0,0.0,0.0,0.0,
16/05/2023,4109.899902,4135.540039,4109.859863,4127.950195,3654200000,17.989999771118164,102.55999755859375,4.06,3.5490000247955322,-0.5109999752044674,0.9844198625335868,0,0.0,0.0,0.0,0.0,0.0,
17/05/2023,4158.77002,4164.669922,4113.620117,4122.850098,4039080000,16.8700008392334,102.87999725341797,4.12,3.5810000896453857,-0.5389999103546144,1.0891652451260887,0,0.0,0.0,0.0,0.0,0.0,
18/05/2023,4198.049805,4202.200195,4153.5,4157.680176,3980500000,16.049999237060547,103.58000183105469,4.24,3.6480000019073486,-0.5919999980926516,1.0603531544740483,0,0.0,0.0,0.0,0.0,0.0,
19/05/2023,4191.97998,4212.910156,4180.200195,4204.149902,4041900000,16.809999465942383,103.19999694824219,4.28,3.691999912261963,-0.5880000877380374,1.0483274846520747,0,0.0,0.0,0.0,0.0,0.0,
22/05/2023,4192.629883,4209.220215,4179.680176,4190.779785,3728520000,17.209999084472656,103.19999694824219,4.29,3.7190001010894775,-0.5709998989105225,0.958774338877403,0,0.0,0.0,0.0,0.0,0.0,
23/05/2023,4145.580078,4185.680176,4142.540039,4176.799805,4155320000,18.530000686645508,103.48999786376953,4.26,3.697999954223633,-0.562000045776367,1.0416779475084883,0,0.0,0.0,0.0,0.0,0.0,
24/05/2023,4115.240234,4132.959961,4103.97998,4132.959961,0,20.030000686645508,103.88999938964844,4.31,3.7190001010894775,-0.5909998989105221,0.0,0,0.0,0.0,0.0,0.0,0.0,
25/05/2023,4151.279785,4165.740234,4129.72998,4155.709961,4147760000,19.139999389648438,104.20999908447266,4.5,3.813999891281128,-0.6860001087188721,1.290247923600958,0,0.0,0.0,0.0,0.0,0.0,
26/05/2023,4205.450195,4212.870117,4156.160156,4156.160156,3715460000,17.950000762939453,104.20999908447266,4.54,3.809999942779541,-0.730000057220459,1.1797313276256012,0,0.0,0.0,0.0,0.0,0.0,
30/05/2023,4205.52002,4231.100098,4192.180176,4226.709961,4228510000,17.459999084472656,104.16999816894531,4.46,3.700000047683716,-0.7599999523162841,1.3013162389479935,0,0.0,0.0,0.0,0.0,0.0,
31/05/2023,4179.830078,4195.439941,4166.149902,4190.740234,5980670000,17.940000534057617,104.31999969482422,4.4,3.63700008392334,-0.7629999160766605,1.654641884863106,0,0.0,0.0,0.0,0.0,0.0,
01/06/2023,4221.02002,4232.430176,4171.640137,4183.029785,4391860000,15.649999618530273,103.55999755859375,4.33,3.6080000400543213,-0.7219999599456788,0.9775216276877138,0,0.0,0.0,0.0,0.0,0.0,
02/06/2023,4282.370117,4290.669922,4241.009766,4241.009766,4454200000,14.600000381469727,104.0199966430664,4.5,3.690999984741211,-0.8090000152587891,0.9780551322532904,0,0.0,0.0,0.0,0.0,0.0,
05/06/2023,4273.790039,4299.279785,4266.819824,4282.990234,3813290000,14.729999542236328,104.0,4.46,3.693000078201294,-0.766999921798706,0.8337418277431912,0,0.0,0.0,0.0,0.0,0.0,
06/06/2023,4283.850098,4288.330078,4263.089844,4271.339844,3996560000,13.960000038146973,104.12999725341797,4.51,3.6989998817443848,-0.811000118255615,0.8827658595070457,0,0.0,0.0,0.0,0.0,0.0,
07/06/2023,4267.52002,4299.189941,4263.959961,4285.470215,4537800000,13.9399995803833,104.0999984741211,4.56,3.7839999198913574,-0.7760000801086422,1.070553480254283,0,0.0,0.0,0.0,0.0,0.0,
08/06/2023,4293.930176,4298.009766,4261.069824,4268.689941,3826740000,13.649999618530273,103.33999633789062,4.52,3.7139999866485596,-0.80600001335144,0.9275330984812824,0,0.0,0.0,0.0,0.0,0.0,
09/06/2023,4298.859863,4322.620117,4291.700195,4304.879883,3786510000,13.829999923706055,103.55999755859375,4.59,3.744999885559082,-0.8450001144409178,0.9484817818835825,0,0.0,0.0,0.0,0.0,0.0,
12/06/2023,4338.930176,4340.129883,4304.370117,4308.319824,3945670000,15.010000228881836,103.62999725341797,4.55,3.765000104904175,-0.784999895095825,0.9818382066043972,0,0.0,0.0,0.0,0.0,0.0,
13/06/2023,4369.009766,4375.370117,4349.310059,4352.609863,4275400000,14.609999656677246,103.33999633789062,4.67,3.8389999866485596,-0.8310000133514404,1.049326236052016,0,0.0,0.0,0.0,0.0,0.0,
14/06/2023,4372.589844,4391.819824,4337.850098,4366.290039,4252110000,13.880000114440918,103.01000213623047,4.74,3.7960000038146973,-0.943999996185303,1.0584533936593012,1,0.9767441860465116,0.0135092763485361,0.1438356164383561,0.708904109589041,0.1472602739726027,0.0
15/06/2023,4425.839844,4439.200195,4362.600098,4365.330078,4176690000,14.5,102.12000274658203,4.62,3.7279999256134033,-0.8920000743865968,1.0218761835510983,0,0.0,0.0,0.0,0.0,0.0,
16/06/2023,4409.589844,4448.470215,4407.439941,4440.950195,6848600000,13.539999961853027,102.30000305175781,4.7,3.7690000534057617,-0.9309999465942385,1.457243812043933,0,0.0,0.0,0.0,0.0,0.0,
20/06/2023,4388.709961,4400.149902,4367.189941,4396.109863,4055790000,13.880000114440918,102.54000091552734,4.68,3.7290000915527344,-0.9509999084472653,0.8589648937102978,0,0.0,0.0,0.0,0.0,0.0,
21/06/2023,4365.689941,4386.220215,4360.140137,4380.009766,3709330000,13.199999809265137,102.06999969482422,4.68,3.7230000495910645,-0.9569999504089353,0.8048880938369588,0,0.0,0.0,0.0,0.0,0.0,
22/06/2023,4381.890137,4382.25,4351.819824,4355.399902,3511000000,12.90999984741211,102.38999938964844,4.77,3.7990000247955322,-0.9709999752044673,0.7871699592088572,0,0.0,0.0,0.0,0.0,0.0,
23/06/2023,4348.330078,4366.549805,4341.339844,4354.169922,6053620000,13.4399995803833,102.9000015258789,4.71,3.739000082015991,-0.9709999179840088,1.251868407839413,0,0.0,0.0,0.0,0.0,0.0,
26/06/2023,4328.819824,4362.060059,4328.080078,4344.839844,3415030000,14.25,102.69000244140625,4.65,3.7190001010894775,-0.9309998989105228,0.8231062576254159,0,0.0,0.0,0.0,0.0,0.0,
27/06/2023,4378.410156,4384.419922,4335.0,4337.359863,3573500000,13.739999771118164,102.48999786376953,4.74,3.7679998874664307,-0.9720001125335695,0.8818022275654313,0,0.0,0.0,0.0,0.0,0.0,
28/06/2023,4376.859863,4390.350098,4360.220215,4367.47998,3739330000,13.430000305175781,102.91000366210938,4.71,3.7100000381469727,-0.9999999618530273,0.9213585525278328,0,0.0,0.0,0.0,0.0,0.0,
29/06/2023,4396.439941,4398.390137,4371.970215,4374.939941,3696660000,13.539999961853027,103.33999633789062,4.87,3.8540000915527344,-1.0159999084472657,0.9025868560328232,0,0.0,0.0,0.0,0.0,0.0,
30/06/2023,4450.379883,4458.47998,4422.439941,4422.439941,3923450000,13.59000015258789,102.91000366210938,4.87,3.819000005722046,-1.0509999942779542,1.0691782251660538,0,0.0,0.0,0.0,0.0,0.0,
03/07/2023,4455.589844,4456.459961,4442.290039,4450.47998,2034280000,13.569999694824219,102.98999786376953,4.94,3.8580000400543213,-1.081999959945679,0.5994735731604824,0,0.0,0.0,0.0,0.0,0.0,
05/07/2023,4446.819824,4454.060059,4436.609863,4442.040039,3482620000,14.180000305175781,103.37000274658203,4.94,3.944999933242798,-0.9950000667572025,1.0318054744097358,0,0.0,0.0,0.0,0.0,0.0,
06/07/2023,4411.589844,4422.620117,4385.049805,4422.620117,3682020000,15.4399995803833,103.16999816894531,4.99,4.040999889373779,-0.9490001106262209,1.0945993912847531,0,0.0,0.0,0.0,0.0,0.0,
07/07/2023,4398.950195,4440.390137,4397.399902,4404.540039,3630480000,14.829999923706055,102.2699966430664,4.94,4.050000190734863,-0.8899998092651371,1.0835410094401847,0,0.0,0.0,0.0,0.0,0.0,
10/07/2023,4409.529785,4412.600098,4389.919922,4394.22998,3429600000,15.069999694824219,101.97000122070312,4.85,4.00600004196167,-0.8439999580383297,1.0546774094347746,0,0.0,0.0,0.0,0.0,0.0,
11/07/2023,4439.259766,4443.640137,4408.459961,4415.549805,3624220000,14.84000015258789,101.7300033569336,4.88,3.9800000190734863,-0.8999999809265136,1.015247964304883,0,0.0,0.0,0.0,0.0,0.0,
12/07/2023,4472.160156,4488.339844,4463.22998,4467.689941,3920290000,13.539999961853027,100.5199966430664,4.72,3.8610000610351562,-0.8589999389648435,1.0719017904357342,0,0.0,0.0,0.0,0.0,0.0,
13/07/2023,4510.040039,4517.379883,4489.359863,4491.5,3839530000,13.609999656677246,99.7699966430664,4.59,3.760999917984009,-0.8290000820159911,1.040854754794482,0,0.0,0.0,0.0,0.0,0.0,
14/07/2023,4505.419922,4527.759766,4499.560059,4514.609863,3647450000,13.34000015258789,99.91000366210938,4.74,3.819000005722046,-0.9209999942779543,0.9878750387978176,0,0.0,0.0,0.0,0.0,0.0,
17/07/2023,4522.790039,4532.850098,4504.899902,4508.859863,3538240000,13.479999542236328,99.83999633789062,4.74,3.796999931335449,-0.943000068664551,0.952690211435492,0,0.0,0.0,0.0,0.0,0.0,
18/07/2023,4554.97998,4562.299805,4514.589844,4521.779785,4090010000,13.300000190734863,99.94000244140625,4.74,3.7890000343322754,-0.9509999656677248,1.0743100267289782,0,0.0,0.0,0.0,0.0,0.0,
19/07/2023,4565.720215,4578.430176,4557.47998,4563.870117,4115670000,13.760000228881836,100.27999877929688,4.74,3.742000102996826,-0.997999897003174,1.0700669235449198,0,0.0,0.0,0.0,0.0,0.0,
20/07/2023,4534.870117,4564.740234,4527.560059,4554.379883,3761770000,13.989999771118164,100.87999725341797,4.8,3.8540000915527344,-0.9459999084472654,0.9820243573638578,0,0.0,0.0,0.0,0.0,0.0,
21/07/2023,4536.339844,4555.0,4535.790039,4550.160156,3570190000,13.600000381469727,101.06999969482422,4.82,3.8369998931884766,-0.9830001068115237,0.9357864486461436,0,0.0,0.0,0.0,0.0,0.0,
24/07/2023,4554.640137,4563.410156,4541.290039,4543.390137,3856250000,13.90999984741211,101.3499984741211,4.81,3.8570001125335693,-0.9529998874664303,0.9941919852077123,0,0.0,0.0,0.0,0.0,0.0,
25/07/2023,4567.459961,4580.620117,4552.419922,4555.189941,3812470000,13.859999656677246,101.3499984741211,4.85,3.9119999408721924,-0.9380000591278073,0.9971751929630918,0,0.0,0.0,0.0,0.0,0.0,
26/07/2023,4566.75,4582.470215,4547.580078,4558.959961,3990290000,13.1899995803833,100.88999938964844,4.82,3.8510000705718994,-0.9689999294281009,1.050575615674186,1,1.1063829787234043,0.0413941982686794,0.1918819188191882,0.6346863468634686,0.1734317343173431,1.0
27/07/2023,4537.410156,4607.069824,4528.560059,4598.259766,4553210000,14.40999984741211,101.7699966430664,4.91,4.01200008392334,-0.8979999160766603,1.1508228774957143,0,0.0,0.0,0.0,0.0,0.0,
28/07/2023,4582.22998,4590.160156,4564.009766,4565.75,3981010000,13.329999923706055,101.62000274658203,4.87,3.9690001010894775,-0.9009998989105226,0.9857288804218048,0,0.0,0.0,0.0,0.0,0.0,
31/07/2023,4588.959961,4594.220215,4573.140137,4584.819824,4503600000,13.630000114440918,101.86000061035156,4.88,3.9590001106262207,-0.9209998893737792,1.080488162997383,0,0.0,0.0,0.0,0.0,0.0,
01/08/2023,4576.72998,4584.620117,4567.529785,4578.830078,4042370000,13.930000305175781,102.30000305175781,4.92,4.051000118255615,-0.8689998817443847,0.9592496231694768,0,0.0,0.0,0.0,0.0,0.0,
02/08/2023,4513.390137,4550.930176,4505.75,4550.930176,4270710000,16.09000015258789,102.58999633789062,4.88,4.078000068664551,-0.8019999313354491,1.00012411654778,0,0.0,0.0,0.0,0.0,0.0,
03/08/2023,4501.890137,4519.490234,4485.540039,4494.27002,4149120000,15.920000076293945,102.54000091552734,4.9,4.189000129699707,-0.7109998703002933,0.9903942414143252,0,0.0,0.0,0.0,0.0,0.0,
04/08/2023,4478.029785,4540.339844,4474.549805,4513.959961,4143310000,17.100000381469727,102.0199966430664,4.78,4.059999942779541,-0.7200000572204592,0.9814032898592124,0,0.0,0.0,0.0,0.0,0.0,
07/08/2023,4518.439941,4519.839844,4491.149902,4491.580078,3493920000,15.770000457763672,102.05000305175781,4.76,4.078000068664551,-0.681999931335449,0.8691589761500699,0,0.0,0.0,0.0,0.0,0.0,
08/08/2023,4499.379883,4503.310059,4464.390137,4498.029785,3884910000,15.989999771118164,102.52999877929688,4.74,4.026000022888184,-0.7139999771118166,0.9740537168594676,0,0.0,0.0,0.0,0.0,0.0,
09/08/2023,4467.709961,4502.439941,4461.330078,4501.569824,3803100000,15.960000038146973,102.48999786376953,4.79,4.01200008392334,-0.7779999160766602,0.9764377365931408,0,0.0,0.0,0.0,0.0,0.0,
10/08/2023,4468.830078,4527.370117,4457.919922,4487.160156,4504370000,15.850000381469727,102.5199966430664,4.82,4.079999923706055,-0.7400000762939456,1.1357686812801664,0,0.0,0.0,0.0,0.0,0.0,
11/08/2023,4464.049805,4476.22998,4443.97998,4450.689941,3753290000,14.84000015258789,102.83999633789062,4.89,4.168000221252441,-0.7219997787475583,0.9653727264824,0,0.0,0.0,0.0,0.0,0.0,
14/08/2023,4489.720215,4490.330078,4453.439941,4458.129883,3896410000,14.819999694824219,103.19000244140625,4.96,4.184000015258789,-0.7759999847412109,0.981855228887294,0,0.0,0.0,0.0,0.0,0.0,
15/08/2023,4437.859863,4478.870117,4432.189941,4478.870117,3832250000,16.459999084472656,103.20999908447266,4.92,4.2210001945495605,-0.6989998054504394,0.9682572809107088,0,0.0,0.0,0.0,0.0,0.0,
16/08/2023,4404.330078,4449.950195,4403.549805,4433.790039,3753910000,16.780000686645508,103.41999816894531,4.97,4.257999897003174,-0.7120001029968259,0.9508273206543186,0,0.0,0.0,0.0,0.0,0.0,
17/08/2023,4370.359863,4421.169922,4364.830078,4416.319824,3943700000,17.889999389648438,103.44000244140625,4.94,4.308000087738037,-0.6319999122619633,1.0280997061455008,0,0.0,0.0,0.0,0.0,0.0,
18/08/2023,4369.709961,4381.819824,4335.310059,4344.879883,3940400000,17.299999237060547,103.37999725341797,4.92,4.250999927520752,-0.669000072479248,1.0173147990852325,0,0.0,0.0,0.0,0.0,0.0,
21/08/2023,4399.77002,4407.549805,4360.299805,4380.279785,3726850000,17.1299991607666,103.33000183105469,4.97,4.3420000076293945,-0.6279999923706052,0.9706799617234052,0,0.0,0.0,0.0,0.0,0.0,
22/08/2023,4387.549805,4418.589844,4382.77002,4415.330078,3522760000,16.969999313354492,103.55999755859375,5.02,4.328000068664551,-0.6919999313354488,0.93255794006868,0,0.0,0.0,0.0,0.0,0.0,
23/08/2023,4436.009766,4443.180176,4396.439941,4396.439941,3837270000,15.979999542236328,103.36000061035156,4.95,4.197999954223633,-0.7520000457763674,1.0113526027648545,0,0.0,0.0,0.0,0.0,0.0,
24/08/2023,4376.310059,4458.299805,4375.549805,4455.160156,3723470000,17.200000762939453,103.9800033569336,4.98,4.235000133514404,-0.7449998664855961,0.992885617908617,0,0.0,0.0,0.0,0.0,0.0,
25/08/2023,4405.709961,4418.459961,4356.290039,4389.379883,3296180000,15.680000305175781,104.08000183105469,5.03,4.238999843597412,-0.7910001564025881,0.9102185786012008,0,0.0,0.0,0.0,0.0,0.0,
28/08/2023,4433.310059,4439.560059,4414.97998,4426.029785,2957230000,15.079999923706055,104.05999755859375,4.98,4.211999893188477,-0.7680001068115239,0.8528711287074802,0,0.0,0.0,0.0,0.0,0.0,
29/08/2023,4497.629883,4500.140137,4431.680176,4432.75,3354820000,14.449999809265137,103.55000305175781,4.87,4.122000217437744,-0.747999782562256,0.9770009499696254,0,0.0,0.0,0.0,0.0,0.0,
30/08/2023,4514.870117,4521.649902,4493.589844,4500.339844,3064110000,13.880000114440918,103.16000366210938,4.9,4.118000030517578,-0.7819999694824222,0.934418610608442,0,0.0,0.0,0.0,0.0,0.0,
31/08/2023,4507.660156,4532.259766,4507.390137,4517.009766,3946360000,13.569999694824219,103.62000274658203,4.85,4.0929999351501465,-0.7570000648498532,1.1873251217002534,0,0.0,0.0,0.0,0.0,0.0,
01/09/2023,4515.77002,4541.25,4501.350098,4530.600098,3246260000,13.09000015258789,104.23999786376953,4.87,4.172999858856201,-0.6970001411437989,0.9796315721495488,0,0.0,0.0,0.0,0.0,0.0,
05/09/2023,4496.830078,4514.290039,4496.009766,4510.060059,3526250000,14.010000228881836,104.80999755859375,4.94,4.26800012588501,-0.6719998741149906,1.0287930772911342,0,0.0,0.0,0.0,0.0,0.0,
06/09/2023,4465.47998,4490.350098,4442.379883,4490.350098,3418850000,14.449999809265137,104.86000061035156,5.01,4.289999961853027,-0.7200000381469724,0.9937460142322068,0,0.0,0.0,0.0,0.0,0.0,
07/09/2023,4451.140137,4457.810059,4430.459961,4434.549805,3763760000,14.399999618530273,105.05999755859375,4.94,4.260000228881836,-0.6799997711181645,1.051242690548491,0,0.0,0.0,0.0,0.0,0.0,
08/09/2023,4457.490234,4473.529785,4448.379883,4451.299805,3259290000,13.84000015258789,105.08999633789062,4.98,4.257999897003174,-0.7220001029968266,0.946674907824317,0,0.0,0.0,0.0,0.0,0.0,
11/09/2023,4487.459961,4490.77002,4467.890137,4480.97998,3369920000,13.800000190734863,104.56999969482422,4.97,4.288000106811523,-0.6819998931884763,0.9718267373473518,0,0.0,0.0,0.0,0.0,0.0,
12/09/2023,4461.899902,4487.109863,4456.830078,4473.27002,3435740000,14.229999542236328,104.70999908447266,4.98,4.263999938964844,-0.7160000610351567,0.9960075512130412,0,0.0,0.0,0.0,0.0,0.0,
13/09/2023,4467.439941,4479.390137,4453.52002,4462.649902,3529430000,13.479999542236328,104.7699966430664,4.96,4.249000072479248,-0.7109999275207519,1.016649825384517,0,0.0,0.0,0.0,0.0,0.0,
14/09/2023,4505.100098,4511.990234,4478.689941,4487.779785,3648720000,12.819999694824219,105.41000366210938,5.0,4.288000106811523,-0.7119998931884766,1.0580232092837134,0,0.0,0.0,0.0,0.0,0.0,
15/09/2023,4450.319824,4497.97998,4447.209961,4497.97998,6932230000,13.789999961853027,105.31999969482422,5.02,4.322000026702881,-0.6979999732971187,1.6571564215788457,0,0.0,0.0,0.0,0.0,0.0,
18/09/2023,4453.529785,4466.359863,4442.109863,4445.129883,3161230000,14.0,105.19999694824219,5.05,4.318999767303467,-0.731000232696533,0.7633110948527938,0,0.0,0.0,0.0,0.0,0.0,
19/09/2023,4443.950195,4449.850098,4416.609863,4445.410156,3614880000,14.109999656677246,105.19999694824219,5.08,4.364999771118164,-0.715000228881836,0.865363208466334,0,0.0,0.0,0.0,0.0,0.0,
20/09/2023,4402.200195,4461.029785,4401.379883,4452.810059,3308450000,15.140000343322754,105.16000366210938,5.12,4.348999977111816,-0.7710000228881837,0.8004762524612264,1,0.8,0.0401440034467788,0.1311475409836065,0.7049180327868853,0.1639344262295081,1.0
21/09/2023,4330.0,4375.700195,4329.169922,4374.359863,3662340000,17.540000915527344,105.36000061035156,5.12,4.480000019073486,-0.6399999809265138,0.8855159767359652,0,0.0,0.0,0.0,0.0,0.0,
22/09/2023,4320.060059,4357.399902,4316.490234,4341.740234,3349570000,17.200000762939453,105.58000183105469,5.1,4.438000202178955,-0.6619997978210446,0.9796086560558992,0,0.0,0.0,0.0,0.0,0.0,
25/09/2023,4337.439941,4338.509766,4302.700195,4310.620117,3195650000,16.899999618530273,106.0,5.09,4.541999816894531,-0.5480001831054686,0.9327156966158792,0,0.0,0.0,0.0,0.0,0.0,
26/09/2023,4273.529785,4313.009766,4265.97998,4312.879883,3472340000,18.940000534057617,106.2300033569336,5.04,4.558000087738037,-0.4819999122619629,1.0219768252949817,0,0.0,0.0,0.0,0.0,0.0,
27/09/2023,4274.509766,4292.069824,4238.629883,4282.629883,3875880000,18.219999313354492,106.66999816894531,5.1,4.625999927520752,-0.4740000724792477,1.1038757605757192,0,0.0,0.0,0.0,0.0,0.0,
28/09/2023,4299.700195,4317.27002,4264.379883,4269.649902,3846230000,17.34000015258789,106.22000122070312,5.04,4.5970001220703125,-0.44299987792968754,1.0840759721009463,0,0.0,0.0,0.0,0.0,0.0,
29/09/2023,4288.049805,4333.149902,4274.859863,4328.180176,3865960000,17.520000457763672,106.16999816894531,5.03,4.572999954223633,-0.45700004577636744,1.0588155385115956,0,0.0,0.0,0.0,0.0,0.0,
02/10/2023,4288.390137,4300.580078,4260.209961,4284.52002,3938660000,17.610000610351562,106.9000015258789,5.12,4.683000087738037,-0.436999912261963,1.0365402095997331,0,0.0,0.0,0.0,0.0,0.0,
03/10/2023,4229.450195,4281.149902,4216.450195,4269.75,3953830000,19.780000686645508,107.0,5.15,4.802000045776367,-0.34799995422363317,1.0148142558530144,0,0.0,0.0,0.0,0.0,0.0,
04/10/2023,4263.75,4268.5,4220.47998,4233.830078,3777600000,18.579999923706055,106.80000305175781,5.05,4.735000133514404,-0.3149998664855955,0.9744983562305364,0,0.0,0.0,0.0,0.0,0.0,
05/10/2023,4258.189941,4267.129883,4225.910156,4259.310059,3581470000,18.489999771118164,106.33000183105469,5.03,4.7170000076293945,-0.3129999923706057,0.93669837928769,0,0.0,0.0,0.0,0.0,0.0,
06/10/2023,4308.5,4324.100098,4219.549805,4234.790039,3902030000,17.450000762939453,106.04000091552734,5.08,4.783999919891357,-0.29600008010864265,1.018615831288025,0,0.0,0.0,0.0,0.0,0.0,
09/10/2023,4335.660156,4341.72998,4283.790039,4289.02002,3174630000,17.700000762939453,106.08000183105469,5.08,4.796999931335449,-0.29600008010864265,0.863160945666998,0,0.0,0.0,0.0,0.0,0.0,
10/10/2023,4358.240234,4385.459961,4339.640137,4339.75,3520240000,17.030000686645508,105.83000183105469,4.96,4.65500020980835,-0.30499979019165036,0.9802422258446634,0,0.0,0.0,0.0,0.0,0.0,
11/10/2023,4376.950195,4378.640137,4345.339844,4366.589844,3601660000,16.09000015258789,105.81999969482422,4.99,4.59499979019165,-0.3950002098083498,1.0128385610148014,0,0.0,0.0,0.0,0.0,0.0,
12/10/2023,4349.609863,4385.850098,4325.430176,4380.939941,3713140000,16.690000534057617,106.56999969482422,5.06,4.711999893188477,-0.34800010681152305,1.036512447171402,0,0.0,0.0,0.0,0.0,0.0,
13/10/2023,4327.779785,4377.100098,4311.970215,4360.490234,3566560000,19.31999969482422,106.6500015258789,5.04,4.629000186920166,-0.410999813079834,1.0145975559036269,0,0.0,0.0,0.0,0.0,0.0,
16/10/2023,4373.629883,4383.330078,4342.370117,4342.370117,3409960000,17.209999084472656,106.23999786376953,5.09,4.711999893188477,-0.3780001068115233,0.9572322693801104,0,0.0,0.0,0.0,0.0,0.0,
17/10/2023,4373.200195,4393.569824,4337.540039,4345.22998,3794850000,17.8799991607666,106.25,5.19,4.8470001220703125,-0.3429998779296879,1.049102712182845,0,0.0,0.0,0.0,0.0,0.0,
18/10/2023,4314.600098,4364.200195,4303.839844,4357.350098,3686030000,19.219999313354492,106.56999969482422,5.19,4.9039998054504395,-0.28600019454956094,1.0142874124819623,0,0.0,0.0,0.0,0.0,0.0,
19/10/2023,4278.0,4339.540039,4269.689941,4321.359863,3969730000,21.399999618530273,106.25,5.14,4.98799991607666,-0.15200008392333952,1.0771427780669045,0,0.0,0.0,0.0,0.0,0.0,
20/10/2023,4224.160156,4276.560059,4223.029785,4273.850098,4004030000,21.709999084472656,106.16000366210938,5.07,4.923999786376953,-0.14600021362304716,1.061254943120978,0,0.0,0.0,0.0,0.0,0.0,
23/10/2023,4217.040039,4255.839844,4189.220215,4210.399902,3776100000,20.3700008392334,105.54000091552734,5.05,4.8379998207092285,-0.2120001792907713,0.9817874923169884,0,0.0,0.0,0.0,0.0,0.0,
24/10/2023,4247.680176,4259.379883,4219.430176,4235.790039,3821820000,18.969999313354492,106.2699966430664,5.02,4.840000152587891,-0.17999984741210895,0.992283090772475,0,0.0,0.0,0.0,0.0,0.0,
25/10/2023,4186.77002,4232.419922,4181.419922,4232.419922,3869370000,20.190000534057617,106.52999877929688,5.08,4.953000068664551,-0.1269999313354493,0.9951545827000084,0,0.0,0.0,0.0,0.0,0.0,
26/10/2023,4137.22998,4183.600098,4127.899902,4175.990234,4277640000,20.68000030517578,106.5999984741211,5.02,4.84499979019165,-0.17500020980834918,1.0830038645072957,0,0.0,0.0,0.0,0.0,0.0,
27/10/2023,4117.370117,4156.700195,4103.779785,4152.930176,4019500000,21.270000457763672,106.55999755859375,4.99,4.84499979019165,-0.14500020980834982,1.016851991178091,0,0.0,0.0,0.0,0.0,0.0,
30/10/2023,4166.819824,4177.470215,4132.939941,4139.390137,3911140000,19.75,106.12000274658203,5.03,4.875,-0.15500000000000025,0.982724665531293,0,0.0,0.0,0.0,0.0,0.0,
31/10/2023,4193.799805,4195.549805,4153.120117,4171.330078,4249470000,18.139999389648438,106.66000366210938,5.07,4.875,-0.19500000000000028,1.0452710467592063,0,0.0,0.0,0.0,0.0,0.0,
01/11/2023,4237.859863,4245.640137,4197.740234,4201.27002,4224900000,16.8700008392334,106.87999725341797,4.95,4.789000034332275,-0.1609999656677248,1.0213633165962777,1,1.0,-0.0055498555606312,0.1630434782608695,0.6739130434782609,0.1630434782608695,0.0
02/11/2023,4317.779785,4319.720215,4268.259766,4268.259766,4669780000,15.65999984741211,106.12000274658203,4.98,4.669000148773193,-0.31099985122680707,1.1079066505526272,0,0.0,0.0,0.0,0.0,0.0,
03/11/2023,4358.339844,4373.620117,4334.22998,4334.22998,4570960000,14.90999984741211,105.0199966430664,4.83,4.558000087738037,-0.27199991226196296,1.0568082769782094,0,0.0,0.0,0.0,0.0,0.0,
06/11/2023,4365.97998,4372.209961,4347.529785,4364.27002,3656340000,14.890000343322754,105.22000122070312,4.93,4.6620001792907715,-0.26799982070922823,0.8554262813239157,0,0.0,0.0,0.0,0.0,0.0,
07/11/2023,4378.379883,4386.259766,4355.410156,4366.209961,3791230000,14.8100004196167,105.54000091552734,4.91,4.571000099182129,-0.33899990081787124,0.9064199135379026,0,0.0,0.0,0.0,0.0,0.0,
08/11/2023,4382.779785,4391.200195,4359.759766,4384.370117,3729510000,14.449999809265137,105.58999633789062,4.93,4.5229997634887695,-0.4070002365112302,0.9132977957490076,0,0.0,0.0,0.0,0.0,0.0,
09/11/2023,4347.350098,4393.399902,4343.939941,4391.410156,3900780000,15.289999961853027,105.91000366210938,5.03,4.630000114440918,-0.3999998855590823,0.9926244934810334,0,0.0,0.0,0.0,0.0,0.0,
10/11/2023,4415.240234,4418.029785,4353.339844,4364.149902,3665080000,14.170000076293945,105.86000061035156,5.04,4.627999782562256,-0.4120002174377442,0.977722811896106,0,0.0,0.0,0.0,0.0,0.0,
13/11/2023,4411.549805,4421.759766,4393.819824,4406.660156,3326240000,14.760000228881836,105.66000366210938,5.02,4.631999969482422,-0.3880000305175777,0.9032392612980942,0,0.0,0.0,0.0,0.0,0.0,
14/11/2023,4495.700195,4508.669922,4458.970215,4458.970215,4700350000,14.15999984741211,104.11000061035156,4.8,4.440999984741211,-0.3590000152587889,1.2163232922539948,0,0.0,0.0,0.0,0.0,0.0,
15/11/2023,4502.879883,4521.169922,4495.310059,4505.299805,4347170000,14.180000305175781,104.38999938964844,4.9,4.534999847412109,-0.365000152587891,1.0900834619716926,0,0.0,0.0,0.0,0.0,0.0,
16/11/2023,4508.240234,4511.990234,4487.830078,4497.080078,3964520000,14.319999694824219,104.37000274658203,4.83,4.445000171661377,-0.3849998283386231,0.9909635181289544,0,0.0,0.0,0.0,0.0,0.0,
17/11/2023,4514.02002,4520.120117,4499.660156,4509.549805,3777240000,13.800000190734863,103.81999969482422,4.88,4.440999984741211,-0.43900001525878896,0.9388869887529628,0,0.0,0.0,0.0,0.0,0.0,
20/11/2023,4547.379883,4557.109863,4510.359863,4511.700195,3644790000,13.40999984741211,103.47000122070312,4.89,4.421999931335449,-0.46800006866455046,0.8918414197465312,0,0.0,0.0,0.0,0.0,0.0,
21/11/2023,4538.189941,4542.140137,4525.509766,4538.77002,3511080000,13.350000381469727,103.58999633789062,4.86,4.418000221252441,-0.4419997787475589,0.9122152477552378,0,0.0,0.0,0.0,0.0,0.0,
22/11/2023,4556.620117,4568.430176,4545.049805,4553.040039,3042810000,12.850000381469727,103.91999816894531,4.89,4.415999889373779,-0.4740001106262204,0.8480310404873013,0,0.0,0.0,0.0,0.0,0.0,
24/11/2023,4559.339844,4560.310059,4552.799805,4555.839844,1639500000,12.460000038146973,103.4000015258789,4.92,4.4720001220703125,-0.44799987792968743,0.5249618646184349,0,0.0,0.0,0.0,0.0,0.0,
27/11/2023,4550.430176,4560.52002,4546.319824,4554.859863,3403990000,12.6899995803833,103.19999694824219,4.84,4.388999938964844,-0.4510000610351561,1.1166356234053287,0,0.0,0.0,0.0,0.0,0.0,
28/11/2023,4554.890137,4568.140137,4540.509766,4545.549805,3586240000,12.6899995803833,102.75,4.73,4.335999965667725,-0.3940000343322758,1.1809568469179286,0,0.0,0.0,0.0,0.0,0.0,
29/11/2023,4550.580078,4587.640137,4547.149902,4571.839844,4418760000,12.979999542236328,102.7699966430664,4.64,4.270999908447266,-0.36900009155273406,1.3730276609099328,0,0.0,0.0,0.0,0.0,0.0,
30/11/2023,4567.799805,4569.890137,4537.240234,4554.870117,5399300000,12.920000076293945,103.5,4.73,4.3520002365112305,-0.37799976348876996,1.4634002230077423,0,0.0,0.0,0.0,0.0,0.0,
01/12/2023,4594.629883,4599.390137,4554.709961,4559.430176,4397120000,12.630000114440918,103.2699966430664,4.56,4.22599983215332,-0.3340001678466793,1.0367920261857706,0,0.0,0.0,0.0,0.0,0.0,
04/12/2023,4569.779785,4572.370117,4546.720215,4564.370117,4369910000,13.079999923706055,103.63999938964844,4.64,4.288000106811523,-0.35199989318847624,0.9854866622796196,0,0.0,0.0,0.0,0.0,0.0,
05/12/2023,4567.180176,4578.560059,4551.680176,4557.25,3909950000,12.850000381469727,104.05000305175781,4.57,4.171000003814697,-0.398999996185303,0.8690693592898702,0,0.0,0.0,0.0,0.0,0.0,
06/12/2023,4549.339844,4590.740234,4546.5,4586.22998,4245680000,12.970000267028809,104.1500015258789,4.6,4.120999813079834,-0.47900018692016566,0.9510096783615776,0,0.0,0.0,0.0,0.0,0.0,
07/12/2023,4585.589844,4590.919922,4565.220215,4568.839844,3818880000,13.0600004196167,103.54000091552734,4.58,4.129000186920166,-0.45099981307983406,0.9205873816505428,0,0.0,0.0,0.0,0.0,0.0,
08/12/2023,4604.370117,4609.22998,4574.060059,4576.200195,3707010000,12.350000381469727,104.01000213623047,4.71,4.244999885559082,-0.46500011444091793,0.9243754684827964,0,0.0,0.0,0.0,0.0,0.0,
11/12/2023,4622.439941,4623.709961,4593.390137,4593.390137,3823210000,12.630000114440918,104.0999984741211,4.71,4.238999843597412,-0.47100015640258786,0.98007252599754,0,0.0,0.0,0.0,0.0,0.0,
12/12/2023,4643.700195,4643.930176,4608.089844,4618.299805,3808380000,12.069999694824219,103.87000274658203,4.73,4.205999851226807,-0.5240001487731938,0.9813813832386064,0,0.0,0.0,0.0,0.0,0.0,
13/12/2023,4707.089844,4709.689941,4643.22998,4646.200195,5063650000,12.1899995803833,102.87000274658203,4.46,4.0329999923706055,-0.4270000076293945,1.2520689991113256,1,0.7142857142857143,0.0296990279462044,0.1356589147286821,0.6744186046511628,0.189922480620155,1.0
14/12/2023,4719.549805,4738.569824,4694.339844,4721.040039,6314040000,12.479999542236328,101.95999908447266,4.37,3.930000066757202,-0.43999993324279796,1.3897603878098053,0,0.0,0.0,0.0,0.0,0.0,
15/12/2023,4719.189941,4725.529785,4704.689941,4714.22998,8218980000,12.279999732971191,102.55000305175781,4.44,3.927999973297119,-0.5120000267028813,1.5092738206554517,0,0.0,0.0,0.0,0.0,0.0,
18/12/2023,4740.560059,4749.52002,4725.580078,4725.580078,4060340000,12.5600004196167,102.51000213623047,4.43,3.9539999961853027,-0.476000003814697,0.7391739203412003,0,0.0,0.0,0.0,0.0,0.0,
19/12/2023,4768.370117,4768.689941,4743.720215,4743.720215,4026970000,12.529999732971191,102.16999816894531,4.41,3.921999931335449,-0.4880000686645509,0.7273105239925762,0,0.0,0.0,0.0,0.0,0.0,
20/12/2023,4698.350098,4778.009766,4697.819824,4764.72998,4201320000,13.670000076293945,102.41000366210938,4.34,3.877000093460083,-0.46299990653991685,0.7831956646962435,0,0.0,0.0,0.0,0.0,0.0,
21/12/2023,4746.75,4748.709961,4708.350098,4724.290039,3431180000,13.649999618530273,101.83999633789062,4.33,3.8940000534057617,-0.43599994659423835,0.7166569404719286,0,0.0,0.0,0.0,0.0,0.0,
22/12/2023,4754.629883,4772.939941,4736.77002,4753.919922,3046770000,13.029999732971191,101.69999694824219,4.31,3.9010000228881836,-0.408999977111816,0.8117541928257572,0,0.0,0.0,0.0,0.0,0.0,
26/12/2023,4774.75,4784.720215,4758.450195,4758.859863,2513910000,12.989999771118164,101.47000122070312,4.26,3.885999917984009,-0.374000082015991,0.7299326660917588,0,0.0,0.0,0.0,0.0,0.0,
27/12/2023,4781.580078,4785.390137,4768.899902,4773.450195,2748450000,12.430000305175781,100.98999786376953,4.2,3.7890000343322754,-0.4109999656677248,0.8620354380323718,0,0.0,0.0,0.0,0.0,0.0,
28/12/2023,4783.350098,4793.299805,4780.97998,4786.439941,2698860000,12.470000267028809,101.2300033569336,4.26,3.8499999046325684,-0.4100000953674314,0.9345620281498176,0,0.0,0.0,0.0,0.0,0.0,
29/12/2023,4769.830078,4788.430176,4751.990234,4782.879883,3126060000,12.449999809265137,101.33000183105469,4.23,3.865999937057495,-0.3640000629425053,1.1058613773122354,0,0.0,0.0,0.0,0.0,0.0,
02/01/2024,4742.830078,4754.330078,4722.669922,4745.200195,3743050000,13.199999809265137,102.19999694824219,4.33,3.946000099182129,-0.38399990081787116,1.2619577581887929,0,0.0,0.0,0.0,0.0,0.0,
03/01/2024,4704.810059,4729.290039,4699.709961,4725.069824,3950760000,14.039999961853027,102.45999908447266,4.33,3.9070000648498535,-0.42299993515014656,1.214334629603902,0,0.0,0.0,0.0,0.0,0.0,
04/01/2024,4688.680176,4726.779785,4687.529785,4697.419922,3715480000,14.130000114440918,102.41999816894531,4.38,3.990999937057495,-0.3890000629425048,1.0779374279412866,0,0.0,0.0,0.0,0.0,0.0,
05/01/2024,4697.240234,4721.490234,4682.109863,4690.569824,3844370000,13.350000381469727,102.41000366210938,4.4,4.041999816894531,-0.3580001831054691,1.0458184346660342,0,0.0,0.0,0.0,0.0,0.0,
08/01/2024,4763.540039,4764.540039,4699.819824,4703.700195,3742320000,13.079999923706055,102.20999908447266,4.36,4.001999855041504,-0.3580001449584964,0.9850294641287262,0,0.0,0.0,0.0,0.0,0.0,
09/01/2024,4756.5,4765.470215,4730.350098,4741.930176,3529960000,12.760000228881836,102.56999969482422,4.36,4.019000053405762,-0.3409999465942386,0.9396743525623588,0,0.0,0.0,0.0,0.0,0.0,
10/01/2024,4783.450195,4790.799805,4756.200195,4759.939941,3498680000,12.6899995803833,102.36000061035156,4.37,4.03000020980835,-0.3399997901916505,0.9543168032400096,0,0.0,0.0,0.0,0.0,0.0,
11/01/2024,4780.240234,4798.5,4739.580078,4792.129883,3759890000,12.4399995803833,102.29000091552734,4.26,3.9769999980926514,-0.2830000019073484,1.0230870705221489,0,0.0,0.0,0.0,0.0,0.0,
12/01/2024,4783.830078,4802.399902,4768.97998,4791.180176,3486340000,12.699999809265137,102.4000015258789,4.14,3.950000047683716,-0.18999995231628386,0.967503811637664,0,0.0,0.0,0.0,0.0,0.0,
16/01/2024,4765.97998,4782.339844,4747.120117,4772.350098,4260550000,13.84000015258789,103.36000061035156,4.22,4.065999984741211,-0.1540000152587888,1.1492995572800615,0,0.0,0.0,0.0,0.0,0.0,
17/01/2024,4739.209961,4744.22998,4714.819824,4739.129883,3928600000,14.789999961853027,103.44999694824219,4.34,4.105999946594238,-0.23400005340576158,1.0374425770278537,0,0.0,0.0,0.0,0.0,0.0,
18/01/2024,4780.939941,4785.790039,4740.569824,4760.100098,4019000000,14.130000114440918,103.54000091552734,4.34,4.144000053405762,-0.19599994659423814,1.0329293454738728,0,0.0,0.0,0.0,0.0,0.0,
19/01/2024,4839.810059,4842.069824,4785.870117,4796.279785,4287200000,13.300000190734863,103.29000091552734,4.39,4.145999908447266,-0.24400009155273406,1.0727821320418844,0,0.0,0.0,0.0,0.0,0.0,
22/01/2024,4850.430176,4868.410156,4844.049805,4853.419922,4297610000,13.1899995803833,103.33000183105469,4.37,4.093999862670898,-0.27600013732910167,1.0334291029271443,0,0.0,0.0,0.0,0.0,0.0,
23/01/2024,4864.600098,4866.47998,4844.370117,4856.799805,3912800000,12.550000190734863,103.62000274658203,4.31,4.142000198364258,-0.1679998016357418,0.9568989509034146,0,0.0,0.0,0.0,0.0,0.0,
24/01/2024,4868.549805,4903.680176,4865.939941,4888.560059,4330030000,13.140000343322754,103.23999786376953,4.34,4.177999973297119,-0.16200002670288072,1.038543861264933,0,0.0,0.0,0.0,0.0,0.0,
25/01/2024,4894.160156,4898.149902,4869.339844,4886.660156,4020430000,13.449999809265137,103.56999969482422,4.28,4.131999969482422,-0.14800003051757837,0.9642211485283768,0,0.0,0.0,0.0,0.0,0.0,
26/01/2024,4890.970215,4906.689941,4881.470215,4888.910156,3353400000,13.260000228881836,103.47000122070312,4.34,4.159999847412109,-0.18000015258789048,0.8419590574999737,0,0.0,0.0,0.0,0.0,0.0,
29/01/2024,4927.930176,4929.310059,4887.399902,4892.950195,3525160000,13.600000381469727,103.61000061035156,4.29,4.091000080108643,-0.19899991989135746,0.920800634422432,0,0.0,0.0,0.0,0.0,0.0,
30/01/2024,4924.970215,4931.089844,4916.27002,4925.890137,3836130000,13.3100004196167,103.4000015258789,4.36,4.059000015258789,-0.30099998474121126,1.006058174207913,0,0.0,0.0,0.0,0.0,0.0,
31/01/2024,4845.649902,4906.75,4845.149902,4899.189941,4696120000,14.350000381469727,103.2699966430664,4.27,3.9670000076293945,-0.30299999237060504,1.2083943176040233,1,1.0566037735849056,0.0162206944265721,0.1879194630872483,0.6342281879194631,0.1778523489932885,1.0
01/02/2024,4906.189941,4906.970215,4853.52002,4861.109863,4386090000,13.880000114440918,103.05000305175781,4.2,3.86299991607666,-0.33700008392334,1.1077719238870731,0,0.0,0.0,0.0,0.0,0.0,
02/02/2024,4958.609863,4975.290039,4907.990234,4916.060059,3974350000,13.850000381469727,103.91999816894531,4.36,4.0329999923706055,-0.32700000762939485,0.9732537950861624,0,0.0,0.0,0.0,0.0,0.0,
05/02/2024,4942.810059,4957.189941,4918.089844,4957.189941,4023640000,13.670000076293945,104.44999694824219,4.46,4.164000034332275,-0.2959999656677246,0.961841776258072,0,0.0,0.0,0.0,0.0,0.0,
06/02/2024,4954.22998,4957.77002,4934.879883,4950.160156,4440880000,13.0600004196167,104.18000030517578,4.39,4.090000152587891,-0.29999984741210906,1.031751194642648,0,0.0,0.0,0.0,0.0,0.0,
07/02/2024,4995.060059,4999.890137,4969.049805,4973.049805,4895590000,12.829999923706055,104.04000091552734,4.41,4.110000133514404,-0.29999986648559585,1.1269489032275886,0,0.0,0.0,0.0,0.0,0.0,
08/02/2024,4997.910156,5000.399902,4987.089844,4995.160156,4341860000,12.789999961853027,104.1500015258789,4.46,4.170000076293945,-0.28999992370605465,1.0015214759700908,0,0.0,0.0,0.0,0.0,0.0,
09/02/2024,5026.609863,5030.060059,5000.339844,5004.169922,3912990000,12.930000305175781,104.08000183105469,4.48,4.186999797821045,-0.2930002021789555,0.9051578166233016,0,0.0,0.0,0.0,0.0,0.0,
12/02/2024,5021.839844,5048.390137,5016.830078,5026.830078,3805740000,13.930000305175781,104.16999816894531,4.46,4.171999931335449,-0.28800006866455075,0.8893137655360129,0,0.0,0.0,0.0,0.0,0.0,
13/02/2024,4953.169922,4971.299805,4920.310059,4967.939941,4302190000,15.850000381469727,104.95999908447266,4.64,4.315999984741211,-0.32400001525878874,1.0118814377583982,0,0.0,0.0,0.0,0.0,0.0,
14/02/2024,5000.620117,5002.52002,4956.450195,4976.439941,3845600000,14.380000114440918,104.72000122070312,4.56,4.267000198364258,-0.2929998016357418,0.9514864625467256,0,0.0,0.0,0.0,0.0,0.0,
15/02/2024,5029.72998,5032.720215,4999.439941,5003.140137,4137970000,14.010000228881836,104.30000305175781,4.56,4.239999771118164,-0.32000022888183555,1.034260308560728,0,0.0,0.0,0.0,0.0,0.0,
16/02/2024,5005.569824,5038.700195,4999.52002,5031.129883,3833270000,14.239999771118164,104.27999877929688,4.64,4.295000076293945,-0.34499992370605437,0.9619358215929218,0,0.0,0.0,0.0,0.0,0.0,
20/02/2024,4975.509766,4993.709961,4955.02002,4989.319824,4034880000,15.420000076293945,104.08000183105469,4.59,4.275000095367432,-0.3149999046325682,1.001016676168545,0,0.0,0.0,0.0,0.0,0.0,
21/02/2024,4981.799805,4983.209961,4946.0,4963.029785,3788390000,15.34000015258789,104.01000213623047,4.64,4.324999809265137,-0.31500019073486296,0.9644523375887406,0,0.0,0.0,0.0,0.0,0.0,
22/02/2024,5087.029785,5094.390137,5038.830078,5038.830078,4051710000,14.539999961853027,103.95999908447266,4.69,4.327000141143799,-0.36299985885620156,1.0207762485752954,0,0.0,0.0,0.0,0.0,0.0,
23/02/2024,5088.799805,5111.060059,5081.459961,5100.919922,3672790000,13.75,103.94000244140625,4.67,4.260000228881836,-0.409999771118164,0.9475213920408811,0,0.0,0.0,0.0,0.0,0.0,
26/02/2024,5069.529785,5097.660156,5068.910156,5093.0,3683930000,13.739999771118164,103.83000183105469,4.69,4.298999786376953,-0.39100021362304727,0.9577754436685264,0,0.0,0.0,0.0,0.0,0.0,
27/02/2024,5078.180176,5080.689941,5057.290039,5074.600098,3925950000,13.430000305175781,103.83000183105469,4.7,4.315000057220459,-0.3849999427795412,1.0265118494862409,0,0.0,0.0,0.0,0.0,0.0,
28/02/2024,5069.759766,5077.370117,5058.350098,5067.200195,3789370000,13.84000015258789,103.9800033569336,4.64,4.27400016784668,-0.36599983215332,0.9907497222040657,0,0.0,0.0,0.0,0.0,0.0,
29/02/2024,5096.27002,5104.990234,5061.890137,5085.359863,5219740000,13.399999618530273,104.16000366210938,4.64,4.251999855041504,-0.3880001449584958,1.2861710505436192,0,0.0,0.0,0.0,0.0,0.0,
01/03/2024,5137.080078,5140.330078,5094.160156,5098.509766,4748110000,13.109999656677246,103.86000061035156,4.54,4.179999828338623,-0.360000171661377,1.1110796504907077,0,0.0,0.0,0.0,0.0,0.0,
04/03/2024,5130.950195,5149.669922,5127.180176,5130.990234,4758440000,13.489999771118164,103.83000183105469,4.61,4.218999862670898,-0.3910001373291019,1.0601824022429762,0,0.0,0.0,0.0,0.0,0.0,
05/03/2024,5078.649902,5114.540039,5056.819824,5110.52002,4418410000,14.460000038146973,103.80000305175781,4.54,4.13700008392334,-0.4029999160766602,0.9632851909844176,0,0.0,0.0,0.0,0.0,0.0,
06/03/2024,5104.759766,5127.970215,5092.220215,5108.029785,4559050000,14.5,103.37000274658203,4.55,4.104000091552734,-0.44599990844726545,0.961672731107947,0,0.0,0.0,0.0,0.0,0.0,
07/03/2024,5157.359863,5165.620117,5128.209961,5132.379883,4137980000,14.4399995803833,102.81999969482422,4.5,4.0920000076293945,-0.40799999237060547,0.9145923943914748,0,0.0,0.0,0.0,0.0,0.0,
08/03/2024,5123.689941,5189.259766,5117.5,5164.459961,4208870000,14.739999771118164,102.73999786376953,4.48,4.089000225067139,-0.39099977493286175,0.9529768710871608,0,0.0,0.0,0.0,0.0,0.0,
11/03/2024,5117.939941,5124.660156,5091.140137,5111.959961,3896430000,15.220000267028809,102.87000274658203,4.51,4.104000091552734,-0.4059999084472654,0.9180711888463832,0,0.0,0.0,0.0,0.0,0.0,
12/03/2024,5175.27002,5179.870117,5114.47998,5134.299805,4080510000,13.84000015258789,102.95999908447266,4.58,4.15500020980835,-0.42499979019165046,0.977000733616692,0,0.0,0.0,0.0,0.0,0.0,
13/03/2024,5165.310059,5179.140137,5151.879883,5173.490234,4282890000,13.75,102.79000091552734,4.61,4.191999912261963,-0.41800008773803743,1.0391994246525884,0,0.0,0.0,0.0,0.0,0.0,
14/03/2024,5150.47998,5176.850098,5123.299805,5175.140137,4687970000,14.399999618530273,103.36000061035156,4.68,4.297999858856201,-0.38200014114379854,1.1079177394174036,0,0.0,0.0,0.0,0.0,0.0,
15/03/2024,5117.089844,5136.859863,5104.350098,5123.310059,7753670000,14.40999984741211,103.43000030517578,4.72,4.303999900817871,-0.41600009918212866,1.5694754198839178,0,0.0,0.0,0.0,0.0,0.0,
18/03/2024,5149.419922,5175.600098,5145.470215,5154.77002,4036220000,14.329999923706055,103.58000183105469,4.73,4.340000152587891,-0.3899998474121098,0.8124024304725284,0,0.0,0.0,0.0,0.0,0.0,
19/03/2024,5178.509766,5180.310059,5131.589844,5139.089844,4031760000,13.819999694824219,103.80999755859375,4.68,4.296999931335449,-0.3830000686645505,0.8131004081474607,0,0.0,0.0,0.0,0.0,0.0,
20/03/2024,5224.620117,5226.189941,5171.549805,5181.689941,4064850000,13.039999961853027,103.41000366210938,4.59,4.2729997634887695,-0.3170002365112303,0.8270473381521555,1,0.9333333333333332,0.0248498120507851,0.1834061135371179,0.6200873362445415,0.1965065502183406,1.0
21/03/2024,5241.529785,5261.100098,5240.660156,5253.430176,4207730000,12.920000076293945,104.0,4.62,4.270999908447266,-0.3490000915527345,0.8731820855034587,0,0.0,0.0,0.0,0.0,0.0,
22/03/2024,5234.180176,5246.089844,5229.870117,5242.47998,3374700000,13.0600004196167,104.43000030517578,4.59,4.2179999351501465,-0.3720000648498534,0.8558598770698433,0,0.0,0.0,0.0,0.0,0.0,
25/03/2024,5218.189941,5229.089844,5216.089844,5219.52002,3331360000,13.1899995803833,104.2300033569336,4.54,4.252999782562256,-0.2870002174377442,0.8761940832386483,0,0.0,0.0,0.0,0.0,0.0,
26/03/2024,5203.580078,5235.160156,5203.419922,5228.850098,3871790000,13.239999771118164,104.29000091552734,4.56,4.234000205993652,-0.32599979400634727,1.0269765729482032,0,0.0,0.0,0.0,0.0,0.0,
27/03/2024,5248.490234,5249.259766,5213.919922,5226.310059,3850500000,12.779999732971191,104.3499984741211,4.54,4.196000099182129,-0.34399990081787113,1.033076698533168,0,0.0,0.0,0.0,0.0,0.0,
28/03/2024,5254.350098,5264.850098,5245.819824,5248.029785,3998270000,13.010000228881836,104.55000305175781,4.59,4.205999851226807,-0.3840001487731932,1.0849168214246565,0,0.0,0.0,0.0,0.0,0.0,
01/04/2024,5243.77002,5263.950195,5229.200195,5257.970215,3325930000,13.649999618530273,105.0199966430664,4.72,4.328999996185303,-0.391000003814697,0.9048746180864464,0,0.0,0.0,0.0,0.0,0.0,
02/04/2024,5205.810059,5208.339844,5184.049805,5204.290039,3886590000,14.609999656677246,104.81999969482422,4.7,4.364999771118164,-0.3350002288818361,1.0264019377724067,0,0.0,0.0,0.0,0.0,0.0,
03/04/2024,5211.490234,5228.75,5194.370117,5194.370117,3703250000,14.329999923706055,104.25,4.68,4.355000019073486,-0.3249999809265134,0.9867681275426948,0,0.0,0.0,0.0,0.0,0.0,
04/04/2024,5147.209961,5256.589844,5146.060059,5244.049805,4075680000,16.350000381469727,104.12000274658203,4.65,4.309000015258789,-0.3409999847412113,1.073127987142517,0,0.0,0.0,0.0,0.0,0.0,
05/04/2024,5204.339844,5222.180176,5157.209961,5158.950195,3386780000,16.030000686645508,104.30000305175781,4.73,4.377999782562256,-0.35200021743774457,0.921410821390308,0,0.0,0.0,0.0,0.0,0.0,
08/04/2024,5202.390137,5219.569824,5197.350098,5211.370117,3278180000,15.1899995803833,104.13999938964844,4.78,4.423999786376953,-0.3560002136230471,0.8941882591181464,0,0.0,0.0,0.0,0.0,0.0,
09/04/2024,5209.910156,5224.810059,5160.779785,5217.029785,3400680000,14.979999542236328,104.1500015258789,4.74,4.366000175476074,-0.373999824523926,0.9528612905774698,0,0.0,0.0,0.0,0.0,0.0,
10/04/2024,5160.640137,5178.430176,5138.700195,5167.879883,3845930000,15.800000190734863,105.25,4.97,4.559999942779541,-0.41000005722045874,1.069071147618452,0,0.0,0.0,0.0,0.0,0.0,
11/04/2024,5199.060059,5211.779785,5138.77002,5172.950195,3509380000,14.90999984741211,105.27999877929688,4.93,4.576000213623047,-0.35399978637695284,1.0072298009006395,0,0.0,0.0,0.0,0.0,0.0,
12/04/2024,5123.410156,5175.029785,5107.939941,5171.509766,3963220000,17.309999465942383,106.04000091552734,4.88,4.499000072479248,-0.38099992752075185,1.1010540972885512,0,0.0,0.0,0.0,0.0,0.0,
15/04/2024,5061.819824,5168.430176,5052.470215,5149.669922,3950210000,19.229999542236328,106.20999908447266,4.93,4.627999782562256,-0.30200021743774386,1.0579359187377004,0,0.0,0.0,0.0,0.0,0.0,
16/04/2024,5051.410156,5079.839844,5039.830078,5064.589844,4006200000,18.399999618530273,106.26000213623047,4.97,4.658999919891357,-0.31100008010864233,1.03922502482498,0,0.0,0.0,0.0,0.0,0.0,
17/04/2024,5022.209961,5077.959961,5007.25,5068.970215,3596130000,18.209999084472656,105.94999694824219,4.93,4.585000038146973,-0.34499996185302706,0.945099484156227,0,0.0,0.0,0.0,0.0,0.0,
18/04/2024,5011.120117,5056.660156,5001.890137,5031.52002,3619760000,18.0,106.1500015258789,4.98,4.646999835968018,-0.33300016403198285,0.9458222196208936,0,0.0,0.0,0.0,0.0,0.0,
19/04/2024,4967.22998,5019.02002,4953.560059,5005.439941,3878750000,18.709999084472656,106.1500015258789,4.97,4.614999771118164,-0.3550002288818357,1.0179885098196688,0,0.0,0.0,0.0,0.0,0.0,
22/04/2024,5010.600098,5038.839844,4969.399902,4987.330078,3820250000,16.940000534057617,106.08000183105469,4.97,4.623000144958496,-0.34699985504150366,1.009521650179773,0,0.0,0.0,0.0,0.0,0.0,
23/04/2024,5070.549805,5076.120117,5027.959961,5028.850098,3751400000,15.6899995803833,105.69000244140625,4.86,4.5980000495910645,-0.26199995040893587,1.0048595623447405,0,0.0,0.0,0.0,0.0,0.0,
24/04/2024,5071.629883,5089.47998,5047.02002,5084.859863,3656740000,15.970000267028809,105.86000061035156,4.89,4.6519999504089355,-0.23800004959106413,0.9763335095504329,0,0.0,0.0,0.0,0.0,0.0,
25/04/2024,5048.419922,5057.75,4990.580078,5019.879883,3958050000,15.369999885559082,105.5999984741211,4.96,4.705999851226807,-0.2540001487731933,1.038030567752013,0,0.0,0.0,0.0,0.0,0.0,
26/04/2024,5099.959961,5114.620117,5073.140137,5084.649902,3604140000,15.029999732971191,105.94000244140625,4.96,4.669000148773193,-0.2909998512268066,0.9590284067868048,0,0.0,0.0,0.0,0.0,0.0,
29/04/2024,5116.169922,5123.490234,5088.649902,5114.129883,3447450000,14.670000076293945,105.58000183105469,4.97,4.613999843597412,-0.35600015640258764,0.9359026983708134,0,0.0,0.0,0.0,0.0,0.0,
30/04/2024,5035.689941,5110.830078,5035.310059,5103.779785,4082470000,15.649999618530273,106.22000122070312,5.04,4.685999870300293,-0.35400012969970707,1.0887254418270986,0,0.0,0.0,0.0,0.0,0.0,
01/05/2024,5018.390137,5096.120117,5013.450195,5029.029785,4544170000,15.390000343322754,105.76000213623047,4.96,4.59499979019165,-0.3650002098083496,1.1570852524001491,1,1.0,0.0147420856217941,0.1605839416058394,0.6788321167883211,0.1605839416058394,0.0
02/05/2024,5064.200195,5073.209961,5011.049805,5049.319824,4381660000,14.680000305175781,105.30000305175781,4.87,4.571000099182129,-0.2989999008178712,1.092144573075924,0,0.0,0.0,0.0,0.0,0.0,
03/05/2024,5127.790039,5139.120117,5101.220215,5122.779785,3924990000,13.489999771118164,105.02999877929688,4.81,4.5,-0.3099999999999996,0.9629164593631044,0,0.0,0.0,0.0,0.0,0.0,
06/05/2024,5180.740234,5181.0,5142.419922,5142.419922,3683250000,13.489999771118164,105.05000305175781,4.82,4.488999843597412,-0.3310001564025882,0.8932754962762908,0,0.0,0.0,0.0,0.0,0.0,
07/05/2024,5187.700195,5200.22998,5178.959961,5187.200195,3987890000,13.229999542236328,105.41000366210938,4.82,4.4629998207092285,-0.35700017929077177,0.9716152843100756,0,0.0,0.0,0.0,0.0,0.0,
08/05/2024,5187.669922,5191.950195,5165.859863,5168.97998,3842100000,13.0,105.55000305175781,4.84,4.492000102996826,-0.3479998970031737,0.9692536134156144,0,0.0,0.0,0.0,0.0,0.0,
09/05/2024,5214.080078,5215.299805,5180.410156,5189.029785,3727370000,12.6899995803833,105.2300033569336,4.8,4.448999881744385,-0.35100011825561506,0.9724115081187128,0,0.0,0.0,0.0,0.0,0.0,
10/05/2024,5222.680176,5239.660156,5209.680176,5225.490234,3617900000,12.550000190734863,105.30999755859375,4.87,4.504000186920166,-0.3659998130798341,0.9592221230627446,0,0.0,0.0,0.0,0.0,0.0,
13/05/2024,5221.419922,5237.259766,5211.160156,5233.080078,4255710000,13.600000381469727,105.22000122070312,4.85,4.480999946594238,-0.36900005340576136,1.0950842906967588,0,0.0,0.0,0.0,0.0,0.0,
14/05/2024,5246.680176,5250.370117,5217.97998,5221.100098,4763580000,13.420000076293945,105.01000213623047,4.81,4.445000171661377,-0.36499982833862266,1.178715334449137,0,0.0,0.0,0.0,0.0,0.0,
15/05/2024,5308.149902,5311.759766,5263.259766,5263.259766,4360810000,12.449999809265137,104.3499984741211,4.73,4.355999946594238,-0.37400005340576215,1.0520463567116052,0,0.0,0.0,0.0,0.0,0.0,
16/05/2024,5297.100098,5325.490234,5296.189941,5310.069824,3817470000,12.420000076293945,104.45999908447266,4.78,4.376999855041504,-0.40300014495849634,0.916979054520508,0,0.0,0.0,0.0,0.0,0.0,
17/05/2024,5303.27002,5305.450195,5283.589844,5303.100098,3578120000,11.989999771118164,104.44999694824219,4.83,4.420000076293945,-0.40999992370605476,0.8611314473791244,0,0.0,0.0,0.0,0.0,0.0,
20/05/2024,5308.129883,5325.319824,5302.399902,5305.350098,3420100000,12.149999618530273,104.56999969482422,4.82,4.436999797821045,-0.38300020217895536,0.8575943526806312,0,0.0,0.0,0.0,0.0,0.0,
21/05/2024,5321.410156,5324.319824,5297.870117,5298.689941,3662240000,11.859999656677246,104.66000366210938,4.82,4.414000034332275,-0.4059999656677249,0.9719970656211616,0,0.0,0.0,0.0,0.0,0.0,
22/05/2024,5307.009766,5323.180176,5286.009766,5319.279785,3847130000,12.289999961853027,104.94000244140625,4.86,4.434000015258789,-0.42599998474121126,1.049690969633933,0,0.0,0.0,0.0,0.0,0.0,
23/05/2024,5267.839844,5341.879883,5256.930176,5340.259766,3869520000,12.770000457763672,105.11000061035156,4.91,4.474999904632568,-0.4350000953674318,1.0528097181765794,0,0.0,0.0,0.0,0.0,0.0,
24/05/2024,5304.720215,5311.649902,5278.390137,5281.450195,3005510000,11.930000305175781,104.72000122070312,4.93,4.4670000076293945,-0.4629999923706052,0.8440310033980174,0,0.0,0.0,0.0,0.0,0.0,
28/05/2024,5306.040039,5315.910156,5280.890137,5315.910156,3751540000,12.920000076293945,104.61000061035156,4.94,4.541999816894531,-0.39800018310546914,1.0342833070687265,0,0.0,0.0,0.0,0.0,0.0,
29/05/2024,5266.950195,5282.27002,5262.700195,5278.72998,3552750000,14.279999732971191,105.0999984741211,4.96,4.624000072479248,-0.3359999275207519,0.9854269698138014,0,0.0,0.0,0.0,0.0,0.0,
30/05/2024,5235.47998,5260.209961,5222.100098,5259.77002,3818750000,14.470000267028809,104.72000122070312,4.92,4.553999900817871,-0.36600009918212884,1.0608776385467995,0,0.0,0.0,0.0,0.0,0.0,
31/05/2024,5277.509766,5280.330078,5191.680176,5243.209961,5437160000,12.920000076293945,104.66999816894531,4.89,4.513999938964844,-0.37600006103515593,1.3894614608925513,0,0.0,0.0,0.0,0.0,0.0,
03/06/2024,5283.399902,5302.109863,5234.319824,5297.149902,4046920000,13.109999656677246,104.13999938964844,4.82,4.4019999504089355,-0.41800004959106474,0.9819227529125856,0,0.0,0.0,0.0,0.0,0.0,
04/06/2024,5291.339844,5298.799805,5257.629883,5278.240234,3707900000,13.15999984741211,104.11000061035156,4.77,4.335999965667725,-0.43400003433227496,0.9015740526408954,0,0.0,0.0,0.0,0.0,0.0,
05/06/2024,5354.029785,5354.160156,5297.640137,5314.47998,3591460000,12.630000114440918,104.2699966430664,4.72,4.289000034332275,-0.43099996566772436,0.8716209296196181,0,0.0,0.0,0.0,0.0,0.0,
06/06/2024,5352.959961,5362.350098,5335.359863,5357.799805,3609990000,12.579999923706055,104.0999984741211,4.72,4.281000137329102,-0.4389998626708982,0.8850865205117531,0,0.0,0.0,0.0,0.0,0.0,
07/06/2024,5346.990234,5375.080078,5331.330078,5343.810059,3692760000,12.220000267028809,104.88999938964844,4.87,4.429999828338623,-0.44000017166137706,0.9900675799223874,0,0.0,0.0,0.0,0.0,0.0,
10/06/2024,5360.790039,5365.790039,5331.52002,5341.220215,3622280000,12.739999771118164,105.1500015258789,4.87,4.468999862670898,-0.40100013732910167,0.9938000668335126,0,0.0,0.0,0.0,0.0,0.0,
11/06/2024,5375.319824,5375.950195,5327.25,5353.0,3568030000,12.850000381469727,105.2300033569336,4.81,4.4039998054504395,-0.40600019454956016,0.9864873383424057,0,0.0,0.0,0.0,0.0,0.0,
12/06/2024,5421.029785,5447.25,5409.129883,5409.129883,3962840000,12.039999961853027,104.6500015258789,4.75,4.295000076293945,-0.4549999237060547,1.0735970611024117,1,0.6301369863013698,0.072106365158243,0.1442006269592476,0.6269592476489029,0.2288401253918495,1.0
13/06/2024,5433.740234,5441.930176,5402.509766,5441.930176,3530380000,11.9399995803833,105.19999694824219,4.68,4.23799991607666,-0.44200008392333956,0.9605801823980792,0,0.0,0.0,0.0,0.0,0.0,
14/06/2024,5431.600098,5432.390137,5403.75,5424.080078,3438650000,12.65999984741211,105.55000305175781,4.67,4.2129998207092285,-0.4570001792907714,0.9487407144173604,0,0.0,0.0,0.0,0.0,0.0,
17/06/2024,5473.22998,5488.5,5420.399902,5431.109863,3447840000,12.75,105.31999969482422,4.75,4.2789998054504395,-0.47100019454956055,0.960522049015642,0,0.0,0.0,0.0,0.0,0.0,
18/06/2024,5487.029785,5490.379883,5471.319824,5476.149902,3544330000,12.300000190734863,105.26000213623047,4.69,4.2170000076293945,-0.47299999237060586,0.9887084608157536,0,0.0,0.0,0.0,0.0,0.0,
20/06/2024,5473.169922,5505.529785,5455.560059,5499.990234,3847060000,13.279999732971191,105.58999633789062,4.7,4.254000186920166,-0.44599981307983416,1.0801336009245148,0,0.0,0.0,0.0,0.0,0.0,
21/06/2024,5464.620117,5478.310059,5452.029785,5466.77002,6773800000,13.199999809265137,105.80000305175781,4.7,4.256999969482422,-0.4430000305175783,1.6088502200299453,0,0.0,0.0,0.0,0.0,0.0,
24/06/2024,5447.870117,5490.660156,5447.589844,5459.580078,3696750000,13.329999923706055,105.47000122070312,4.71,4.248000144958496,-0.46199985504150387,0.8673834267646123,0,0.0,0.0,0.0,0.0,0.0,
25/06/2024,5469.299805,5472.879883,5446.560059,5460.72998,3591960000,12.84000015258789,105.61000061035156,4.65,4.23799991607666,-0.4120000839233402,0.837134507012711,0,0.0,0.0,0.0,0.0,0.0,
26/06/2024,5477.899902,5483.140137,5451.870117,5460.709961,3563920000,12.550000190734863,106.05000305175781,4.71,4.315999984741211,-0.394000015258789,0.8298418189125288,0,0.0,0.0,0.0,0.0,0.0,
27/06/2024,5482.870117,5490.810059,5467.540039,5473.589844,3589530000,12.239999771118164,105.91000366210938,4.7,4.288000106811523,-0.41199989318847674,0.8459504071463182,0,0.0,0.0,0.0,0.0,0.0,
28/06/2024,5460.47998,5523.640137,5451.120117,5488.47998,7199220000,12.4399995803833,105.87000274658203,4.71,4.3429999351501465,-0.3670000648498535,1.6632996601880288,0,0.0,0.0,0.0,0.0,0.0,
01/07/2024,5475.089844,5479.549805,5446.529785,5471.080078,3488760000,12.220000267028809,105.9000015258789,4.77,4.479000091552734,-0.2909999084472652,0.8138609897920954,0,0.0,0.0,0.0,0.0,0.0,
02/07/2024,5509.009766,5509.689941,5458.430176,5461.839844,3329950000,12.029999732971191,105.72000122070312,4.74,4.435999870300293,-0.30400012969970724,0.7864272428155368,0,0.0,0.0,0.0,0.0,0.0,
03/07/2024,5537.02002,5539.27002,5507.419922,5507.439941,2179470000,12.09000015258789,105.4000015258789,4.71,4.355000019073486,-0.35499998092651364,0.5507347526877591,0,0.0,0.0,0.0,0.0,0.0,
05/07/2024,5567.189941,5570.330078,5531.629883,5537.910156,3253080000,12.479999542236328,104.87999725341797,4.6,4.271999835968018,-0.32800016403198207,0.8362467147340322,0,0.0,0.0,0.0,0.0,0.0,
08/07/2024,5572.850098,5583.109863,5562.509766,5572.75,3185670000,12.369999885559082,105.01000213623047,4.62,4.269000053405762,-0.3509999465942384,1.0318340499050005,0,0.0,0.0,0.0,0.0,0.0,
09/07/2024,5576.97998,5590.75,5574.569824,5584.240234,3232920000,12.510000228881836,105.12000274658203,4.62,4.300000190734863,-0.3199998092651368,1.0647852031705234,0,0.0,0.0,0.0,0.0,0.0,
10/07/2024,5633.910156,5635.390137,5586.439941,5591.259766,3336100000,12.850000381469727,105.05000305175781,4.62,4.28000020980835,-0.3399997901916505,1.0983233293211934,0,0.0,0.0,0.0,0.0,0.0,
11/07/2024,5584.540039,5642.450195,5576.529785,5635.209961,4020950000,12.920000076293945,104.44000244140625,4.5,4.192999839782715,-0.30700016021728516,1.1806377696033523,0,0.0,0.0,0.0,0.0,0.0,
12/07/2024,5615.350098,5655.560059,5590.439941,5590.759766,3700280000,12.460000038146973,104.08999633789062,4.45,4.189000129699707,-0.26099987030029315,1.0586796002728325,0,0.0,0.0,0.0,0.0,0.0,
15/07/2024,5631.220215,5666.939941,5614.75,5638.160156,3620470000,13.119999885559082,104.19000244140625,4.44,4.229000091552734,-0.21099990844726602,1.0106991790391453,0,0.0,0.0,0.0,0.0,0.0,
16/07/2024,5667.200195,5669.669922,5639.02002,5644.089844,4041760000,13.1899995803833,104.2699966430664,4.43,4.166999816894531,-0.26300018310546847,1.079555288692683,0,0.0,0.0,0.0,0.0,0.0,
17/07/2024,5588.27002,5622.490234,5584.810059,5610.069824,4246450000,14.479999542236328,103.75,4.42,4.145999908447266,-0.2740000915527343,1.0816274756226596,0,0.0,0.0,0.0,0.0,0.0,
18/07/2024,5544.589844,5614.049805,5522.810059,5608.560059,4007510000,15.930000305175781,104.16999816894531,4.46,4.189000129699707,-0.27099987030029293,1.0214656357642329,0,0.0,0.0,0.0,0.0,0.0,
19/07/2024,5505.0,5557.5,5497.040039,5543.370117,3760570000,16.520000457763672,104.4000015258789,4.49,4.238999843597412,-0.2510001564025881,0.9555866921180112,0,0.0,0.0,0.0,0.0,0.0,
22/07/2024,5564.410156,5570.359863,5529.040039,5544.540039,3375180000,14.90999984741211,104.30999755859375,4.5,4.260000228881836,-0.23999977111816406,0.8684829300099272,0,0.0,0.0,0.0,0.0,0.0,
23/07/2024,5555.740234,5585.339844,5550.899902,5565.299805,3500210000,14.720000267028809,104.44999694824219,4.4,4.238999843597412,-0.16100015640258825,0.9264756018024428,0,0.0,0.0,0.0,0.0,0.0,
24/07/2024,5427.129883,5508.040039,5419.97998,5505.839844,3945550000,18.040000915527344,104.38999938964844,4.37,4.285999774932861,-0.08400022506713878,1.0612582051124804,0,0.0,0.0,0.0,0.0,0.0,
25/07/2024,5399.220215,5491.589844,5390.950195,5428.700195,4592120000,18.459999084472656,104.36000061035156,4.41,4.25600004196167,-0.15399995803833022,1.1975092874953777,0,0.0,0.0,0.0,0.0,0.0,
26/07/2024,5459.100098,5488.319824,5430.700195,5433.669922,3638770000,16.389999389648438,104.31999969482422,4.36,4.199999809265137,-0.1600001907348636,0.9549660058902478,0,0.0,0.0,0.0,0.0,0.0,
29/07/2024,5463.540039,5487.740234,5444.439941,5476.549805,3379970000,16.600000381469727,104.55999755859375,4.36,4.177999973297119,-0.18200002670288118,0.8868230567645259,0,0.0,0.0,0.0,0.0,0.0,
30/07/2024,5436.439941,5489.459961,5401.700195,5478.72998,3777740000,17.690000534057617,104.55000305175781,4.35,4.14300012588501,-0.20699987411498988,0.9769604559807388,0,0.0,0.0,0.0,0.0,0.0,
31/07/2024,5522.299805,5551.509766,5493.75,5505.589844,4546910000,16.360000610351562,104.0999984741211,4.29,4.109000205993652,-0.1809997940063477,1.1404047350682276,1,0.8260869565217391,0.0411357438335051,0.1328671328671328,0.7062937062937062,0.1608391608391608,1.0
01/08/2024,5446.680176,5566.160156,5410.419922,5537.839844,4703620000,18.59000015258789,104.41999816894531,4.16,3.9760000705718994,-0.18399992942810073,1.1731475167618513,0,0.0,0.0,0.0,0.0,0.0,
02/08/2024,5346.560059,5383.890137,5302.029785,5376.629883,5156450000,23.389999389648438,103.20999908447266,3.88,3.7920000553131104,-0.08799994468688954,1.1955771216743667,0,0.0,0.0,0.0,0.0,0.0,
05/08/2024,5186.330078,5250.890137,5119.259766,5151.140137,5333250000,38.56999969482422,102.69000244140625,3.89,3.7850000858306885,-0.10499991416931165,1.1338669961735643,0,0.0,0.0,0.0,0.0,0.0,
06/08/2024,5240.029785,5312.339844,5193.560059,5206.419922,4690190000,27.709999084472656,102.97000122070312,3.99,3.888000011444092,-0.10199998855590842,0.9599077707219116,0,0.0,0.0,0.0,0.0,0.0,
07/08/2024,5199.5,5330.640137,5195.540039,5293.129883,4558260000,27.850000381469727,103.19999694824219,4.0,3.9679999351501465,-0.032000064849853516,0.9324733847016808,0,0.0,0.0,0.0,0.0,0.0,
08/08/2024,5319.310059,5328.029785,5233.850098,5252.569824,4016830000,23.790000915527344,103.20999908447266,4.04,3.996999979019165,-0.043000020980834996,0.8454711391043057,0,0.0,0.0,0.0,0.0,0.0,
09/08/2024,5344.160156,5358.669922,5300.839844,5314.660156,3516400000,20.3700008392334,103.13999938964844,4.05,3.941999912261963,-0.10800008773803693,0.7950285169340351,0,0.0,0.0,0.0,0.0,0.0,
12/08/2024,5344.390137,5371.200195,5324.370117,5351.879883,3360160000,20.709999084472656,103.13999938964844,4.01,3.9089999198913574,-0.10100008010864236,0.8341243898273445,0,0.0,0.0,0.0,0.0,0.0,
13/08/2024,5434.430176,5436.5,5376.97998,5376.97998,3648980000,18.1200008392334,102.55999755859375,3.93,3.8519999980926514,-0.07800000190734879,0.9551988599328922,0,0.0,0.0,0.0,0.0,0.0,
14/08/2024,5455.209961,5463.220215,5415.910156,5442.359863,3380050000,16.190000534057617,102.56999969482422,3.94,3.819999933242798,-0.1200000667572021,0.942966965398646,0,0.0,0.0,0.0,0.0,0.0,
15/08/2024,5543.220215,5546.22998,5501.129883,5501.129883,3723310000,15.229999542236328,102.9800033569336,4.08,3.9260001182556152,-0.15399988174438484,1.0560244825258525,0,0.0,0.0,0.0,0.0,0.0,
16/08/2024,5554.25,5561.97998,5525.169922,5530.5,3357690000,14.800000190734863,102.45999908447266,4.06,3.8919999599456787,-0.1680000400543209,0.960976955602658,0,0.0,0.0,0.0,0.0,0.0,
19/08/2024,5608.25,5608.299805,5550.740234,5557.22998,3222050000,14.649999618530273,101.88999938964844,4.06,3.867000102996826,-0.19299989700317344,0.929504710340594,0,0.0,0.0,0.0,0.0,0.0,
20/08/2024,5597.120117,5620.509766,5585.5,5602.879883,2994420000,15.880000114440918,101.44000244140625,3.99,3.818000078201294,-0.17199992179870627,0.8977413908063069,0,0.0,0.0,0.0,0.0,0.0,
21/08/2024,5620.850098,5632.680176,5591.569824,5603.089844,3119670000,16.270000457763672,101.04000091552734,3.92,3.7780001163482666,-0.14199988365173333,0.9501259049992872,0,0.0,0.0,0.0,0.0,0.0,
22/08/2024,5570.640137,5643.220215,5560.950195,5637.77002,2981530000,17.549999237060547,101.51000213623047,3.99,3.861999988555908,-0.128000011444092,0.951024410284676,0,0.0,0.0,0.0,0.0,0.0,
23/08/2024,5634.609863,5641.819824,5585.160156,5602.490234,3291940000,15.859999656677246,100.72000122070312,3.9,3.806999921798706,-0.09300007820129386,1.05445940033095,0,0.0,0.0,0.0,0.0,0.0,
26/08/2024,5616.839844,5651.620117,5602.339844,5639.660156,2938570000,16.149999618530273,100.8499984741211,3.91,3.818000078201294,-0.0919999217987062,0.9586797188853284,0,0.0,0.0,0.0,0.0,0.0,
27/08/2024,5625.799805,5631.180176,5593.47998,5602.890137,2798990000,15.430000305175781,100.55000305175781,3.83,3.8329999446868896,0.0029999446868895774,0.9249373789712306,0,0.0,0.0,0.0,0.0,0.0,
28/08/2024,5592.180176,5627.029785,5560.950195,5624.509766,3053450000,17.110000610351562,101.08999633789062,3.83,3.8410000801086426,0.011000080108642507,1.0134601393476574,0,0.0,0.0,0.0,0.0,0.0,
29/08/2024,5591.959961,5646.950195,5583.709961,5607.299805,3065640000,15.649999618530273,101.33999633789062,3.87,3.867000102996826,-0.0029998970031739347,1.0118565490253548,0,0.0,0.0,0.0,0.0,0.0,
30/08/2024,5648.399902,5651.370117,5581.790039,5612.740234,4185850000,15.0,101.69999694824219,3.91,3.9110000133514404,0.0010000133514402876,1.304612747389746,0,0.0,0.0,0.0,0.0,0.0,
03/09/2024,5528.930176,5623.890137,5504.330078,5623.890137,3866350000,20.719999313354492,101.83000183105469,3.88,3.8440001010894775,-0.035999898910522354,1.1391532726625606,0,0.0,0.0,0.0,0.0,0.0,
04/09/2024,5520.069824,5552.990234,5503.660156,5506.680176,3478140000,21.31999969482422,101.36000061035156,3.76,3.7679998874664307,0.007999887466430877,0.9853406030676344,0,0.0,0.0,0.0,0.0,0.0,
05/09/2024,5503.410156,5546.299805,5480.540039,5520.080078,3521650000,19.899999618530273,101.11000061035156,3.75,3.7309999465942383,-0.01900005340576172,0.9718848436578074,0,0.0,0.0,0.0,0.0,0.0,
06/09/2024,5408.419922,5522.470215,5402.620117,5507.330078,3822800000,22.3799991607666,101.18000030517578,3.66,3.7100000381469727,0.050000038146972514,1.0126735184868283,0,0.0,0.0,0.0,0.0,0.0,
09/09/2024,5471.049805,5484.200195,5434.490234,5442.069824,3825940000,19.450000762939453,101.55000305175781,3.68,3.697000026702881,0.0170000267028807,1.0332068044729428,0,0.0,0.0,0.0,0.0,0.0,
10/09/2024,5495.52002,5497.910156,5441.720215,5490.509766,3848180000,19.079999923706055,101.62999725341797,3.59,3.6459999084472656,0.05599990844726577,1.0402336415503082,0,0.0,0.0,0.0,0.0,0.0,
11/09/2024,5554.129883,5560.410156,5406.959961,5496.419922,3839450000,17.690000534057617,101.68000030517578,3.62,3.6530001163482666,0.033000116348266495,1.0179886329529824,0,0.0,0.0,0.0,0.0,0.0,
12/09/2024,5595.759766,5600.709961,5535.5,5557.47998,3655070000,17.06999969482422,101.37000274658203,3.64,3.680000066757202,0.040000066757202024,0.962294065115652,0,0.0,0.0,0.0,0.0,0.0,
13/09/2024,5626.02002,5636.27002,5601.649902,5603.339844,3500790000,16.559999465942383,101.11000061035156,3.57,3.6500000953674316,0.0800000953674318,0.9375728128818072,0,0.0,0.0,0.0,0.0,0.0,
16/09/2024,5633.089844,5636.049805,5604.529785,5615.209961,3437070000,17.139999389648438,100.76000213623047,3.56,3.621000051498413,0.06100005149841303,0.940088815659914,0,0.0,0.0,0.0,0.0,0.0,
17/09/2024,5634.580078,5670.810059,5614.049805,5655.509766,3443600000,17.610000610351562,100.88999938964844,3.59,3.6419999599456787,0.05199995994567885,0.9631919480778116,0,0.0,0.0,0.0,0.0,0.0,
18/09/2024,5618.259766,5689.75,5615.080078,5641.680176,3691390000,18.229999542236328,100.5999984741211,3.61,3.684999942779541,0.07499994277954114,1.0411232677042763,1,0.8703703703703703,0.0459505794849575,0.166077738515901,0.6431095406360424,0.1908127208480565,1.0
19/09/2024,5713.640137,5733.569824,5686.419922,5702.629883,4024530000,16.329999923706055,100.61000061035156,3.59,3.740000009536743,0.1500000095367433,1.1119095692304632,0,0.0,0.0,0.0,0.0,0.0,
20/09/2024,5702.549805,5715.140137,5674.490234,5709.640137,7867260000,16.149999618530273,100.72000122070312,3.55,3.7279999256134033,0.1779999256134035,1.7510934234336502,0,0.0,0.0,0.0,0.0,0.0,
23/09/2024,5718.569824,5725.359863,5704.220215,5711.899902,3529550000,15.890000343322754,100.91999816894531,3.57,3.739000082015991,0.16900008201599137,0.7823856983826712,0,0.0,0.0,0.0,0.0,0.0,
24/09/2024,5732.930176,5735.319824,5698.990234,5727.660156,3872710000,15.390000343322754,100.37000274658203,3.49,3.7360000610351562,0.24600006103515604,0.8424267710341852,0,0.0,0.0,0.0,0.0,0.0,
25/09/2024,5722.259766,5741.029785,5712.060059,5733.649902,3624910000,15.40999984741211,100.91999816894531,3.53,3.7809998989105225,0.25099989891052266,0.790810316000377,0,0.0,0.0,0.0,0.0,0.0,
26/09/2024,5745.370117,5767.370117,5721.009766,5762.220215,4391180000,15.369999885559082,100.55999755859375,3.6,3.7909998893737793,0.1909998893737792,0.9428956338270718,0,0.0,0.0,0.0,0.0,0.0,
27/09/2024,5738.169922,5763.779785,5727.339844,5755.359863,3898530000,16.959999084472656,100.41999816894531,3.55,3.749000072479248,0.19900007247924822,1.00909929553841,0,0.0,0.0,0.0,0.0,0.0,
30/09/2024,5762.47998,5765.140137,5703.529785,5726.52002,4425730000,16.729999542236328,100.77999877929688,3.66,3.802000045776367,0.14200004577636705,1.0947699160839577,0,0.0,0.0,0.0,0.0,0.0,
01/10/2024,5708.75,5757.72998,5681.279785,5757.72998,4025180000,19.260000228881836,101.19000244140625,3.61,3.743000030517578,0.13300003051757825,0.9882335495319788,0,0.0,0.0,0.0,0.0,0.0,
02/10/2024,5709.540039,5719.629883,5674.0,5698.140137,3829050000,18.899999618530273,101.68000030517578,3.63,3.7850000858306885,0.15500008583068858,0.9307514413211296,0,0.0,0.0,0.0,0.0,0.0,
03/10/2024,5699.939941,5718.779785,5677.370117,5698.189941,3597450000,20.489999771118164,101.98999786376953,3.7,3.8499999046325684,0.14999990463256818,0.9095522134472496,0,0.0,0.0,0.0,0.0,0.0,
04/10/2024,5751.069824,5753.209961,5702.830078,5737.47998,3479400000,19.209999084472656,102.5199966430664,3.93,3.9809999465942383,0.05099994659423812,0.8987534619598994,0,0.0,0.0,0.0,0.0,0.0,
07/10/2024,5695.939941,5739.339844,5686.850098,5737.799805,3637790000,22.639999389648438,102.54000091552734,3.99,4.026000022888184,0.03600002288818338,0.9795399504654834,0,0.0,0.0,0.0,0.0,0.0,
08/10/2024,5751.129883,5757.600098,5714.560059,5719.140137,3393400000,21.420000076293945,102.55000305175781,3.98,4.0329999923706055,0.052999992370605487,0.9459170913453632,0,0.0,0.0,0.0,0.0,0.0,
09/10/2024,5792.040039,5796.799805,5745.02002,5751.799805,3650340000,20.860000610351562,102.93000030517578,3.99,4.066999912261963,0.07699991226196268,1.0277795609734672,0,0.0,0.0,0.0,0.0,0.0,
10/10/2024,5780.049805,5795.029785,5764.759766,5778.359863,3208790000,20.93000030517578,102.98999786376953,3.98,4.0960001945495605,0.11600019454956056,0.9236734961761042,0,0.0,0.0,0.0,0.0,0.0,
11/10/2024,5815.029785,5822.129883,5775.089844,5775.089844,3208720000,20.459999084472656,102.88999938964844,3.95,4.072999954223633,0.12299995422363263,0.938274897304176,0,0.0,0.0,0.0,0.0,0.0,
14/10/2024,5859.850098,5871.410156,5829.569824,5829.810059,3005250000,19.700000762939453,103.30000305175781,3.95,4.0980000495910645,0.12299995422363263,0.9125345398232776,0,0.0,0.0,0.0,0.0,0.0,
15/10/2024,5815.259766,5870.359863,5804.47998,5866.740234,3882120000,20.639999389648438,103.26000213623047,3.95,4.038000106811523,0.08800010681152326,1.1448155789190586,0,0.0,0.0,0.0,0.0,0.0,
16/10/2024,5842.470215,5846.52002,5808.339844,5816.580078,3467230000,19.579999923706055,103.58999633789062,3.93,4.015999794006348,0.0859997940063475,1.0336296387276258,0,0.0,0.0,0.0,0.0,0.0,
17/10/2024,5841.470215,5878.459961,5840.25,5875.620117,3480010000,19.110000610351562,103.83000183105469,3.96,4.0960001945495605,0.13600019454956058,1.0209301820712269,0,0.0,0.0,0.0,0.0,0.0,
18/10/2024,5864.669922,5872.169922,5846.109863,5859.430176,3374490000,18.030000686645508,103.48999786376953,3.95,4.072999954223633,0.12299995422363263,0.9804376754159136,0,0.0,0.0,0.0,0.0,0.0,
21/10/2024,5853.97998,5866.919922,5824.790039,5857.819824,3407010000,18.3700008392334,104.01000213623047,4.02,4.182000160217285,0.16200016021728558,0.967303697831906,0,0.0,0.0,0.0,0.0,0.0,
22/10/2024,5851.200195,5863.040039,5821.169922,5832.700195,3342080000,18.200000762939453,104.08000183105469,4.03,4.203999996185303,0.17399999618530249,0.9788867787253336,0,0.0,0.0,0.0,0.0,0.0,
23/10/2024,5797.419922,5834.850098,5762.410156,5834.5,3532650000,19.239999771118164,104.43000030517578,4.07,4.242000102996826,0.1720001029968259,1.030754121090741,0,0.0,0.0,0.0,0.0,0.0,
24/10/2024,5809.859863,5817.799805,5784.919922,5817.799805,3543030000,19.079999923706055,104.05999755859375,4.07,4.199999809265137,0.12999980926513643,1.029994895129209,0,0.0,0.0,0.0,0.0,0.0,
25/10/2024,5808.120117,5862.819824,5799.97998,5826.75,3501280000,20.329999923706055,104.26000213623047,4.11,4.23199987411499,0.12199987411498991,1.0104091815503244,0,0.0,0.0,0.0,0.0,0.0,
28/10/2024,5823.52002,5842.919922,5823.080078,5833.930176,3691280000,19.799999237060547,104.31999969482422,4.12,4.2779998779296875,0.1579998779296874,1.048044555692344,0,0.0,0.0,0.0,0.0,0.0,
29/10/2024,5832.919922,5847.189941,5802.169922,5819.680176,3879100000,19.34000015258789,104.27999877929688,4.11,4.27400016784668,0.16400016784667937,1.0687792260463518,0,0.0,0.0,0.0,0.0,0.0,
30/10/2024,5813.669922,5850.939941,5811.279785,5832.649902,3851120000,20.350000381469727,103.98999786376953,4.15,4.265999794006348,0.1159997940063473,1.0427703956663694,0,0.0,0.0,0.0,0.0,0.0,
31/10/2024,5705.450195,5775.339844,5702.859863,5775.339844,4425660000,23.15999984741211,103.9800033569336,4.16,4.283999919891357,0.12399991989135728,1.1436735984916613,0,0.0,0.0,0.0,0.0,0.0,
01/11/2024,5728.799805,5772.52002,5723.220215,5723.220215,3796450000,21.8799991607666,104.27999877929688,4.21,4.361000061035156,0.15100006103515629,0.9663320540369108,0,0.0,0.0,0.0,0.0,0.0,
04/11/2024,5712.689941,5741.430176,5696.509766,5725.149902,3602060000,21.979999542236328,103.88999938964844,4.17,4.309000015258789,0.13900001525878913,0.9210361458475564,0,0.0,0.0,0.0,0.0,0.0,
05/11/2024,5782.759766,5783.439941,5722.100098,5722.430176,3768310000,20.489999771118164,103.41999816894531,4.19,4.289000034332275,0.099000034332275,0.9690360838527844,0,0.0,0.0,0.0,0.0,0.0,
06/11/2024,5929.040039,5936.140137,5864.890137,5864.890137,6329530000,16.270000457763672,105.08999633789062,4.27,4.426000118255615,0.15600011825561566,1.4436472750445786,0,0.0,0.0,0.0,0.0,0.0,
07/11/2024,5973.100098,5983.839844,5947.209961,5947.209961,4925740000,15.199999809265137,104.51000213623047,4.21,4.341000080108643,0.1310000801086426,1.0984123246316468,1,0.7272727272727273,0.0523105300079456,0.1264822134387351,0.6996047430830039,0.1739130434782608,1.0
08/11/2024,5995.540039,6012.450195,5976.759766,5976.759766,4666740000,14.9399995803833,105.0,4.26,4.306000232696533,0.046000232696533416,1.001773970714886,0,0.0,0.0,0.0,0.0,0.0,
11/11/2024,6001.350098,6017.310059,5986.689941,6008.859863,4333000000,14.970000267028809,105.54000091552734,4.26,4.308000087738037,0.046000232696533416,0.9018320531883188,0,0.0,0.0,0.0,0.0,0.0,
12/11/2024,5983.990234,6009.919922,5960.080078,6003.600098,4243400000,14.710000038146973,106.0199966430664,4.34,4.432000160217285,0.0920001602172853,0.8660562052802611,0,0.0,0.0,0.0,0.0,0.0,
13/11/2024,5985.379883,6008.189941,5965.910156,5985.75,4220180000,14.020000457763672,106.4800033569336,4.27,4.451000213623047,0.1810002136230473,0.9424647573413086,0,0.0,0.0,0.0,0.0,0.0,
14/11/2024,5949.169922,5993.879883,5942.279785,5989.680176,4184570000,14.3100004196167,106.66999816894531,4.34,4.418000221252441,0.07800022125244155,0.9665075903471424,0,0.0,0.0,0.0,0.0,0.0,
15/11/2024,5870.620117,5915.319824,5853.009766,5912.790039,4590960000,16.139999389648438,106.69000244140625,4.31,4.427999973297119,0.11799997329711953,1.0640961871601804,0,0.0,0.0,0.0,0.0,0.0,
18/11/2024,5893.620117,5908.120117,5865.950195,5874.169922,3983860000,15.579999923706055,106.27999877929688,4.29,4.414000034332275,0.12400003433227536,0.9385726879885332,0,0.0,0.0,0.0,0.0,0.0,
19/11/2024,5916.97998,5923.509766,5855.290039,5870.049805,4036940000,16.350000381469727,106.20999908447266,4.27,4.379000186920166,0.10900018692016644,0.9604211165412336,0,0.0,0.0,0.0,0.0,0.0,
20/11/2024,5917.109863,5920.669922,5860.560059,5914.339844,3772620000,17.15999984741211,106.68000030517578,4.31,4.406000137329102,0.09600013732910195,0.9170667438055904,0,0.0,0.0,0.0,0.0,0.0,
21/11/2024,5948.709961,5963.319824,5887.259766,5940.580078,4230120000,16.8700008392334,106.97000122070312,4.34,4.432000160217285,0.0920001602172853,1.0260059666739432,0,0.0,0.0,0.0,0.0,0.0,
22/11/2024,5969.339844,5972.899902,5944.359863,5944.359863,4141420000,15.239999771118164,107.48999786376953,4.37,4.409999847412109,0.03999984741210927,1.0268852504542534,0,0.0,0.0,0.0,0.0,0.0,
25/11/2024,5987.370117,6020.75,5963.910156,5992.279785,5633150000,14.600000381469727,106.81999969482422,4.21,4.264999866485596,0.05499986648559574,1.2911628866451976,0,0.0,0.0,0.0,0.0,0.0,
26/11/2024,6021.629883,6025.419922,5992.27002,6000.029785,3835170000,14.100000381469727,107.01000213623047,4.21,4.302000045776367,0.09200004577636722,0.887258195264958,0,0.0,0.0,0.0,0.0,0.0,
27/11/2024,5998.740234,6020.160156,5984.870117,6014.109863,3363340000,14.100000381469727,106.08000183105469,4.19,4.242000102996826,0.05200010299682578,0.7931208496830667,0,0.0,0.0,0.0,0.0,0.0,
29/11/2024,6032.379883,6044.169922,6003.97998,6003.97998,2444420000,13.510000228881836,105.73999786376953,4.13,4.177999973297119,0.04799997329711925,0.629437363203296,0,0.0,0.0,0.0,0.0,0.0,
02/12/2024,6047.149902,6053.580078,6035.330078,6040.109863,4412470000,13.34000015258789,106.44999694824219,4.17,4.196000099182129,0.026000099182128977,1.1205675379852758,0,0.0,0.0,0.0,0.0,0.0,
03/12/2024,6049.879883,6052.069824,6033.390137,6042.970215,4095000000,13.300000190734863,106.37000274658203,4.17,4.2230000495910645,0.053000049591064524,1.1280743124118475,0,0.0,0.0,0.0,0.0,0.0,
04/12/2024,6086.490234,6089.839844,6061.060059,6069.390137,4003390000,13.449999809265137,106.33999633789062,4.13,4.179999828338623,0.04999982833862315,1.0927105862777873,0,0.0,0.0,0.0,0.0,0.0,
05/12/2024,6075.109863,6094.549805,6072.899902,6089.029785,4212020000,13.539999961853027,105.70999908447266,4.15,4.179999828338623,0.02999982833862269,1.0987515195150073,0,0.0,0.0,0.0,0.0,0.0,
06/12/2024,6090.27002,6099.970215,6079.97998,6081.379883,3924830000,12.770000457763672,105.97000122070312,4.1,4.151000022888184,0.05100002288818395,0.950427432388386,0,0.0,0.0,0.0,0.0,0.0,
09/12/2024,6052.850098,6088.509766,6048.629883,6083.009766,4556460000,14.1899995803833,106.1500015258789,4.13,4.198999881744385,0.06899988174438487,1.0957401270699365,0,0.0,0.0,0.0,0.0,0.0,
10/12/2024,6034.910156,6065.399902,6029.890137,6057.589844,4048410000,14.180000305175781,106.4000015258789,4.15,4.2210001945495605,0.07100019454956019,0.9757504298603382,0,0.0,0.0,0.0,0.0,0.0,
11/12/2024,6084.189941,6092.589844,6060.149902,6060.149902,4269950000,13.579999923706055,106.70999908447266,4.15,4.270999908447266,0.12099990844726527,1.0160901061172196,0,0.0,0.0,0.0,0.0,0.0,
12/12/2024,6051.25,6079.680176,6051.25,6074.290039,3678010000,13.920000076293945,106.95999908447266,4.18,4.323999881744385,0.14399988174438505,0.8980542698726319,0,0.0,0.0,0.0,0.0,0.0,
13/12/2024,6051.089844,6078.580078,6035.77002,6068.169922,3584960000,13.8100004196167,107.0,4.25,4.39900016784668,0.1490001678466797,0.8901076036645531,0,0.0,0.0,0.0,0.0,0.0,
16/12/2024,6074.080078,6085.189941,6059.140137,6063.790039,4391100000,14.6899995803833,106.86000061035156,4.25,4.396999835968018,0.14699983596801758,1.0992903717774951,0,0.0,0.0,0.0,0.0,0.0,
17/12/2024,6050.609863,6057.680176,6035.189941,6052.549805,4544500000,15.869999885559082,106.95999908447266,4.25,4.385000228881836,0.13500022888183594,1.1101193442417918,0,0.0,0.0,0.0,0.0,0.0,
18/12/2024,5872.160156,6070.669922,5867.790039,6047.649902,5246960000,27.6200008392334,108.02999877929688,4.35,4.49399995803833,0.14399995803833043,1.2233225292170442,1,0.8904109589041096,0.0322720669125291,0.1969696969696969,0.5818181818181818,0.2212121212121212,1.0
19/12/2024,5867.080078,5935.52002,5866.069824,5912.709961,4896880000,24.09000015258789,108.41000366210938,4.32,4.570000171661377,0.25000017166137667,1.080302147861845,0,0.0,0.0,0.0,0.0,0.0,
20/12/2024,5930.850098,5982.060059,5832.299805,5842.0,8223220000,18.360000610351562,107.62000274658203,4.3,4.52400016784668,0.22400016784667987,1.505937516710826,0,0.0,0.0,0.0,0.0,0.0,
23/12/2024,5974.069824,5978.25,5902.569824,5940.25,3593280000,16.780000686645508,108.04000091552734,4.3,4.598999977111816,0.2989999771118166,0.6778535542942346,0,0.0,0.0,0.0,0.0,0.0,
24/12/2024,6040.040039,6040.100098,5981.439941,5984.629883,1757720000,14.270000457763672,108.26000213623047,4.29,4.591000080108643,0.30100008010864254,0.3705446398229872,0,0.0,0.0,0.0,0.0,0.0,
26/12/2024,6037.589844,6049.75,6007.370117,6024.970215,2904530000,14.729999542236328,108.12999725341797,4.3,4.578999996185303,0.2789999961853029,0.6794021977363942,0,0.0,0.0,0.0,0.0,0.0,
27/12/2024,5970.839844,6006.169922,5932.950195,6006.169922,3159610000,15.949999809265137,108.0,4.31,4.61899995803833,0.30899995803833047,0.8044485384726627,0,0.0,0.0,0.0,0.0,0.0,
30/12/2024,5906.939941,5940.790039,5869.160156,5920.669922,3433250000,17.399999618530273,108.12999725341797,4.24,4.545000076293945,0.3050000762939451,1.1561017726500988,0,0.0,0.0,0.0,0.0,0.0,
31/12/2024,5881.629883,5929.740234,5868.859863,5919.740234,3128350000,17.399999618530273,108.12999725341797,4.25,4.545000076293945,0.3050000762939451,1.0874817324899573,0,0.0,0.0,0.0,0.0,0.0,
