Date,Open,High,Low,Close,Volume,Volume_ratio_vs_5days,Announcement,hawkish_dovish_ratio,net_sentiment_score,negative_proportion,neutral_proportion,positive_proportion,sentiment_label
02/01/2018,2695.81005859375,2695.889892578125,2682.360107421875,2683.72998046875,3397430000,1.1279784078391322,0,0.0,0.0,0.0,0.0,0.0,
03/01/2018,2713.06005859375,2714.3701171875,2697.77001953125,2697.85009765625,3544030000,1.0884849620829815,0,0.0,0.0,0.0,0.0,0.0,
04/01/2018,2723.989990234375,2729.2900390625,2719.070068359375,2719.31005859375,3697340000,1.0678201101559437,0,0.0,0.0,0.0,0.0,0.0,
05/01/2018,2743.14990234375,2743.449951171875,2727.919921875,2731.330078125,3239280000,1.06100767619278,0,0.0,0.0,0.0,0.0,0.0,
08/01/2018,2747.7099609375,2748.510009765625,2737.60009765625,2742.669921875,3246160000,0.9478260057088665,0,0.0,0.0,0.0,0.0,0.0,
09/01/2018,2751.2900390625,2759.139892578125,2747.860107421875,2751.14990234375,3467460000,1.008318468885274,0,0.0,0.0,0.0,0.0,0.0,
10/01/2018,2748.22998046875,2750.800048828125,2736.06005859375,2745.550048828125,3579900000,1.0388482043674632,0,0.0,0.0,0.0,0.0,0.0,
11/01/2018,2767.56005859375,2767.56005859375,2752.780029296875,2752.969970703125,3645690000,1.0611206223597067,0,0.0,0.0,0.0,0.0,0.0,
12/01/2018,2786.239990234375,2787.85009765625,2769.639892578125,2770.179931640625,3587220000,1.0233744122448212,0,0.0,0.0,0.0,0.0,0.0,
16/01/2018,2776.419921875,2807.5400390625,2768.639892578125,2798.9599609375,4362880000,1.1701026918734228,0,0.0,0.0,0.0,0.0,0.0,
17/01/2018,2802.56005859375,2807.0400390625,2778.3798828125,2784.989990234375,3790340000,0.9992444386094507,0,0.0,0.0,0.0,0.0,0.0,
18/01/2018,2798.030029296875,2805.830078125,2792.56005859375,2802.39990234375,3703300000,0.9699870556637888,0,0.0,0.0,0.0,0.0,0.0,
19/01/2018,2810.300048828125,2810.330078125,2798.080078125,2802.60009765625,3724230000,0.9714722007599136,0,0.0,0.0,0.0,0.0,0.0,
22/01/2018,2832.969970703125,2833.030029296875,2808.1201171875,2809.159912109375,3489480000,0.9149024421834451,0,0.0,0.0,0.0,0.0,0.0,
23/01/2018,2839.1298828125,2842.239990234375,2830.590087890625,2835.050048828125,3541140000,0.970255621150024,0,0.0,0.0,0.0,0.0,0.0,
24/01/2018,2837.5400390625,2852.969970703125,2824.81005859375,2845.419921875,4079270000,1.100279866346018,0,0.0,0.0,0.0,0.0,0.0,
25/01/2018,2839.25,2848.56005859375,2830.93994140625,2846.239990234375,3873100000,1.0351885528688924,0,0.0,0.0,0.0,0.0,0.0,
26/01/2018,2872.8701171875,2872.8701171875,2846.179931640625,2847.47998046875,3474680000,0.941256399101295,0,0.0,0.0,0.0,0.0,0.0,
29/01/2018,2853.530029296875,2870.6201171875,2851.47998046875,2867.22998046875,3587420000,0.9666672235512602,0,0.0,0.0,0.0,0.0,0.0,
30/01/2018,2822.429931640625,2837.75,2818.27001953125,2832.739990234375,4012070000,1.0543351549992799,0,0.0,0.0,0.0,0.0,0.0,
31/01/2018,2823.81005859375,2839.260009765625,2813.0400390625,2832.409912109375,4276270000,1.1122483163870962,0,0.0,0.0,0.0,0.0,0.0,
01/02/2018,2821.97998046875,2835.9599609375,2812.699951171875,2816.449951171875,3977380000,1.0289261799830502,0,0.0,0.0,0.0,0.0,0.0,
02/02/2018,2762.1298828125,2808.919921875,2759.969970703125,2808.919921875,4340220000,1.0746651374511225,0,0.0,0.0,0.0,0.0,0.0,
05/02/2018,2648.93994140625,2763.389892578125,2638.169921875,2741.06005859375,5310840000,1.2115922138197308,0,0.0,0.0,0.0,0.0,0.0,
06/02/2018,2695.139892578125,2701.0400390625,2593.070068359375,2614.780029296875,5917350000,1.2419895676528394,0,0.0,0.0,0.0,0.0,0.0,
07/02/2018,2681.659912109375,2727.669921875,2681.330078125,2690.949951171875,4646300000,0.9602932198086234,0,0.0,0.0,0.0,0.0,0.0,
08/02/2018,2581.0,2685.27001953125,2580.56005859375,2685.010009765625,5333840000,1.0438635460720862,0,0.0,0.0,0.0,0.0,0.0,
09/02/2018,2619.550048828125,2638.669921875,2532.68994140625,2601.780029296875,5690110000,1.0577026028275245,0,0.0,0.0,0.0,0.0,0.0,
12/02/2018,2656.0,2672.610107421875,2622.449951171875,2636.75,4069220000,0.7930094220562018,0,0.0,0.0,0.0,0.0,0.0,
13/02/2018,2662.93994140625,2668.840087890625,2637.080078125,2646.27001953125,3503540000,0.7536760514236323,0,0.0,0.0,0.0,0.0,0.0,
14/02/2018,2698.6298828125,2702.10009765625,2648.8701171875,2651.2099609375,4011940000,0.8872577531166169,0,0.0,0.0,0.0,0.0,0.0,
15/02/2018,2731.199951171875,2731.510009765625,2689.820068359375,2713.4599609375,3696140000,0.8812523991521605,0,0.0,0.0,0.0,0.0,0.0,
16/02/2018,2732.219970703125,2754.419921875,2725.110107421875,2727.139892578125,3646920000,0.9633786565341065,0,0.0,0.0,0.0,0.0,0.0,
20/02/2018,2716.260009765625,2737.60009765625,2706.760009765625,2722.989990234375,3646920000,0.985363238741431,0,0.0,0.0,0.0,0.0,0.0,
21/02/2018,2701.330078125,2747.75,2701.2900390625,2720.530029296875,3789040000,1.0082082022419292,0,0.0,0.0,0.0,0.0,0.0,
22/02/2018,2703.9599609375,2731.260009765625,2697.77001953125,2710.419921875,3720620000,1.0055925412602624,0,0.0,0.0,0.0,0.0,0.0,
23/02/2018,2747.300048828125,2747.760009765625,2713.739990234375,2715.800048828125,3200360000,0.8887982910331451,0,0.0,0.0,0.0,0.0,0.0,
26/02/2018,2779.60009765625,2780.639892578125,2753.780029296875,2757.3701171875,3436590000,0.9656852799866019,0,0.0,0.0,0.0,0.0,0.0,
27/02/2018,2744.280029296875,2789.14990234375,2744.219970703125,2780.449951171875,3752070000,1.0481415389291278,0,0.0,0.0,0.0,0.0,0.0,
28/02/2018,2713.830078125,2761.52001953125,2713.5400390625,2753.780029296875,4244570000,1.1562932972871074,0,0.0,0.0,0.0,0.0,0.0,
01/03/2018,2677.669921875,2730.889892578125,2659.64990234375,2715.219970703125,4514490000,1.1788362070766365,0,0.0,0.0,0.0,0.0,0.0,
02/03/2018,2691.25,2696.25,2647.320068359375,2658.889892578125,3891250000,0.9807086759040414,0,0.0,0.0,0.0,0.0,0.0,
05/03/2018,2720.93994140625,2728.090087890625,2675.75,2681.06005859375,3733640000,0.9271047605236785,0,0.0,0.0,0.0,0.0,0.0,
06/03/2018,2728.1201171875,2732.080078125,2711.260009765625,2730.179931640625,3389030000,0.8569851383048989,0,0.0,0.0,0.0,0.0,0.0,
07/03/2018,2726.800048828125,2730.60009765625,2701.739990234375,2710.179931640625,3406690000,0.8995701105354607,0,0.0,0.0,0.0,0.0,0.0,
08/03/2018,2738.969970703125,2740.449951171875,2722.64990234375,2732.75,3206040000,0.9094297555122499,0,0.0,0.0,0.0,0.0,0.0,
09/03/2018,2786.570068359375,2786.570068359375,2751.5400390625,2752.909912109375,3376870000,0.9866809020661782,0,0.0,0.0,0.0,0.0,0.0,
12/03/2018,2783.02001953125,2796.97998046875,2779.260009765625,2790.5400390625,3216960000,0.9692213413322455,0,0.0,0.0,0.0,0.0,0.0,
13/03/2018,2765.31005859375,2801.89990234375,2758.679931640625,2792.31005859375,3324290000,1.0054806619139367,0,0.0,0.0,0.0,0.0,0.0,
14/03/2018,2749.47998046875,2777.110107421875,2744.3798828125,2774.06005859375,3394630000,1.0275056466000234,0,0.0,0.0,0.0,0.0,0.0,
15/03/2018,2747.330078125,2763.030029296875,2741.469970703125,2754.27001953125,3543710000,1.0511430039284642,0,0.0,0.0,0.0,0.0,0.0,
16/03/2018,2752.010009765625,2761.85009765625,2749.969970703125,2750.570068359375,5429140000,1.435617304811058,0,0.0,0.0,0.0,0.0,0.0,
19/03/2018,2712.919921875,2741.3798828125,2694.590087890625,2741.3798828125,3327460000,0.8747620171794547,0,0.0,0.0,0.0,0.0,0.0,
20/03/2018,2716.93994140625,2724.219970703125,2710.050048828125,2715.050048828125,3272590000,0.8626821731664587,0,0.0,0.0,0.0,0.0,0.0,
21/03/2018,2711.929931640625,2739.139892578125,2709.7900390625,2714.989990234375,3434780000,0.9035242596676711,0,0.0,0.0,0.0,0.0,0.0,
22/03/2018,2643.68994140625,2695.679931640625,2641.590087890625,2691.360107421875,3765460000,0.979087783673255,0,0.0,0.0,0.0,0.0,0.0,
23/03/2018,2588.260009765625,2657.669921875,2585.889892578125,2646.7099609375,3829380000,1.0860611684733747,0,0.0,0.0,0.0,0.0,0.0,
26/03/2018,2658.550048828125,2661.360107421875,2601.81005859375,2619.35009765625,3538080000,0.9915982307462491,0,0.0,0.0,0.0,0.0,0.0,
27/03/2018,2612.6201171875,2674.780029296875,2596.1201171875,2667.570068359375,3761320000,1.0260559484358684,0,0.0,0.0,0.0,0.0,0.0,
28/03/2018,2605.0,2632.64990234375,2593.06005859375,2611.300048828125,3875720000,1.0324262811428473,0,0.0,0.0,0.0,0.0,0.0,
29/03/2018,2640.8701171875,2659.070068359375,2609.719970703125,2614.409912109375,3572360000,0.9615080266525129,0,0.0,0.0,0.0,0.0,0.0,
02/04/2018,2581.8798828125,2638.300048828125,2553.800048828125,2633.449951171875,3635780000,0.9888833645392602,0,0.0,0.0,0.0,0.0,0.0,
03/04/2018,2614.449951171875,2619.139892578125,2575.489990234375,2592.169921875,3395840000,0.9308251402607968,0,0.0,0.0,0.0,0.0,0.0,
04/04/2018,2644.68994140625,2649.860107421875,2573.610107421875,2584.0400390625,3369230000,0.9438184809957796,0,0.0,0.0,0.0,0.0,0.0,
05/04/2018,2662.840087890625,2672.080078125,2649.580078125,2657.360107421875,3230430000,0.9388797952061307,0,0.0,0.0,0.0,0.0,0.0,
06/04/2018,2604.469970703125,2656.8798828125,2586.27001953125,2645.820068359375,3312390000,0.9774712326196154,0,0.0,0.0,0.0,0.0,0.0,
09/04/2018,2613.159912109375,2653.550048828125,2610.7900390625,2617.179931640625,3076140000,0.9387617088103476,0,0.0,0.0,0.0,0.0,0.0,
10/04/2018,2656.8701171875,2665.449951171875,2635.780029296875,2638.409912109375,3579130000,1.0801777233734846,0,0.0,0.0,0.0,0.0,0.0,
11/04/2018,2642.18994140625,2661.429931640625,2639.25,2643.889892578125,3054520000,0.939701377194186,0,0.0,0.0,0.0,0.0,0.0,
12/04/2018,2663.989990234375,2674.719970703125,2653.830078125,2653.830078125,3045330000,0.9476670622890542,0,0.0,0.0,0.0,0.0,0.0,
13/04/2018,2656.300048828125,2680.260009765625,2645.050048828125,2676.89990234375,2988540000,0.9491249175858727,0,0.0,0.0,0.0,0.0,0.0,
16/04/2018,2677.840087890625,2686.489990234375,2665.159912109375,2670.10009765625,3020740000,0.9627390163090107,0,0.0,0.0,0.0,0.0,0.0,
17/04/2018,2706.389892578125,2713.340087890625,2692.050048828125,2692.739990234375,3286190000,1.0672691441295148,0,0.0,0.0,0.0,0.0,0.0,
18/04/2018,2708.639892578125,2717.489990234375,2703.6298828125,2710.110107421875,3412030000,1.0829895326744465,0,0.0,0.0,0.0,0.0,0.0,
19/04/2018,2693.1298828125,2702.840087890625,2681.89990234375,2701.159912109375,3375120000,1.0493066428231221,0,0.0,0.0,0.0,0.0,0.0,
20/04/2018,2670.139892578125,2693.93994140625,2660.610107421875,2692.56005859375,3428260000,1.0374620059870454,0,0.0,0.0,0.0,0.0,0.0,
23/04/2018,2670.2900390625,2682.860107421875,2657.989990234375,2675.39990234375,3030390000,0.9165230562079943,0,0.0,0.0,0.0,0.0,0.0,
24/04/2018,2634.56005859375,2683.550048828125,2617.320068359375,2680.800048828125,3716020000,1.0954072145559852,0,0.0,0.0,0.0,0.0,0.0,
25/04/2018,2639.39990234375,2645.300048828125,2612.669921875,2634.919921875,3563680000,1.0411915292456762,0,0.0,0.0,0.0,0.0,0.0,
26/04/2018,2666.93994140625,2676.47998046875,2647.159912109375,2651.64990234375,3690920000,1.0588280518920183,0,0.0,0.0,0.0,0.0,0.0,
27/04/2018,2669.909912109375,2677.35009765625,2659.010009765625,2675.469970703125,3234510000,0.938326780973246,0,0.0,0.0,0.0,0.0,0.0,
30/04/2018,2648.050048828125,2682.8701171875,2648.0400390625,2682.510009765625,3749510000,1.0441618434009259,0,0.0,0.0,0.0,0.0,0.0,
01/05/2018,2654.800048828125,2655.27001953125,2625.409912109375,2642.9599609375,3562820000,1.000711178421521,0,0.0,0.0,0.0,0.0,0.0,
02/05/2018,2635.669921875,2660.8701171875,2631.699951171875,2654.239990234375,4047020000,1.106663574842027,0,0.0,0.0,0.0,0.0,0.0,
03/05/2018,2629.72998046875,2637.139892578125,2594.6201171875,2628.080078125,3867530000,1.0474644650267395,0,0.0,0.0,0.0,0.0,0.0,
04/05/2018,2663.419921875,2670.929931640625,2615.320068359375,2621.449951171875,3335260000,0.8984039555783977,0,0.0,0.0,0.0,0.0,0.0,
07/05/2018,2672.6298828125,2683.35009765625,2664.699951171875,2680.340087890625,3266810000,0.9034599522994075,0,0.0,0.0,0.0,0.0,0.0,
08/05/2018,2671.919921875,2676.340087890625,2655.199951171875,2670.260009765625,3745100000,1.02539629344881,0,0.0,0.0,0.0,0.0,0.0,
09/05/2018,2697.7900390625,2701.27001953125,2674.139892578125,2678.1201171875,3913650000,1.0794280781207335,0,0.0,0.0,0.0,0.0,0.0,
10/05/2018,2723.070068359375,2726.110107421875,2704.5400390625,2705.02001953125,3380640000,0.9581519896879284,0,0.0,0.0,0.0,0.0,0.0,
11/05/2018,2727.719970703125,2732.860107421875,2717.449951171875,2722.699951171875,2874850000,0.8366339659101161,0,0.0,0.0,0.0,0.0,0.0,
14/05/2018,2730.1298828125,2742.10009765625,2725.469970703125,2738.469970703125,2994360000,0.8854547390085519,0,0.0,0.0,0.0,0.0,0.0,
15/05/2018,2711.449951171875,2718.590087890625,2701.909912109375,2718.590087890625,3291190000,1.0000765739129696,0,0.0,0.0,0.0,0.0,0.0,
16/05/2018,2722.4599609375,2727.760009765625,2712.169921875,2712.6201171875,3248480000,1.0286823158652068,0,0.0,0.0,0.0,0.0,0.0,
17/05/2018,2720.1298828125,2731.9599609375,2711.360107421875,2719.7099609375,3478150000,1.0946507937606966,0,0.0,0.0,0.0,0.0,0.0,
18/05/2018,2712.969970703125,2719.5,2709.179931640625,2717.35009765625,3383270000,1.0317710096398696,0,0.0,0.0,0.0,0.0,0.0,
21/05/2018,2733.010009765625,2739.18994140625,2725.699951171875,2735.389892578125,3053480000,0.9278516545859297,0,0.0,0.0,0.0,0.0,0.0,
22/05/2018,2724.43994140625,2742.239990234375,2721.8798828125,2738.340087890625,3384140000,1.0225520198797162,0,0.0,0.0,0.0,0.0,0.0,
23/05/2018,2733.2900390625,2733.330078125,2709.5400390625,2713.97998046875,3333160000,1.0020201777275406,0,0.0,0.0,0.0,0.0,0.0,
24/05/2018,2727.760009765625,2731.969970703125,2707.3798828125,2730.93994140625,3285750000,0.9993278507037798,0,0.0,0.0,0.0,0.0,0.0,
25/05/2018,2721.330078125,2727.360107421875,2714.989990234375,2723.60009765625,3015260000,0.9380597929664337,0,0.0,0.0,0.0,0.0,0.0,
29/05/2018,2689.860107421875,2710.669921875,2676.81005859375,2705.110107421875,3743310000,1.116631327998129,0,0.0,0.0,0.0,0.0,0.0,
30/05/2018,2724.010009765625,2729.340087890625,2702.429931640625,2702.429931640625,3566490000,1.0524363534637986,0,0.0,0.0,0.0,0.0,0.0,
31/05/2018,2705.27001953125,2722.5,2700.679931640625,2720.97998046875,4241100000,1.1878560893484227,0,0.0,0.0,0.0,0.0,0.0,
01/06/2018,2734.6201171875,2736.929931640625,2718.699951171875,2718.699951171875,3694310000,1.0115593957877316,0,0.0,0.0,0.0,0.0,0.0,
04/06/2018,2746.8701171875,2749.159912109375,2740.5400390625,2741.669921875,3410090000,0.9139735088687934,0,0.0,0.0,0.0,0.0,0.0,
05/06/2018,2748.800048828125,2752.610107421875,2739.510009765625,2748.4599609375,3523550000,0.9556405725028939,0,0.0,0.0,0.0,0.0,0.0,
06/06/2018,2772.35009765625,2772.389892578125,2748.4599609375,2753.25,3662780000,0.988240233155603,0,0.0,0.0,0.0,0.0,0.0,
07/06/2018,2770.3701171875,2779.89990234375,2760.159912109375,2774.840087890625,3742080000,1.037575397289718,0,0.0,0.0,0.0,0.0,0.0,
08/06/2018,2779.030029296875,2779.389892578125,2763.590087890625,2765.840087890625,3138850000,0.8979765239009346,0,0.0,0.0,0.0,0.0,0.0,
11/06/2018,2782.0,2790.2099609375,2780.169921875,2780.179931640625,3262130000,0.9412131644564523,0,0.0,0.0,0.0,0.0,0.0,
12/06/2018,2786.85009765625,2789.800048828125,2778.780029296875,2785.60009765625,3435700000,0.9963437140765848,0,0.0,0.0,0.0,0.0,0.0,
13/06/2018,2775.6298828125,2791.469970703125,2774.64990234375,2787.93994140625,3820770000,1.0979520711191624,0,0.0,0.0,0.0,0.0,0.0,
14/06/2018,2782.489990234375,2789.06005859375,2776.52001953125,2783.2099609375,3540930000,1.0294370748872859,0,0.0,0.0,0.0,0.0,0.0,
15/06/2018,2779.659912109375,2782.81005859375,2761.72998046875,2777.780029296875,5451990000,1.3971207778789145,0,0.0,0.0,0.0,0.0,0.0,
18/06/2018,2773.75,2774.989990234375,2757.1201171875,2765.7900390625,3316120000,0.8474402149496741,0,0.0,0.0,0.0,0.0,0.0,
19/06/2018,2762.590087890625,2765.050048828125,2743.18994140625,2752.010009765625,3671160000,0.9270151916800036,0,0.0,0.0,0.0,0.0,0.0,
20/06/2018,2767.320068359375,2774.860107421875,2763.909912109375,2769.72998046875,3332140000,0.8626971149016639,0,0.0,0.0,0.0,0.0,0.0,
21/06/2018,2749.760009765625,2769.280029296875,2744.389892578125,2769.280029296875,3336580000,0.8730850288282546,0,0.0,0.0,0.0,0.0,0.0,
22/06/2018,2754.8798828125,2764.169921875,2752.679931640625,2760.7900390625,5468110000,1.429637771378642,0,0.0,0.0,0.0,0.0,0.0,
25/06/2018,2717.070068359375,2742.93994140625,2698.669921875,2742.93994140625,3663280000,0.9406885118433467,0,0.0,0.0,0.0,0.0,0.0,
26/06/2018,2723.06005859375,2732.909912109375,2715.60009765625,2722.1201171875,3568900000,0.9212912792135478,0,0.0,0.0,0.0,0.0,0.0,
27/06/2018,2699.6298828125,2746.090087890625,2699.3798828125,2728.449951171875,3803990000,0.9586252813638119,0,0.0,0.0,0.0,0.0,0.0,
28/06/2018,2716.31005859375,2724.340087890625,2691.989990234375,2698.68994140625,3461100000,0.866775388196969,0,0.0,0.0,0.0,0.0,0.0,
29/06/2018,2718.3701171875,2743.260009765625,2718.030029296875,2727.1298828125,3586800000,0.9917015362139164,0,0.0,0.0,0.0,0.0,0.0,
02/07/2018,2726.7099609375,2727.260009765625,2698.949951171875,2704.949951171875,3095040000,0.8834979558490805,0,0.0,0.0,0.0,0.0,0.0,
03/07/2018,2713.219970703125,2736.580078125,2711.159912109375,2733.27001953125,1911460000,0.6026652138079591,0,0.0,0.0,0.0,0.0,0.0,
05/07/2018,2736.610107421875,2737.830078125,2716.02001953125,2724.18994140625,2980160000,0.9911031649745653,0,0.0,0.0,0.0,0.0,0.0,
06/07/2018,2759.820068359375,2764.409912109375,2733.52001953125,2737.679931640625,2590250000,0.9143967223276952,0,0.0,0.0,0.0,0.0,0.0,
09/07/2018,2784.169921875,2784.64990234375,2770.72998046875,2775.6201171875,3070060000,1.1248137865035241,0,0.0,0.0,0.0,0.0,0.0,
10/07/2018,2793.840087890625,2795.580078125,2786.239990234375,2788.56005859375,3080140000,1.129740384255656,0,0.0,0.0,0.0,0.0,0.0,
11/07/2018,2774.02001953125,2785.909912109375,2770.77001953125,2779.820068359375,2986180000,1.0152385394773435,0,0.0,0.0,0.0,0.0,0.0,
12/07/2018,2798.2900390625,2799.219970703125,2781.530029296875,2783.139892578125,2834230000,0.973235784150112,0,0.0,0.0,0.0,0.0,0.0,
13/07/2018,2801.31005859375,2804.530029296875,2791.68994140625,2796.929931640625,2619790000,0.897778676389955,0,0.0,0.0,0.0,0.0,0.0,
16/07/2018,2798.429931640625,2801.18994140625,2793.389892578125,2797.360107421875,2819860000,0.9832010711147683,0,0.0,0.0,0.0,0.0,0.0,
17/07/2018,2809.550048828125,2814.18994140625,2789.239990234375,2789.340087890625,3064920000,1.0697815982989156,0,0.0,0.0,0.0,0.0,0.0,
18/07/2018,2815.6201171875,2816.760009765625,2805.889892578125,2811.35009765625,3111560000,1.0766375370579002,0,0.0,0.0,0.0,0.0,0.0,
19/07/2018,2804.489990234375,2812.050048828125,2799.77001953125,2809.3701171875,3278360000,1.100527779064607,0,0.0,0.0,0.0,0.0,0.0,
20/07/2018,2801.830078125,2809.699951171875,2800.010009765625,2804.550048828125,3243250000,1.0449995005783626,0,0.0,0.0,0.0,0.0,0.0,
23/07/2018,2806.97998046875,2808.610107421875,2795.139892578125,2799.169921875,2928490000,0.9370220483304729,0,0.0,0.0,0.0,0.0,0.0,
24/07/2018,2820.39990234375,2829.989990234375,2811.1201171875,2820.679931640625,3430410000,1.0725347000106928,0,0.0,0.0,0.0,0.0,0.0,
25/07/2018,2846.070068359375,2848.030029296875,2817.72998046875,2817.72998046875,3584400000,1.0884966878045492,0,0.0,0.0,0.0,0.0,0.0,
26/07/2018,2837.43994140625,2845.570068359375,2835.260009765625,2835.489990234375,3667290000,1.0879686765745966,0,0.0,0.0,0.0,0.0,0.0,
27/07/2018,2818.820068359375,2843.169921875,2808.340087890625,2842.35009765625,3434370000,1.0074444293210427,0,0.0,0.0,0.0,0.0,0.0,
30/07/2018,2802.60009765625,2821.739990234375,2798.110107421875,2819.0,3261190000,0.9383282904602807,0,0.0,0.0,0.0,0.0,0.0,
31/07/2018,2816.2900390625,2824.4599609375,2808.06005859375,2809.72998046875,3906890000,1.0941131860733702,0,0.0,0.0,0.0,0.0,0.0,
01/08/2018,2813.360107421875,2825.830078125,2805.85009765625,2821.169921875,3501350000,0.9851252793160127,0,0.0,0.0,0.0,0.0,0.0,
02/08/2018,2827.219970703125,2829.909912109375,2796.340087890625,2800.47998046875,3501380000,0.9944175521068231,0,0.0,0.0,0.0,0.0,0.0,
03/08/2018,2840.35009765625,2840.3798828125,2827.3701171875,2829.6201171875,3043690000,0.8840483313485724,0,0.0,0.0,0.0,0.0,0.0,
06/08/2018,2850.39990234375,2853.2900390625,2835.97998046875,2840.2900390625,2879020000,0.8552054290760697,0,0.0,0.0,0.0,0.0,0.0,
07/08/2018,2858.449951171875,2863.429931640625,2855.919921875,2855.919921875,3185440000,0.988599008868541,0,0.0,0.0,0.0,0.0,0.0,
08/08/2018,2857.699951171875,2862.43994140625,2853.090087890625,2856.7900390625,2978070000,0.9552689317149529,0,0.0,0.0,0.0,0.0,0.0,
09/08/2018,2853.580078125,2862.47998046875,2851.97998046875,2857.18994140625,3066180000,1.0117803120297775,0,0.0,0.0,0.0,0.0,0.0,
10/08/2018,2833.280029296875,2842.199951171875,2825.81005859375,2838.89990234375,3265590000,1.0620288403374463,0,0.0,0.0,0.0,0.0,0.0,
13/08/2018,2821.929931640625,2843.39990234375,2819.8798828125,2835.4599609375,3173630000,1.01271562603908,0,0.0,0.0,0.0,0.0,0.0,
14/08/2018,2839.9599609375,2843.110107421875,2826.580078125,2827.8798828125,2986500000,0.965257204765103,0,0.0,0.0,0.0,0.0,0.0,
15/08/2018,2818.3701171875,2827.949951171875,2802.489990234375,2827.949951171875,3656680000,1.1321986205598262,0,0.0,0.0,0.0,0.0,0.0,
16/08/2018,2840.68994140625,2850.489990234375,2831.43994140625,2831.43994140625,3232000000,0.9905359682243907,0,0.0,0.0,0.0,0.0,0.0,
17/08/2018,2850.1298828125,2855.6298828125,2833.72998046875,2838.320068359375,3037640000,0.9441610796664274,0,0.0,0.0,0.0,0.0,0.0,
20/08/2018,2857.050048828125,2859.760009765625,2850.6201171875,2853.929931640625,2757150000,0.8797559918749047,0,0.0,0.0,0.0,0.0,0.0,
21/08/2018,2862.9599609375,2873.22998046875,2861.320068359375,2861.510009765625,3174010000,1.0007926858492018,0,0.0,0.0,0.0,0.0,0.0,
22/08/2018,2861.820068359375,2867.5400390625,2856.050048828125,2860.989990234375,2701250000,0.9063350344415702,0,0.0,0.0,0.0,0.0,0.0,
23/08/2018,2856.97998046875,2868.780029296875,2854.030029296875,2860.2900390625,2724450000,0.9463510368543541,0,0.0,0.0,0.0,0.0,0.0,
24/08/2018,2874.68994140625,2876.159912109375,2862.35009765625,2862.35009765625,2603010000,0.9323188539721359,0,0.0,0.0,0.0,0.0,0.0,
27/08/2018,2896.739990234375,2898.25,2884.68994140625,2884.68994140625,2865070000,1.0183084905304955,0,0.0,0.0,0.0,0.0,0.0,
28/08/2018,2897.52001953125,2903.77001953125,2893.5,2901.449951171875,2687770000,0.9894930990939915,0,0.0,0.0,0.0,0.0,0.0,
29/08/2018,2914.0400390625,2916.5,2898.39990234375,2900.6201171875,2805520000,1.0249732935257077,0,0.0,0.0,0.0,0.0,0.0,
30/08/2018,2901.1298828125,2912.4599609375,2895.219970703125,2908.93994140625,2810450000,1.020362595502991,0,0.0,0.0,0.0,0.0,0.0,
31/08/2018,2901.52001953125,2906.320068359375,2891.72998046875,2898.3701171875,2887220000,1.0270396406382172,0,0.0,0.0,0.0,0.0,0.0,
04/09/2018,2896.719970703125,2900.179931640625,2885.1298828125,2896.9599609375,3087420000,1.0811520634693852,0,0.0,0.0,0.0,0.0,0.0,
05/09/2018,2888.60009765625,2894.2099609375,2876.919921875,2891.590087890625,3248780000,1.094647421491045,0,0.0,0.0,0.0,0.0,0.0,
06/09/2018,2878.050048828125,2892.050048828125,2867.2900390625,2888.639892578125,3144240000,1.0357811348053216,0,0.0,0.0,0.0,0.0,0.0,
07/09/2018,2871.679931640625,2883.81005859375,2864.1201171875,2868.260009765625,2976580000,0.9699339947758898,0,0.0,0.0,0.0,0.0,0.0,
10/09/2018,2877.1298828125,2886.929931640625,2875.93994140625,2881.389892578125,2751100000,0.9044839204319798,0,0.0,0.0,0.0,0.0,0.0,
11/09/2018,2887.889892578125,2892.52001953125,2866.780029296875,2871.570068359375,2904500000,0.9665428746372761,0,0.0,0.0,0.0,0.0,0.0,
12/09/2018,2888.919921875,2894.64990234375,2879.199951171875,2888.2900390625,3341280000,1.1050887370433333,0,0.0,0.0,0.0,0.0,0.0,
13/09/2018,2904.179931640625,2906.760009765625,2896.389892578125,2896.85009765625,3274090000,1.0736446183157293,0,0.0,0.0,0.0,0.0,0.0,
14/09/2018,2904.97998046875,2908.300048828125,2895.77001953125,2906.3798828125,3179410000,1.0289099685574077,0,0.0,0.0,0.0,0.0,0.0,
17/09/2018,2888.800048828125,2904.64990234375,2886.159912109375,2903.830078125,2967980000,0.9471917872046548,0,0.0,0.0,0.0,0.0,0.0,
18/09/2018,2904.31005859375,2911.169921875,2890.429931640625,2890.739990234375,3091190000,0.9748958461455978,0,0.0,0.0,0.0,0.0,0.0,
19/09/2018,2907.949951171875,2912.360107421875,2903.820068359375,2906.60009765625,3302460000,1.044082470393857,0,0.0,0.0,0.0,0.0,0.0,
20/09/2018,2930.75,2934.800048828125,2919.72998046875,2919.72998046875,3406520000,1.0680379945270624,0,0.0,0.0,0.0,0.0,0.0,
21/09/2018,2929.669921875,2940.909912109375,2927.110107421875,2936.760009765625,5652470000,1.5342778907550343,0,0.0,0.0,0.0,0.0,0.0,
24/09/2018,2919.3701171875,2923.7900390625,2912.6298828125,2921.830078125,3392030000,0.8999971875336633,0,0.0,0.0,0.0,0.0,0.0,
25/09/2018,2915.56005859375,2923.949951171875,2913.699951171875,2921.75,3330880000,0.8726727016258339,0,0.0,0.0,0.0,0.0,0.0,
26/09/2018,2905.969970703125,2931.14990234375,2903.280029296875,2916.97998046875,3417540000,0.890010333634731,0,0.0,0.0,0.0,0.0,0.0,
27/09/2018,2914.0,2927.219970703125,2909.27001953125,2911.64990234375,3101360000,0.8207139938648099,0,0.0,0.0,0.0,0.0,0.0,
28/09/2018,2913.97998046875,2920.530029296875,2907.5,2910.030029296875,3461680000,1.0362145874903987,0,0.0,0.0,0.0,0.0,0.0,
01/10/2018,2924.590087890625,2937.06005859375,2917.909912109375,2926.2900390625,3375890000,1.011511713962972,0,0.0,0.0,0.0,0.0,0.0,
02/10/2018,2923.429931640625,2931.419921875,2919.3701171875,2923.800048828125,3432620000,1.0222769667683,0,0.0,0.0,0.0,0.0,0.0,
03/10/2018,2925.510009765625,2939.860107421875,2921.360107421875,2931.68994140625,3625510000,1.0665109142404627,0,0.0,0.0,0.0,0.0,0.0,
04/10/2018,2901.610107421875,2919.780029296875,2883.919921875,2919.35009765625,3510370000,1.0083752392125276,0,0.0,0.0,0.0,0.0,0.0,
05/10/2018,2885.570068359375,2909.639892578125,2869.2900390625,2902.5400390625,3340820000,0.9663810853324895,0,0.0,0.0,0.0,0.0,0.0,
08/10/2018,2884.429931640625,2889.449951171875,2862.080078125,2877.530029296875,3381820000,0.9779054475297754,0,0.0,0.0,0.0,0.0,0.0,
09/10/2018,2880.340087890625,2894.830078125,2874.27001953125,2882.510009765625,3531690000,1.0154247706036903,0,0.0,0.0,0.0,0.0,0.0,
10/10/2018,2785.679931640625,2874.02001953125,2784.860107421875,2873.89990234375,4554260000,1.2430454567289846,0,0.0,0.0,0.0,0.0,0.0,
11/10/2018,2728.3701171875,2795.139892578125,2710.510009765625,2776.8701171875,4914090000,1.2457967172818298,0,0.0,0.0,0.0,0.0,0.0,
12/10/2018,2767.1298828125,2775.77001953125,2729.43994140625,2770.5400390625,4024010000,0.9859932460610599,0,0.0,0.0,0.0,0.0,0.0,
15/10/2018,2750.7900390625,2775.989990234375,2749.030029296875,2763.830078125,3327160000,0.8174354252155032,0,0.0,0.0,0.0,0.0,0.0,
16/10/2018,2809.919921875,2813.4599609375,2766.909912109375,2767.050048828125,3460260000,0.8531305566431194,0,0.0,0.0,0.0,0.0,0.0,
17/10/2018,2809.2099609375,2816.93994140625,2781.81005859375,2811.669921875,3347090000,0.8774598757065761,0,0.0,0.0,0.0,0.0,0.0,
18/10/2018,2768.780029296875,2806.0400390625,2755.179931640625,2802.0,3639300000,1.0224004962405508,0,0.0,0.0,0.0,0.0,0.0,
19/10/2018,2767.780029296875,2797.77001953125,2760.27001953125,2775.659912109375,3593940000,1.0346590663730189,0,0.0,0.0,0.0,0.0,0.0,
22/10/2018,2755.8798828125,2778.93994140625,2749.219970703125,2773.93994140625,3331270000,0.9588121248962402,0,0.0,0.0,0.0,0.0,0.0,
23/10/2018,2740.68994140625,2753.590087890625,2691.429931640625,2721.030029296875,4373710000,1.1959627701143705,0,0.0,0.0,0.0,0.0,0.0,
24/10/2018,2656.10009765625,2742.590087890625,2651.889892578125,2737.8701171875,4738670000,1.2041206715085564,0,0.0,0.0,0.0,0.0,0.0,
25/10/2018,2705.570068359375,2722.699951171875,2667.840087890625,2674.8798828125,4663930000,1.1264704234278449,0,0.0,0.0,0.0,0.0,0.0,
26/10/2018,2658.68994140625,2692.3798828125,2628.159912109375,2667.860107421875,4804330000,1.0962827978026561,0,0.0,0.0,0.0,0.0,0.0,
29/10/2018,2641.25,2706.85009765625,2603.5400390625,2682.64990234375,4701260000,1.0096383886194855,0,0.0,0.0,0.0,0.0,0.0,
30/10/2018,2682.6298828125,2685.429931640625,2635.340087890625,2640.679931640625,5125600000,1.066332026700741,0,0.0,0.0,0.0,0.0,0.0,
31/10/2018,2711.739990234375,2736.68994140625,2705.60009765625,2705.60009765625,5133380000,1.0506948850727633,0,0.0,0.0,0.0,0.0,0.0,
01/11/2018,2740.3701171875,2741.669921875,2708.85009765625,2717.580078125,4730250000,0.9655612901013357,0,0.0,0.0,0.0,0.0,0.0,
02/11/2018,2723.06005859375,2756.550048828125,2700.43994140625,2745.449951171875,4261230000,0.8895457194723385,0,0.0,0.0,0.0,0.0,0.0,
05/11/2018,2738.31005859375,2744.27001953125,2717.93994140625,2726.3701171875,3650910000,0.7970942349737156,0,0.0,0.0,0.0,0.0,0.0,
06/11/2018,2755.449951171875,2756.820068359375,2737.080078125,2738.39990234375,3543800000,0.8311143236003353,0,0.0,0.0,0.0,0.0,0.0,
07/11/2018,2813.889892578125,2815.14990234375,2774.1298828125,2774.1298828125,3929080000,0.9766411288538508,0,0.0,0.0,0.0,0.0,0.0,
08/11/2018,2806.830078125,2814.75,2794.989990234375,2806.3798828125,3673550000,0.9637527894275384,0,0.0,0.0,0.0,0.0,0.0,
09/11/2018,2781.010009765625,2794.10009765625,2764.239990234375,2794.10009765625,4029030000,1.0700496165750488,0,0.0,0.0,0.0,0.0,0.0,
12/11/2018,2726.219970703125,2775.989990234375,2722.0,2773.929931640625,3701570000,0.9804428980618244,0,0.0,0.0,0.0,0.0,0.0,
13/11/2018,2722.179931640625,2754.60009765625,2714.97998046875,2730.050048828125,4112820000,1.0574949668441662,0,0.0,0.0,0.0,0.0,0.0,
14/11/2018,2701.580078125,2746.800048828125,2685.75,2737.89990234375,4449060000,1.1141573963376796,0,0.0,0.0,0.0,0.0,0.0,
15/11/2018,2730.199951171875,2735.3798828125,2670.75,2693.52001953125,4204960000,1.0257280909225737,0,0.0,0.0,0.0,0.0,0.0,
16/11/2018,2736.27001953125,2746.75,2712.159912109375,2718.5400390625,3996970000,0.976519859391812,0,0.0,0.0,0.0,0.0,0.0,
19/11/2018,2690.72998046875,2733.159912109375,2681.090087890625,2730.739990234375,3806940000,0.9253284396533914,0,0.0,0.0,0.0,0.0,0.0,
20/11/2018,2641.889892578125,2669.43994140625,2631.52001953125,2654.60009765625,4370820000,1.0492276300786172,0,0.0,0.0,0.0,0.0,0.0,
21/11/2018,2649.929931640625,2670.72998046875,2649.820068359375,2657.739990234375,3237400000,0.8251478685166862,0,0.0,0.0,0.0,0.0,0.0,
23/11/2018,2632.56005859375,2647.550048828125,2631.090087890625,2633.360107421875,1651680000,0.483971633533191,0,0.0,0.0,0.0,0.0,0.0,
26/11/2018,2673.449951171875,2674.35009765625,2649.969970703125,2649.969970703125,3523520000,1.0619178848439697,0,0.0,0.0,0.0,0.0,0.0,
27/11/2018,2682.169921875,2682.530029296875,2655.889892578125,2663.75,3494380000,1.0733575790340217,0,0.0,0.0,0.0,0.0,0.0,
28/11/2018,2743.7900390625,2744.0,2684.3798828125,2691.449951171875,3984540000,1.2536686232657417,0,0.0,0.0,0.0,0.0,0.0,
29/11/2018,2737.800048828125,2753.75,2722.93994140625,2736.969970703125,3599200000,1.1072199402952752,0,0.0,0.0,0.0,0.0,0.0,
30/11/2018,2760.169921875,2760.8798828125,2732.760009765625,2737.760009765625,4668310000,1.2112927122281065,0,0.0,0.0,0.0,0.0,0.0,
03/12/2018,2790.3701171875,2800.179931640625,2773.3798828125,2790.5,4221580000,1.0570858087510975,0,0.0,0.0,0.0,0.0,0.0,
04/12/2018,2700.06005859375,2785.929931640625,2697.179931640625,2782.429931640625,4515710000,1.0757151010941746,0,0.0,0.0,0.0,0.0,0.0,
06/12/2018,2695.949951171875,2696.14990234375,2621.530029296875,2663.510009765625,5180430000,1.1675402959536592,0,0.0,0.0,0.0,0.0,0.0,
07/12/2018,2633.080078125,2708.5400390625,2623.139892578125,2691.260009765625,4242240000,0.9291637079813757,0,0.0,0.0,0.0,0.0,0.0,
10/12/2018,2637.719970703125,2647.510009765625,2583.22998046875,2630.860107421875,4162880000,0.9324261608289984,0,0.0,0.0,0.0,0.0,0.0,
11/12/2018,2636.780029296875,2674.35009765625,2621.300048828125,2664.43994140625,3963440000,0.8981404687124683,0,0.0,0.0,0.0,0.0,0.0,
12/12/2018,2651.070068359375,2685.43994140625,2650.260009765625,2658.22998046875,4029300000,0.9336467347505294,0,0.0,0.0,0.0,0.0,0.0,
13/12/2018,2650.5400390625,2670.18994140625,2637.27001953125,2658.699951171875,3978340000,0.9762222593025196,0,0.0,0.0,0.0,0.0,0.0,
14/12/2018,2599.949951171875,2635.070068359375,2593.840087890625,2629.679931640625,4064370000,1.0061153570616976,0,0.0,0.0,0.0,0.0,0.0,
17/12/2018,2545.93994140625,2601.1298828125,2530.5400390625,2590.75,4661420000,1.1261171375188614,0,0.0,0.0,0.0,0.0,0.0,
18/12/2018,2546.159912109375,2573.989990234375,2528.7099609375,2559.89990234375,4519190000,1.0632077362696928,0,0.0,0.0,0.0,0.0,0.0,
19/12/2018,2506.9599609375,2585.2900390625,2488.9599609375,2547.050048828125,5152830000,1.151411212384615,0,0.0,0.0,0.0,0.0,0.0,
20/12/2018,2467.419921875,2509.6298828125,2441.179931640625,2496.77001953125,5619780000,1.1699300387757472,0,0.0,0.0,0.0,0.0,0.0,
21/12/2018,2416.6201171875,2504.409912109375,2408.550048828125,2465.3798828125,7657890000,1.3867406996676337,0,0.0,0.0,0.0,0.0,0.0,
24/12/2018,2351.10009765625,2410.340087890625,2351.10009765625,2400.56005859375,2613670000,0.5112140970514049,0,0.0,0.0,0.0,0.0,0.0,
26/12/2018,2467.699951171875,2467.760009765625,2346.580078125,2363.1201171875,4249740000,0.8400717801241485,0,0.0,0.0,0.0,0.0,0.0,
27/12/2018,2488.830078125,2489.10009765625,2397.93994140625,2442.5,4139010000,0.8523465110714169,0,0.0,0.0,0.0,0.0,0.0,
28/12/2018,2485.739990234375,2520.27001953125,2472.889892578125,2498.77001953125,3728440000,0.8326592596728267,0,0.0,0.0,0.0,0.0,0.0,
31/12/2018,2506.85009765625,2509.239990234375,2482.820068359375,2498.93994140625,3461920000,0.9514543681614355,0,0.0,0.0,0.0,0.0,0.0,
02/01/2019,2510.030029296875,2519.489990234375,2467.469970703125,2476.9599609375,3733160000,0.966525426581132,0,0.0,0.0,0.0,0.0,0.0,
03/01/2019,2447.889892578125,2493.139892578125,2443.9599609375,2491.919921875,3858830000,1.01970207215549,0,0.0,0.0,0.0,0.0,0.0,
04/01/2019,2531.93994140625,2538.070068359375,2474.330078125,2474.330078125,4234140000,1.1132811575637775,0,0.0,0.0,0.0,0.0,0.0,
07/01/2019,2549.68994140625,2566.159912109375,2524.56005859375,2535.610107421875,4133120000,1.064075954229328,0,0.0,0.0,0.0,0.0,0.0,
08/01/2019,2574.409912109375,2579.820068359375,2547.56005859375,2568.110107421875,4120060000,1.0259466087231086,0,0.0,0.0,0.0,0.0,0.0,
09/01/2019,2584.9599609375,2595.320068359375,2568.889892578125,2580.0,4088740000,1.000431125393873,0,0.0,0.0,0.0,0.0,0.0,
10/01/2019,2596.639892578125,2597.820068359375,2562.02001953125,2573.510009765625,3721300000,0.9166955702613542,0,0.0,0.0,0.0,0.0,0.0,
11/01/2019,2596.260009765625,2596.27001953125,2577.39990234375,2588.110107421875,3447460000,0.8834802272396451,0,0.0,0.0,0.0,0.0,0.0,
14/01/2019,2582.610107421875,2589.320068359375,2570.409912109375,2580.31005859375,3689370000,0.9674787708351581,0,0.0,0.0,0.0,0.0,0.0,
15/01/2019,2610.300048828125,2613.080078125,2585.10009765625,2585.10009765625,3601180000,0.9707705122640925,0,0.0,0.0,0.0,0.0,0.0,
16/01/2019,2616.10009765625,2625.760009765625,2612.679931640625,2614.75,3882180000,1.0583055138922737,0,0.0,0.0,0.0,0.0,0.0,
17/01/2019,2635.9599609375,2645.06005859375,2606.360107421875,2609.280029296875,3802410000,1.0319960266194783,0,0.0,0.0,0.0,0.0,0.0,
18/01/2019,2670.7099609375,2675.469970703125,2647.580078125,2651.27001953125,4009010000,1.0558834606764063,0,0.0,0.0,0.0,0.0,0.0,
22/01/2019,2632.89990234375,2657.8798828125,2617.27001953125,2657.8798828125,3923950000,1.0208661030151316,0,0.0,0.0,0.0,0.0,0.0,
23/01/2019,2638.699951171875,2653.18994140625,2612.860107421875,2643.47998046875,3358770000,0.8849898188900693,0,0.0,0.0,0.0,0.0,0.0,
24/01/2019,2642.330078125,2647.199951171875,2627.010009765625,2638.840087890625,3449230000,0.9300439995534793,0,0.0,0.0,0.0,0.0,0.0,
25/01/2019,2664.760009765625,2672.3798828125,2657.330078125,2657.43994140625,3821000000,1.0292555312046787,0,0.0,0.0,0.0,0.0,0.0,
28/01/2019,2643.85009765625,2644.969970703125,2624.06005859375,2644.969970703125,3630820000,0.9983683251602941,0,0.0,0.0,0.0,0.0,0.0,
29/01/2019,2640.0,2650.929931640625,2631.050048828125,2644.889892578125,3518070000,0.9894509415909312,0,0.0,0.0,0.0,0.0,0.0,
30/01/2019,2681.050048828125,2690.43994140625,2648.340087890625,2653.6201171875,3883270000,1.060864182218825,0,0.0,0.0,0.0,0.0,0.0,
31/01/2019,2704.10009765625,2708.949951171875,2678.64990234375,2685.489990234375,4953800000,1.2505200192255652,0,0.0,0.0,0.0,0.0,0.0,
01/02/2019,2706.530029296875,2716.659912109375,2696.8798828125,2702.320068359375,3782490000,0.9566986789556086,0,0.0,0.0,0.0,0.0,0.0,
04/02/2019,2724.8701171875,2724.989990234375,2698.75,2706.489990234375,3369450000,0.8636479678147626,0,0.0,0.0,0.0,0.0,0.0,
05/02/2019,2737.699951171875,2738.97998046875,2724.030029296875,2728.340087890625,3597620000,0.9183866749920737,0,0.0,0.0,0.0,0.0,0.0,
06/02/2019,2731.610107421875,2738.080078125,2724.14990234375,2735.050048828125,3486590000,0.9084416582638308,0,0.0,0.0,0.0,0.0,0.0,
07/02/2019,2706.050048828125,2719.320068359375,2687.260009765625,2717.530029296875,4114040000,1.12098021873343,0,0.0,0.0,0.0,0.0,0.0,
08/02/2019,2707.8798828125,2708.070068359375,2681.830078125,2692.360107421875,3649510000,1.0016654581025306,0,0.0,0.0,0.0,0.0,0.0,
11/02/2019,2709.800048828125,2718.050048828125,2703.7900390625,2712.39990234375,3395330000,0.9305797427957654,0,0.0,0.0,0.0,0.0,0.0,
12/02/2019,2744.72998046875,2748.18994140625,2722.610107421875,2722.610107421875,3843020000,1.0393006676045475,0,0.0,0.0,0.0,0.0,0.0,
13/02/2019,2753.030029296875,2761.85009765625,2748.6298828125,2750.300048828125,3684910000,0.9859655018700356,0,0.0,0.0,0.0,0.0,0.0,
14/02/2019,2745.72998046875,2757.89990234375,2731.22998046875,2743.5,3845390000,1.0439126383960178,0,0.0,0.0,0.0,0.0,0.0,
15/02/2019,2775.60009765625,2775.659912109375,2760.239990234375,2760.239990234375,3648680000,0.9905561772526202,0,0.0,0.0,0.0,0.0,0.0,
19/02/2019,2779.760009765625,2787.330078125,2767.2900390625,2769.280029296875,3535270000,0.9525296554935074,0,0.0,0.0,0.0,0.0,0.0,
20/02/2019,2784.699951171875,2789.8798828125,2774.06005859375,2779.050048828125,3904830000,1.0486098131594042,0,0.0,0.0,0.0,0.0,0.0,
21/02/2019,2774.8798828125,2781.580078125,2764.550048828125,2780.239990234375,3598260000,0.9708009149366813,0,0.0,0.0,0.0,0.0,0.0,
22/02/2019,2792.669921875,2794.199951171875,2779.110107421875,2780.669921875,3429350000,0.9464771955119093,0,0.0,0.0,0.0,0.0,0.0,
25/02/2019,2796.110107421875,2813.489990234375,2794.989990234375,2804.35009765625,3860260000,1.0531062632686543,0,0.0,0.0,0.0,0.0,0.0,
26/02/2019,2793.89990234375,2803.1201171875,2789.469970703125,2792.360107421875,3676200000,0.9952406477916931,0,0.0,0.0,0.0,0.0,0.0,
27/02/2019,2792.3798828125,2795.760009765625,2775.1298828125,2787.5,3771790000,1.0285282501066217,0,0.0,0.0,0.0,0.0,0.0,
28/02/2019,2784.489990234375,2793.72998046875,2782.510009765625,2788.110107421875,4445780000,1.1587582584508047,0,0.0,0.0,0.0,0.0,0.0,
01/03/2019,2803.68994140625,2808.02001953125,2787.3798828125,2798.219970703125,3994950000,1.0114319828163276,0,0.0,0.0,0.0,0.0,0.0,
04/03/2019,2792.81005859375,2816.8798828125,2767.659912109375,2814.3701171875,3949730000,0.9954734366848217,0,0.0,0.0,0.0,0.0,0.0,
05/03/2019,2789.64990234375,2796.43994140625,2782.969970703125,2794.409912109375,3631380000,0.9173102659795096,0,0.0,0.0,0.0,0.0,0.0,
06/03/2019,2771.449951171875,2790.27001953125,2768.68994140625,2790.27001953125,3800180000,0.9585753621477529,0,0.0,0.0,0.0,0.0,0.0,
07/03/2019,2748.929931640625,2767.25,2739.090087890625,2766.530029296875,3932150000,1.018249061677333,0,0.0,0.0,0.0,0.0,0.0,
08/03/2019,2743.070068359375,2744.1298828125,2722.27001953125,2730.7900390625,3424300000,0.9137441334974229,0,0.0,0.0,0.0,0.0,0.0,
11/03/2019,2783.300048828125,2784.0,2747.610107421875,2747.610107421875,3764850000,1.0146279333752317,0,0.0,0.0,0.0,0.0,0.0,
12/03/2019,2791.52001953125,2798.320068359375,2786.72998046875,2787.340087890625,3432340000,0.9350478537982828,0,0.0,0.0,0.0,0.0,0.0,
13/03/2019,2810.919921875,2821.239990234375,2799.780029296875,2799.780029296875,3782250000,1.031378896797483,0,0.0,0.0,0.0,0.0,0.0,
14/03/2019,2808.47998046875,2815.0,2803.4599609375,2810.3798828125,3505670000,0.9787229171703591,0,0.0,0.0,0.0,0.0,0.0,
15/03/2019,2822.47998046875,2830.72998046875,2810.7900390625,2810.7900390625,5969780000,1.4592549752161952,0,0.0,0.0,0.0,0.0,0.0,
18/03/2019,2832.93994140625,2835.409912109375,2821.989990234375,2822.610107421875,3620770000,0.8913406210781353,0,0.0,0.0,0.0,0.0,0.0,
19/03/2019,2832.570068359375,2852.419921875,2823.27001953125,2840.760009765625,3650740000,0.8891574493124674,0,0.0,0.0,0.0,0.0,0.0,
20/03/2019,2824.22998046875,2843.5400390625,2812.429931640625,2831.340087890625,3779160000,0.9205733962385487,0,0.0,0.0,0.0,0.0,0.0,
21/03/2019,2854.8798828125,2860.31005859375,2817.3798828125,2819.719970703125,3612620000,0.8754441292546383,0,0.0,0.0,0.0,0.0,0.0,
22/03/2019,2800.7099609375,2846.159912109375,2800.469970703125,2844.52001953125,4253730000,1.1243129203225455,0,0.0,0.0,0.0,0.0,0.0,
25/03/2019,2798.360107421875,2809.7900390625,2785.02001953125,2796.010009765625,3406110000,0.9106096770674931,0,0.0,0.0,0.0,0.0,0.0,
26/03/2019,2818.4599609375,2829.8701171875,2803.989990234375,2812.659912109375,3288570000,0.896547418538194,0,0.0,0.0,0.0,0.0,0.0,
27/03/2019,2805.3701171875,2825.56005859375,2787.719970703125,2819.719970703125,3422400000,0.9515426145067988,0,0.0,0.0,0.0,0.0,0.0,
28/03/2019,2815.43994140625,2819.7099609375,2798.77001953125,2809.39990234375,3185460000,0.9072143456440349,0,0.0,0.0,0.0,0.0,0.0,
29/03/2019,2834.39990234375,2836.030029296875,2819.22998046875,2828.27001953125,3752520000,1.1001192607941572,0,0.0,0.0,0.0,0.0,0.0,
01/04/2019,2867.18994140625,2869.39990234375,2848.6298828125,2848.6298828125,3560090000,1.0343662400691729,0,0.0,0.0,0.0,0.0,0.0,
02/04/2019,2867.239990234375,2872.89990234375,2858.75,2868.239990234375,3267210000,0.9504511370935461,0,0.0,0.0,0.0,0.0,0.0,
03/04/2019,2873.39990234375,2885.25,2865.169921875,2876.090087890625,3570000000,1.0296920499697726,0,0.0,0.0,0.0,0.0,0.0,
04/04/2019,2879.389892578125,2881.280029296875,2867.139892578125,2873.989990234375,3038740000,0.8839425757596914,0,0.0,0.0,0.0,0.0,0.0,
05/04/2019,2892.739990234375,2893.239990234375,2882.989990234375,2884.159912109375,3155970000,0.951051138469661,0,0.0,0.0,0.0,0.0,0.0,
08/04/2019,2895.77001953125,2895.949951171875,2880.780029296875,2888.4599609375,3056460000,0.9498967577841896,0,0.0,0.0,0.0,0.0,0.0,
09/04/2019,2878.199951171875,2886.8798828125,2873.330078125,2886.580078125,3032480000,0.9563980534451058,0,0.0,0.0,0.0,0.0,0.0,
10/04/2019,2888.2099609375,2889.7099609375,2879.1298828125,2881.3701171875,3092230000,1.0055456988478058,0,0.0,0.0,0.0,0.0,0.0,
11/04/2019,2888.320068359375,2893.419921875,2881.989990234375,2891.919921875,2970650000,0.9703066216612587,0,0.0,0.0,0.0,0.0,0.0,
12/04/2019,2907.409912109375,2910.5400390625,2898.3701171875,2900.860107421875,3726050000,1.173346928775711,0,0.0,0.0,0.0,0.0,0.0,
15/04/2019,2905.580078125,2909.60009765625,2896.47998046875,2908.320068359375,3114530000,0.9772031019193095,0,0.0,0.0,0.0,0.0,0.0,
16/04/2019,2907.06005859375,2916.06005859375,2900.7099609375,2912.260009765625,3403120000,1.0434806072150016,0,0.0,0.0,0.0,0.0,0.0,
17/04/2019,2900.449951171875,2918.0,2895.449951171875,2916.0400390625,3648100000,1.0817229999199405,0,0.0,0.0,0.0,0.0,0.0,
18/04/2019,2905.030029296875,2908.39990234375,2891.89990234375,2904.81005859375,3507100000,1.0078510710447213,0,0.0,0.0,0.0,0.0,0.0,
22/04/2019,2907.969970703125,2909.510009765625,2896.35009765625,2898.780029296875,3010130000,0.9021559697368216,0,0.0,0.0,0.0,0.0,0.0,
23/04/2019,2933.679931640625,2936.31005859375,2908.530029296875,2909.989990234375,3674480000,1.0655033686270257,0,0.0,0.0,0.0,0.0,0.0,
24/04/2019,2927.25,2936.830078125,2926.050048828125,2934.0,3468480000,1.001970731944057,0,0.0,0.0,0.0,0.0,0.0,
25/04/2019,2926.169921875,2933.10009765625,2912.840087890625,2928.989990234375,3440010000,1.0058391129928306,0,0.0,0.0,0.0,0.0,0.0,
26/04/2019,2939.8798828125,2939.8798828125,2917.56005859375,2925.81005859375,3264390000,0.9682313321852779,0,0.0,0.0,0.0,0.0,0.0,
29/04/2019,2943.030029296875,2949.52001953125,2939.35009765625,2940.580078125,3150390000,0.9267079466399964,0,0.0,0.0,0.0,0.0,0.0,
30/04/2019,2945.830078125,2948.219970703125,2924.110107421875,2937.139892578125,3939760000,1.141097478252659,0,0.0,0.0,0.0,0.0,0.0,
01/05/2019,2923.72998046875,2954.1298828125,2923.360107421875,2952.330078125,3669330000,1.050548331756746,0,0.0,0.0,0.0,0.0,0.0,
02/05/2019,2917.52001953125,2931.679931640625,2900.5,2922.159912109375,3802290000,1.0664916055953721,0,0.0,0.0,0.0,0.0,0.0,
03/05/2019,2945.639892578125,2947.85009765625,2929.2099609375,2929.2099609375,3357180000,0.9367680583962787,0,0.0,0.0,0.0,0.0,0.0,
06/05/2019,2932.469970703125,2937.320068359375,2898.2099609375,2908.889892578125,3203260000,0.8911896513541756,0,0.0,0.0,0.0,0.0,0.0,
07/05/2019,2884.050048828125,2913.030029296875,2862.60009765625,2913.030029296875,3793060000,1.063964786772824,0,0.0,0.0,0.0,0.0,0.0,
08/05/2019,2879.419921875,2897.9599609375,2873.280029296875,2879.610107421875,3543110000,1.0009407364299476,0,0.0,0.0,0.0,0.0,0.0,
09/05/2019,2870.719970703125,2875.969970703125,2836.39990234375,2859.840087890625,3659050000,1.0421282936671137,0,0.0,0.0,0.0,0.0,0.0,
10/05/2019,2881.39990234375,2891.31005859375,2825.389892578125,2863.10009765625,3566780000,1.0038637205422267,0,0.0,0.0,0.0,0.0,0.0,
13/05/2019,2811.8701171875,2840.18994140625,2801.429931640625,2840.18994140625,3900270000,1.056281269854682,0,0.0,0.0,0.0,0.0,0.0,
14/05/2019,2834.409912109375,2852.5400390625,2820.1201171875,2820.1201171875,3354860000,0.930661054911571,0,0.0,0.0,0.0,0.0,0.0,
15/05/2019,2850.9599609375,2858.679931640625,2815.080078125,2820.3798828125,3140900000,0.8911942326178962,0,0.0,0.0,0.0,0.0,0.0,
16/05/2019,2876.320068359375,2892.14990234375,2855.800048828125,2855.800048828125,3338470000,0.964804338176135,0,0.0,0.0,0.0,0.0,0.0,
17/05/2019,2859.530029296875,2885.47998046875,2854.22998046875,2858.60009765625,3316040000,0.9724149499077449,0,0.0,0.0,0.0,0.0,0.0,
20/05/2019,2840.22998046875,2853.860107421875,2831.2900390625,2841.93994140625,3293750000,1.001503890167976,0,0.0,0.0,0.0,0.0,0.0,
21/05/2019,2864.360107421875,2868.8798828125,2854.02001953125,2854.02001953125,3223050000,0.987925609098951,0,0.0,0.0,0.0,0.0,0.0,
22/05/2019,2856.27001953125,2865.469970703125,2851.110107421875,2856.06005859375,3194000000,0.9758446372234929,0,0.0,0.0,0.0,0.0,0.0,
23/05/2019,2822.239990234375,2836.699951171875,2805.489990234375,2836.699951171875,3899320000,1.1518619698738521,0,0.0,0.0,0.0,0.0,0.0,
24/05/2019,2826.06005859375,2841.360107421875,2820.18994140625,2832.409912109375,2889230000,0.8755587341319506,0,0.0,0.0,0.0,0.0,0.0,
28/05/2019,2802.389892578125,2840.510009765625,2801.580078125,2830.030029296875,4146980000,1.1949174128573388,0,0.0,0.0,0.0,0.0,0.0,
29/05/2019,2783.02001953125,2792.030029296875,2766.06005859375,2790.25,3701110000,1.0378511371437031,0,0.0,0.0,0.0,0.0,0.0,
30/05/2019,2788.860107421875,2799.0,2776.739990234375,2786.93994140625,3276030000,0.9144449152471407,0,0.0,0.0,0.0,0.0,0.0,
31/05/2019,2752.06005859375,2768.97998046875,2750.52001953125,2766.14990234375,3982670000,1.1065418909292166,0,0.0,0.0,0.0,0.0,0.0,
03/06/2019,2744.449951171875,2763.070068359375,2728.81005859375,2751.530029296875,3952360000,1.0368668067568596,0,0.0,0.0,0.0,0.0,0.0,
04/06/2019,2803.27001953125,2804.489990234375,2762.639892578125,2762.639892578125,3814130000,1.0183885764940217,0,0.0,0.0,0.0,0.0,0.0,
05/06/2019,2826.14990234375,2827.280029296875,2800.919921875,2818.090087890625,3570760000,0.9600907724531417,0,0.0,0.0,0.0,0.0,0.0,
06/06/2019,2843.489990234375,2852.10009765625,2822.449951171875,2828.510009765625,3445140000,0.9179666891552705,0,0.0,0.0,0.0,0.0,0.0,
07/06/2019,2873.340087890625,2884.969970703125,2852.8701171875,2852.8701171875,3244380000,0.899878347590833,0,0.0,0.0,0.0,0.0,0.0,
10/06/2019,2886.72998046875,2904.77001953125,2885.510009765625,2885.830078125,3209890000,0.9285565513211411,0,0.0,0.0,0.0,0.0,0.0,
11/06/2019,2885.719970703125,2910.610107421875,2878.530029296875,2903.27001953125,3551000000,1.0431127824938005,0,0.0,0.0,0.0,0.0,0.0,
12/06/2019,2879.840087890625,2888.570068359375,2874.679931640625,2882.72998046875,3039870000,0.9217157016133141,0,0.0,0.0,0.0,0.0,0.0,
13/06/2019,2891.639892578125,2895.239990234375,2881.989990234375,2886.239990234375,3100640000,0.9602013653103164,0,0.0,0.0,0.0,0.0,0.0,
14/06/2019,2886.97998046875,2894.449951171875,2879.6201171875,2886.820068359375,2992810000,0.9414780602496129,0,0.0,0.0,0.0,0.0,0.0,
17/06/2019,2889.669921875,2897.27001953125,2887.300048828125,2889.75,2828400000,0.9116389646689942,0,0.0,0.0,0.0,0.0,0.0,
18/06/2019,2917.75,2930.7900390625,2905.43994140625,2906.7099609375,3441540000,1.1171466299991042,0,0.0,0.0,0.0,0.0,0.0,
19/06/2019,2926.4599609375,2931.739990234375,2911.429931640625,2920.550048828125,3300220000,1.0534672403105032,0,0.0,0.0,0.0,0.0,0.0,
20/06/2019,2954.179931640625,2958.06005859375,2931.5,2949.60009765625,3943060000,1.1944301567366593,0,0.0,0.0,0.0,0.0,0.0,
21/06/2019,2950.4599609375,2964.14990234375,2946.8701171875,2952.7099609375,5003540000,1.351084098946036,0,0.0,0.0,0.0,0.0,0.0,
24/06/2019,2945.35009765625,2954.919921875,2944.050048828125,2951.419921875,3136960000,0.8331757441573371,0,0.0,0.0,0.0,0.0,0.0,
25/06/2019,2917.3798828125,2946.52001953125,2916.010009765625,2945.780029296875,3579430000,0.943782724549272,0,0.0,0.0,0.0,0.0,0.0,
26/06/2019,2913.780029296875,2932.590087890625,2912.989990234375,2926.070068359375,3511350000,0.9156377742336894,0,0.0,0.0,0.0,0.0,0.0,
27/06/2019,2924.919921875,2929.300048828125,2918.570068359375,2919.659912109375,3162500000,0.859665604351036,0,0.0,0.0,0.0,0.0,0.0,
28/06/2019,2941.760009765625,2943.97998046875,2929.050048828125,2932.93994140625,5422650000,1.4412060029054548,0,0.0,0.0,0.0,0.0,0.0,
01/07/2019,2964.330078125,2977.929931640625,2952.219970703125,2971.409912109375,3524860000,0.9178945241315591,0,0.0,0.0,0.0,0.0,0.0,
02/07/2019,2973.010009765625,2973.2099609375,2955.919921875,2964.659912109375,3224490000,0.8554907313811794,0,0.0,0.0,0.0,0.0,0.0,
03/07/2019,2995.820068359375,2995.840087890625,2977.9599609375,2978.080078125,1963570000,0.5675690987491668,0,0.0,0.0,0.0,0.0,0.0,
05/07/2019,2990.409912109375,2994.030029296875,2967.969970703125,2984.25,2434680000,0.7346539732351655,0,0.0,0.0,0.0,0.0,0.0,
08/07/2019,2975.949951171875,2980.760009765625,2970.090087890625,2979.77001953125,2922360000,1.038510415097129,0,0.0,0.0,0.0,0.0,0.0,
09/07/2019,2979.6298828125,2981.89990234375,2963.43994140625,2965.52001953125,3033330000,1.116966394494798,0,0.0,0.0,0.0,0.0,0.0,
10/07/2019,2993.070068359375,3002.97998046875,2984.6201171875,2989.300048828125,3157800000,1.168539359105489,0,0.0,0.0,0.0,0.0,0.0,
11/07/2019,2999.909912109375,3002.330078125,2988.800048828125,2999.6201171875,3155710000,1.073087511595579,0,0.0,0.0,0.0,0.0,0.0,
12/07/2019,3013.77001953125,3013.919921875,3001.8701171875,3003.360107421875,2984140000,0.9781923172236375,0,0.0,0.0,0.0,0.0,0.0,
15/07/2019,3014.300048828125,3017.800048828125,3008.77001953125,3017.800048828125,2876100000,0.9456450548034205,0,0.0,0.0,0.0,0.0,0.0,
16/07/2019,3004.0400390625,3015.02001953125,3001.14990234375,3012.1298828125,3297030000,1.0655668298560255,0,0.0,0.0,0.0,0.0,0.0,
17/07/2019,2984.419921875,3005.260009765625,2984.25,3005.10009765625,3185650000,1.027719869433621,0,0.0,0.0,0.0,0.0,0.0,
18/07/2019,2995.110107421875,2998.280029296875,2973.090087890625,2978.8701171875,3369820000,1.0723209319316682,0,0.0,0.0,0.0,0.0,0.0,
19/07/2019,2976.610107421875,3006.02001953125,2975.860107421875,3004.260009765625,3285890000,1.0259115338671416,0,0.0,0.0,0.0,0.0,0.0,
22/07/2019,2985.030029296875,2990.7099609375,2976.64990234375,2981.929931640625,3016200000,0.9335427268658629,0,0.0,0.0,0.0,0.0,0.0,
23/07/2019,3005.469970703125,3005.89990234375,2988.56005859375,2994.739990234375,3333810000,1.0295021360144323,0,0.0,0.0,0.0,0.0,0.0,
24/07/2019,3019.56005859375,3019.590087890625,2996.820068359375,2998.77001953125,3433220000,1.0442339956225888,0,0.0,0.0,0.0,0.0,0.0,
25/07/2019,3003.669921875,3016.31005859375,2997.239990234375,3016.260009765625,3657050000,1.0932120144659536,0,0.0,0.0,0.0,0.0,0.0,
26/07/2019,3025.860107421875,3027.97998046875,3012.590087890625,3013.25,3260170000,0.9760725010403911,0,0.0,0.0,0.0,0.0,0.0,
29/07/2019,3020.969970703125,3025.610107421875,3014.300048828125,3024.469970703125,3224490000,0.9534980134533975,0,0.0,0.0,0.0,0.0,0.0,
30/07/2019,3013.179931640625,3017.18994140625,3000.93994140625,3007.659912109375,3632770000,1.0555652411420469,0,0.0,0.0,0.0,0.0,0.0,
31/07/2019,2980.3798828125,3017.39990234375,2958.080078125,3016.219970703125,4626330000,1.2570995515958265,0,0.0,0.0,0.0,0.0,0.0,
01/08/2019,2953.56005859375,3013.590087890625,2945.22998046875,2980.320068359375,4793810000,1.2268183812009374,0,0.0,0.0,0.0,0.0,0.0,
02/08/2019,2932.050048828125,2945.5,2914.110107421875,2943.89990234375,3882810000,0.9629884807747539,0,0.0,0.0,0.0,0.0,0.0,
05/08/2019,2844.739990234375,2898.070068359375,2822.1201171875,2898.070068359375,4542850000,1.0575308318943022,0,0.0,0.0,0.0,0.0,0.0,
06/08/2019,2881.77001953125,2884.39990234375,2847.419921875,2861.179931640625,4156640000,0.944586145900182,0,0.0,0.0,0.0,0.0,0.0,
07/08/2019,2883.97998046875,2892.169921875,2825.7099609375,2858.64990234375,4512720000,1.0308271387735206,0,0.0,0.0,0.0,0.0,0.0,
08/08/2019,2938.090087890625,2938.719970703125,2894.469970703125,2896.2099609375,4118530000,0.9707309714781355,0,0.0,0.0,0.0,0.0,0.0,
09/08/2019,2918.64990234375,2935.75,2900.14990234375,2930.510009765625,3356850000,0.8113197332313721,0,0.0,0.0,0.0,0.0,0.0,
12/08/2019,2882.699951171875,2907.580078125,2873.139892578125,2907.070068359375,3328570000,0.8546492609628256,0,0.0,0.0,0.0,0.0,0.0,
13/08/2019,2926.320068359375,2943.31005859375,2877.050048828125,2880.719970703125,3857190000,1.005845979891373,0,0.0,0.0,0.0,0.0,0.0,
14/08/2019,2840.60009765625,2894.14990234375,2839.639892578125,2894.14990234375,4325150000,1.1390192607402498,0,0.0,0.0,0.0,0.0,0.0,
15/08/2019,2847.60009765625,2856.669921875,2825.510009765625,2846.199951171875,4041720000,1.0687020478617075,0,0.0,0.0,0.0,0.0,0.0,
16/08/2019,2888.679931640625,2893.6298828125,2864.739990234375,2864.739990234375,3524080000,0.9236603166898275,0,0.0,0.0,0.0,0.0,0.0,
19/08/2019,2923.64990234375,2931.0,2913.47998046875,2913.47998046875,3221050000,0.8490214922197521,0,0.0,0.0,0.0,0.0,0.0,
20/08/2019,2900.510009765625,2923.6298828125,2899.60009765625,2919.010009765625,3067710000,0.843718079111273,0,0.0,0.0,0.0,0.0,0.0,
21/08/2019,2924.429931640625,2928.72998046875,2917.909912109375,2922.0400390625,3016540000,0.8939962420944693,0,0.0,0.0,0.0,0.0,0.0,
22/08/2019,2922.949951171875,2939.080078125,2904.510009765625,2930.93994140625,2893660000,0.9201973664126022,0,0.0,0.0,0.0,0.0,0.0,
23/08/2019,2847.110107421875,2927.010009765625,2834.969970703125,2911.070068359375,3942520000,1.2212386968233395,0,0.0,0.0,0.0,0.0,0.0,
26/08/2019,2878.3798828125,2879.27001953125,2856.0,2866.699951171875,2859790000,0.9061312199703173,0,0.0,0.0,0.0,0.0,0.0,
27/08/2019,2869.159912109375,2898.7900390625,2860.590087890625,2893.139892578125,3537490000,1.0884584615384616,0,0.0,0.0,0.0,0.0,0.0,
28/08/2019,2887.93994140625,2890.030029296875,2853.050048828125,2861.280029296875,3102480000,0.9495872291401658,0,0.0,0.0,0.0,0.0,0.0,
29/08/2019,2924.580078125,2930.5,2905.669921875,2910.3701171875,3177150000,0.955854081638179,0,0.0,0.0,0.0,0.0,0.0,
30/08/2019,2926.4599609375,2940.429931640625,2913.320068359375,2937.090087890625,3009910000,0.9593754502187186,0,0.0,0.0,0.0,0.0,0.0,
03/09/2019,2906.27001953125,2914.389892578125,2891.85009765625,2909.010009765625,3427830000,1.0544015758979162,0,0.0,0.0,0.0,0.0,0.0,
04/09/2019,2937.780029296875,2938.840087890625,2921.860107421875,2924.669921875,3167900000,0.9971187143813105,0,0.0,0.0,0.0,0.0,0.0,
05/09/2019,2976.0,2985.860107421875,2960.60009765625,2960.60009765625,3902600000,1.1694662216466023,0,0.0,0.0,0.0,0.0,0.0,
06/09/2019,2978.7099609375,2985.030029296875,2972.510009765625,2980.330078125,3209340000,0.9598697897662222,0,0.0,0.0,0.0,0.0,0.0,
09/09/2019,2978.429931640625,2989.429931640625,2969.389892578125,2988.429931640625,4031120000,1.136244354885536,0,0.0,0.0,0.0,0.0,0.0,
10/09/2019,2979.389892578125,2979.389892578125,2957.010009765625,2971.010009765625,4393040000,1.1743584260051325,0,0.0,0.0,0.0,0.0,0.0,
11/09/2019,3000.929931640625,3000.929931640625,2975.31005859375,2981.409912109375,3934370000,1.010342842263181,0,0.0,0.0,0.0,0.0,0.0,
12/09/2019,3009.570068359375,3020.739990234375,3000.919921875,3009.080078125,3796990000,0.9803814744852274,0,0.0,0.0,0.0,0.0,0.0,
13/09/2019,3007.389892578125,3017.330078125,3002.89990234375,3012.2099609375,3557010000,0.9022205673244378,0,0.0,0.0,0.0,0.0,0.0,
16/09/2019,2997.9599609375,3002.18994140625,2990.669921875,2996.409912109375,4285860000,1.0732213267011463,0,0.0,0.0,0.0,0.0,0.0,
17/09/2019,3005.699951171875,3006.2099609375,2993.72998046875,2995.669921875,3673250000,0.9542158246170408,0,0.0,0.0,0.0,0.0,0.0,
18/09/2019,3006.72998046875,3007.830078125,2978.570068359375,3001.5,3458800000,0.9212701318086439,0,0.0,0.0,0.0,0.0,0.0,
19/09/2019,3006.7900390625,3021.989990234375,3003.159912109375,3010.360107421875,3265660000,0.8951634213385758,0,0.0,0.0,0.0,0.0,0.0,
20/09/2019,2992.070068359375,3016.3701171875,2984.679931640625,3008.419921875,6103440000,1.468089927315184,0,0.0,0.0,0.0,0.0,0.0,
23/09/2019,2991.780029296875,2999.14990234375,2982.22998046875,2983.5,3187250000,0.8094233152516203,0,0.0,0.0,0.0,0.0,0.0,
24/09/2019,2966.60009765625,3007.97998046875,2957.72998046875,3002.429931640625,3872800000,0.9736549015861363,0,0.0,0.0,0.0,0.0,0.0,
25/09/2019,2984.8701171875,2989.820068359375,2952.860107421875,2968.35009765625,3331200000,0.8429000498472952,0,0.0,0.0,0.0,0.0,0.0,
26/09/2019,2977.6201171875,2987.280029296875,2963.7099609375,2985.72998046875,3084910000,0.7877867780751394,0,0.0,0.0,0.0,0.0,0.0,
27/09/2019,2961.7900390625,2987.31005859375,2945.530029296875,2985.469970703125,3246480000,0.9706840546707937,0,0.0,0.0,0.0,0.0,0.0,
30/09/2019,2976.739990234375,2983.85009765625,2967.070068359375,2967.070068359375,3249130000,0.967894822133728,0,0.0,0.0,0.0,0.0,0.0,
01/10/2019,2940.25,2992.530029296875,2938.699951171875,2983.68994140625,3560750000,1.0808184807742858,0,0.0,0.0,0.0,0.0,0.0,
02/10/2019,2887.610107421875,2924.780029296875,2874.929931640625,2924.780029296875,3914180000,1.1474865805358405,0,0.0,0.0,0.0,0.0,0.0,
03/10/2019,2910.6298828125,2911.1298828125,2855.93994140625,2885.3798828125,3515130000,1.0051459280656674,0,0.0,0.0,0.0,0.0,0.0,
04/10/2019,2952.010009765625,2953.739990234375,2918.56005859375,2918.56005859375,3005600000,0.87145160944262,0,0.0,0.0,0.0,0.0,0.0,
07/10/2019,2938.7900390625,2959.75,2935.679931640625,2944.22998046875,2959050000,0.8726336221616294,0,0.0,0.0,0.0,0.0,0.0,
08/10/2019,2893.06005859375,2925.469970703125,2892.659912109375,2920.39990234375,3370700000,1.0052992425733656,0,0.0,0.0,0.0,0.0,0.0,
09/10/2019,2919.39990234375,2929.320068359375,2907.409912109375,2911.10009765625,2735350000,0.8775118168233581,0,0.0,0.0,0.0,0.0,0.0,
10/10/2019,2938.1298828125,2948.4599609375,2917.1201171875,2918.550048828125,3234400000,1.056641250302187,0,0.0,0.0,0.0,0.0,0.0,
11/10/2019,2970.27001953125,2993.280029296875,2963.070068359375,2963.070068359375,3581320000,1.1275614231506936,0,0.0,0.0,0.0,0.0,0.0,
14/10/2019,2966.14990234375,2972.840087890625,2962.93994140625,2965.81005859375,2559270000,0.8265820642540811,0,0.0,0.0,0.0,0.0,0.0,
15/10/2019,2995.679931640625,3003.280029296875,2973.610107421875,2973.610107421875,3345090000,1.0821730615065386,0,0.0,0.0,0.0,0.0,0.0,
16/10/2019,2989.68994140625,2997.5400390625,2985.199951171875,2989.679931640625,3230320000,1.0126141037215368,0,0.0,0.0,0.0,0.0,0.0,
17/10/2019,2997.949951171875,3008.2900390625,2991.7900390625,3000.77001953125,3103470000,0.9809020150485446,0,0.0,0.0,0.0,0.0,0.0,
18/10/2019,2986.199951171875,3000.0,2976.31005859375,2996.840087890625,3268970000,1.0540222813778446,0,0.0,0.0,0.0,0.0,0.0,
21/10/2019,3006.719970703125,3007.330078125,2995.35009765625,2996.47998046875,3271960000,1.0086308039366676,0,0.0,0.0,0.0,0.0,0.0,
22/10/2019,2995.989990234375,3014.570068359375,2995.0400390625,3010.72998046875,3527540000,1.075321327670699,0,0.0,0.0,0.0,0.0,0.0,
23/10/2019,3004.52001953125,3004.780029296875,2991.2099609375,2994.010009765625,3413600000,1.029089194563457,0,0.0,0.0,0.0,0.0,0.0,
24/10/2019,3010.2900390625,3016.070068359375,3000.419921875,3014.780029296875,3696510000,1.0759067396723128,0,0.0,0.0,0.0,0.0,0.0,
25/10/2019,3022.550048828125,3027.389892578125,3001.93994140625,3003.320068359375,3379060000,0.9772469484350156,0,0.0,0.0,0.0,0.0,0.0,
28/10/2019,3039.419921875,3044.080078125,3032.1201171875,3032.1201171875,3524970000,1.00474127905651,0,0.0,0.0,0.0,0.0,0.0,
29/10/2019,3036.889892578125,3047.8701171875,3034.81005859375,3035.389892578125,3594430000,1.0206479004257587,0,0.0,0.0,0.0,0.0,0.0,
30/10/2019,3046.77001953125,3050.10009765625,3025.9599609375,3039.739990234375,3779660000,1.0513874277245205,0,0.0,0.0,0.0,0.0,0.0,
31/10/2019,3037.56005859375,3046.89990234375,3023.18994140625,3046.89990234375,4149310000,1.1258515159194744,0,0.0,0.0,0.0,0.0,0.0,
01/11/2019,3066.909912109375,3066.949951171875,3050.719970703125,3050.719970703125,3956290000,1.0408736594077452,0,0.0,0.0,0.0,0.0,0.0,
04/11/2019,3078.27001953125,3085.199951171875,3074.8701171875,3078.9599609375,4178040000,1.0626964557962695,0,0.0,0.0,0.0,0.0,0.0,
05/11/2019,3074.6201171875,3083.949951171875,3072.14990234375,3080.800048828125,4490590000,1.0923941891291624,0,0.0,0.0,0.0,0.0,0.0,
06/11/2019,3076.780029296875,3078.340087890625,3065.889892578125,3075.10009765625,4465510000,1.0512157870105754,0,0.0,0.0,0.0,0.0,0.0,
07/11/2019,3085.179931640625,3097.77001953125,3080.22998046875,3087.02001953125,4151990000,0.9772874277036232,0,0.0,0.0,0.0,0.0,0.0,
08/11/2019,3093.080078125,3093.090087890625,3073.580078125,3081.25,3508160000,0.8435392600564866,0,0.0,0.0,0.0,0.0,0.0,
11/11/2019,3087.010009765625,3088.330078125,3075.820068359375,3080.330078125,3041120000,0.7735317593350484,0,0.0,0.0,0.0,0.0,0.0,
12/11/2019,3091.840087890625,3102.610107421875,3084.72998046875,3089.280029296875,3495560000,0.9365277880480154,0,0.0,0.0,0.0,0.0,0.0,
13/11/2019,3094.0400390625,3098.06005859375,3078.800048828125,3084.179931640625,3513720000,0.9919850032890001,0,0.0,0.0,0.0,0.0,0.0,
14/11/2019,3096.6298828125,3098.199951171875,3083.260009765625,3090.75,3282090000,0.974454667723633,0,0.0,0.0,0.0,0.0,0.0,
15/11/2019,3120.4599609375,3120.4599609375,3104.60009765625,3107.919921875,3359800000,1.0063927717527075,0,0.0,0.0,0.0,0.0,0.0,
18/11/2019,3122.030029296875,3124.169921875,3112.06005859375,3117.909912109375,3440140000,1.0064003285880367,0,0.0,0.0,0.0,0.0,0.0,
19/11/2019,3120.179931640625,3127.639892578125,3113.469970703125,3127.449951171875,3613670000,1.0499104560176926,0,0.0,0.0,0.0,0.0,0.0,
20/11/2019,3108.4599609375,3118.969970703125,3091.409912109375,3114.659912109375,4041010000,1.139165606248284,0,0.0,0.0,0.0,0.0,0.0,
21/11/2019,3103.5400390625,3110.110107421875,3094.550048828125,3108.489990234375,3744010000,1.028651607291318,0,0.0,0.0,0.0,0.0,0.0,
22/11/2019,3110.2900390625,3112.8701171875,3099.260009765625,3111.409912109375,3235270000,0.8950016874975794,0,0.0,0.0,0.0,0.0,0.0,
25/11/2019,3133.639892578125,3133.830078125,3117.43994140625,3117.43994140625,3514310000,0.9682217643885616,0,0.0,0.0,0.0,0.0,0.0,
26/11/2019,3140.52001953125,3142.68994140625,3131.0,3134.85009765625,4600450000,1.2021003342034644,0,0.0,0.0,0.0,0.0,0.0,
27/11/2019,3153.6298828125,3154.260009765625,3143.409912109375,3145.489990234375,3035470000,0.8371627253025592,0,0.0,0.0,0.0,0.0,0.0,
29/11/2019,3140.97998046875,3150.300048828125,3139.340087890625,3147.179931640625,1743420000,0.540463961629173,0,0.0,0.0,0.0,0.0,0.0,
02/12/2019,3113.8701171875,3144.31005859375,3110.780029296875,3143.85009765625,3285750000,1.0154115727406454,0,0.0,0.0,0.0,0.0,0.0,
03/12/2019,3093.199951171875,3094.969970703125,3070.330078125,3087.409912109375,3671580000,1.123723500566517,0,0.0,0.0,0.0,0.0,0.0,
04/12/2019,3112.760009765625,3119.3798828125,3102.530029296875,3103.5,3702980000,1.1992136898284884,0,0.0,0.0,0.0,0.0,0.0,
05/12/2019,3117.429931640625,3119.449951171875,3103.760009765625,3119.2099609375,3360480000,1.0658574073803888,0,0.0,0.0,0.0,0.0,0.0,
06/12/2019,3145.909912109375,3150.60009765625,3134.6201171875,3134.6201171875,3483310000,0.9949983146805605,0,0.0,0.0,0.0,0.0,0.0,
09/12/2019,3135.9599609375,3148.8701171875,3135.4599609375,3141.860107421875,3400470000,0.9650107101383634,0,0.0,0.0,0.0,0.0,0.0,
10/12/2019,3132.52001953125,3142.1201171875,3126.090087890625,3135.360107421875,3346310000,0.9675023346854752,0,0.0,0.0,0.0,0.0,0.0,
11/12/2019,3141.6298828125,3143.97998046875,3133.2099609375,3135.75,3257650000,0.9667638480504172,0,0.0,0.0,0.0,0.0,0.0,
12/12/2019,3168.570068359375,3176.280029296875,3138.469970703125,3141.22998046875,4003200000,1.1443638821012478,0,0.0,0.0,0.0,0.0,0.0,
13/12/2019,3168.800048828125,3182.679931640625,3156.510009765625,3166.64990234375,3757650000,1.0575825430277486,0,0.0,0.0,0.0,0.0,0.0,
16/12/2019,3191.449951171875,3197.7099609375,3183.6298828125,3183.6298828125,4070200000,1.1039321378182056,0,0.0,0.0,0.0,0.0,0.0,
17/12/2019,3192.52001953125,3198.219970703125,3191.030029296875,3195.39990234375,3842940000,1.0149516893412298,0,0.0,0.0,0.0,0.0,0.0,
18/12/2019,3191.139892578125,3198.47998046875,3191.139892578125,3195.2099609375,4029950000,1.022625424153748,0,0.0,0.0,0.0,0.0,0.0,
19/12/2019,3205.3701171875,3205.47998046875,3192.320068359375,3192.320068359375,3784360000,0.971090730866149,0,0.0,0.0,0.0,0.0,0.0,
20/12/2019,3221.219970703125,3225.64990234375,3216.030029296875,3223.330078125,6457480000,1.4553753381236723,0,0.0,0.0,0.0,0.0,0.0,
23/12/2019,3224.010009765625,3227.780029296875,3222.300048828125,3226.050048828125,3064530000,0.7234742856927012,0,0.0,0.0,0.0,0.0,0.0,
24/12/2019,3223.3798828125,3226.429931640625,3220.510009765625,3225.449951171875,1296530000,0.3479151069213781,0,0.0,0.0,0.0,0.0,0.0,
26/12/2019,3239.909912109375,3240.080078125,3227.199951171875,3227.199951171875,2164540000,0.6454592949192005,0,0.0,0.0,0.0,0.0,0.0,
27/12/2019,3240.02001953125,3247.929931640625,3234.3701171875,3247.22998046875,2429150000,0.7880592230975011,0,0.0,0.0,0.0,0.0,0.0,
30/12/2019,3221.2900390625,3240.919921875,3216.570068359375,3240.090087890625,3021720000,1.2615236375993928,0,0.0,0.0,0.0,0.0,0.0,
31/12/2019,3230.780029296875,3231.719970703125,3212.030029296875,3215.179931640625,2894760000,1.2258971600870692,0,0.0,0.0,0.0,0.0,0.0,
02/01/2020,3257.85009765625,3258.139892578125,3235.530029296875,3244.669921875,3459930000,1.2383340133570984,0,0.0,0.0,0.0,0.0,0.0,
03/01/2020,3234.85009765625,3246.14990234375,3222.340087890625,3226.360107421875,3484700000,1.1395162672184775,0,0.0,0.0,0.0,0.0,0.0,
06/01/2020,3246.280029296875,3246.840087890625,3214.639892578125,3217.550048828125,3702460000,1.1176515690759903,0,0.0,0.0,0.0,0.0,0.0,
07/01/2020,3237.179931640625,3244.909912109375,3232.429931640625,3241.860107421875,3435910000,1.0118855490948158,0,0.0,0.0,0.0,0.0,0.0,
08/01/2020,3253.050048828125,3267.070068359375,3236.669921875,3238.590087890625,3726840000,1.046286771807046,0,0.0,0.0,0.0,0.0,0.0,
09/01/2020,3274.699951171875,3275.580078125,3263.669921875,3266.030029296875,3641230000,1.0119508824899368,0,0.0,0.0,0.0,0.0,0.0,
10/01/2020,3265.35009765625,3282.989990234375,3260.860107421875,3281.81005859375,3214580000,0.9069963241393554,0,0.0,0.0,0.0,0.0,0.0,
13/01/2020,3288.1298828125,3288.1298828125,3268.429931640625,3271.1298828125,3459390000,0.9896440944161071,0,0.0,0.0,0.0,0.0,0.0,
14/01/2020,3283.14990234375,3294.25,3277.18994140625,3285.35009765625,3687620000,1.0399579010539401,0,0.0,0.0,0.0,0.0,0.0,
15/01/2020,3289.2900390625,3298.659912109375,3280.68994140625,3282.27001953125,3721490000,1.049826481256534,0,0.0,0.0,0.0,0.0,0.0,
16/01/2020,3316.81005859375,3317.110107421875,3302.820068359375,3302.969970703125,3540580000,1.004496228365731,0,0.0,0.0,0.0,0.0,0.0,
17/01/2020,3329.6201171875,3329.8798828125,3318.860107421875,3323.659912109375,3726220000,1.0273389466951195,0,0.0,0.0,0.0,0.0,0.0,
21/01/2020,3320.7900390625,3329.7900390625,3316.610107421875,3321.030029296875,4104840000,1.0928317559202907,0,0.0,0.0,0.0,0.0,0.0,
22/01/2020,3321.75,3337.77001953125,3320.0400390625,3330.02001953125,3623780000,0.9680497475277703,0,0.0,0.0,0.0,0.0,0.0,
23/01/2020,3325.5400390625,3326.8798828125,3301.8701171875,3315.77001953125,3766710000,1.0038066040476215,0,0.0,0.0,0.0,0.0,0.0,
24/01/2020,3295.469970703125,3333.179931640625,3281.530029296875,3333.10009765625,3708780000,0.979586726697316,0,0.0,0.0,0.0,0.0,0.0,
27/01/2020,3243.6298828125,3258.85009765625,3234.5,3247.159912109375,3831050000,1.0063088516198446,0,0.0,0.0,0.0,0.0,0.0,
28/01/2020,3276.239990234375,3285.780029296875,3253.219970703125,3255.35009765625,3531570000,0.9564486626233826,0,0.0,0.0,0.0,0.0,0.0,
29/01/2020,3273.39990234375,3293.469970703125,3271.889892578125,3289.4599609375,3600250000,0.976293444753221,0,0.0,0.0,0.0,0.0,0.0,
30/01/2020,3283.659912109375,3285.909912109375,3242.800048828125,3256.449951171875,3790350000,1.0265274618134546,0,0.0,0.0,0.0,0.0,0.0,
31/01/2020,3225.52001953125,3282.330078125,3214.679931640625,3282.330078125,4529700000,1.1745368440049535,0,0.0,0.0,0.0,0.0,0.0,
03/02/2020,3248.919921875,3268.43994140625,3235.659912109375,3235.659912109375,3760460000,0.9786579764141049,0,0.0,0.0,0.0,0.0,0.0,
04/02/2020,3297.590087890625,3306.919921875,3280.610107421875,3280.610107421875,3996900000,1.015593317498117,0,0.0,0.0,0.0,0.0,0.0,
05/02/2020,3334.68994140625,3337.580078125,3313.75,3324.909912109375,4121480000,1.0202243786663525,0,0.0,0.0,0.0,0.0,0.0,
06/02/2020,3345.780029296875,3347.9599609375,3334.389892578125,3344.919921875,3887250000,0.9576493450119459,0,0.0,0.0,0.0,0.0,0.0,
07/02/2020,3327.7099609375,3341.419921875,3322.1201171875,3335.5400390625,3733920000,0.9574148936333878,0,0.0,0.0,0.0,0.0,0.0,
10/02/2020,3352.090087890625,3352.260009765625,3317.77001953125,3318.280029296875,3462730000,0.9016455337595327,0,0.0,0.0,0.0,0.0,0.0,
11/02/2020,3357.75,3375.6298828125,3352.719970703125,3365.8701171875,3762940000,0.991901233214117,0,0.0,0.0,0.0,0.0,0.0,
12/02/2020,3379.449951171875,3381.469970703125,3369.719970703125,3370.5,3930910000,1.0466935601975742,0,0.0,0.0,0.0,0.0,0.0,
13/02/2020,3373.93994140625,3385.090087890625,3360.52001953125,3365.89990234375,3500890000,0.9517741725883688,0,0.0,0.0,0.0,0.0,0.0,
14/02/2020,3380.159912109375,3380.68994140625,3366.14990234375,3378.080078125,3419700000,0.9458615480188547,0,0.0,0.0,0.0,0.0,0.0,
18/02/2020,3370.2900390625,3375.010009765625,3355.610107421875,3369.0400390625,3750400000,1.0210815885137035,0,0.0,0.0,0.0,0.0,0.0,
19/02/2020,3386.14990234375,3393.52001953125,3378.830078125,3380.389892578125,3614200000,0.9920345189145865,0,0.0,0.0,0.0,0.0,0.0,
20/02/2020,3373.22998046875,3389.14990234375,3341.02001953125,3380.449951171875,4019180000,1.0978744420048328,0,0.0,0.0,0.0,0.0,0.0,
21/02/2020,3337.75,3360.760009765625,3328.449951171875,3360.5,3908780000,1.0444435893900577,0,0.0,0.0,0.0,0.0,0.0,
24/02/2020,3225.889892578125,3259.81005859375,3214.64990234375,3257.610107421875,4851160000,1.2041370710077384,0,0.0,0.0,0.0,0.0,0.0,
25/02/2020,3128.2099609375,3246.989990234375,3118.77001953125,3238.93994140625,5596760000,1.2725647200919687,0,0.0,0.0,0.0,0.0,0.0,
26/02/2020,3116.389892578125,3182.510009765625,3108.989990234375,3139.89990234375,5484650000,1.1493143697981563,0,0.0,0.0,0.0,0.0,0.0,
27/02/2020,2978.760009765625,3097.070068359375,2977.389892578125,3062.5400390625,7064710000,1.3128473659837225,0,0.0,0.0,0.0,0.0,0.0,
28/02/2020,2954.219970703125,2959.719970703125,2855.840087890625,2916.89990234375,8569570000,1.357368568609158,0,0.0,0.0,0.0,0.0,0.0,
02/03/2020,3090.22998046875,3090.9599609375,2945.18994140625,2974.280029296875,6381330000,0.9640339220872454,0,0.0,0.0,0.0,0.0,0.0,
03/03/2020,3003.3701171875,3136.719970703125,2976.6298828125,3096.4599609375,6376510000,0.941133112749533,0,0.0,0.0,0.0,0.0,0.0,
04/03/2020,3130.1201171875,3130.969970703125,3034.3798828125,3045.75,5073020000,0.7579558908165333,0,0.0,0.0,0.0,0.0,0.0,
05/03/2020,3023.93994140625,3083.0400390625,2999.830078125,3075.699951171875,5579290000,0.8723168933311486,0,0.0,0.0,0.0,0.0,0.0,
06/03/2020,2972.3701171875,2985.929931640625,2901.5400390625,2954.199951171875,6555240000,1.0938018827720914,0,0.0,0.0,0.0,0.0,0.0,
09/03/2020,2746.56005859375,2863.889892578125,2734.429931640625,2863.889892578125,8441290000,1.3179075326264975,0,0.0,0.0,0.0,0.0,0.0,
10/03/2020,2882.22998046875,2882.590087890625,2734.0,2813.47998046875,7642040000,1.1477677970663438,0,0.0,0.0,0.0,0.0,0.0,
11/03/2020,2741.3798828125,2825.60009765625,2707.219970703125,2825.60009765625,7431200000,1.042271521324826,0,0.0,0.0,0.0,0.0,0.0,
12/03/2020,2480.639892578125,2660.949951171875,2478.860107421875,2630.860107421875,8850810000,1.1370346998939893,0,0.0,0.0,0.0,0.0,0.0,
13/03/2020,2711.02001953125,2711.330078125,2492.3701171875,2569.989990234375,8299070000,1.0204340847438829,0,0.0,0.0,0.0,0.0,0.0,
16/03/2020,2386.1298828125,2562.97998046875,2380.93994140625,2508.590087890625,7805450000,0.9749848670587034,0,0.0,0.0,0.0,0.0,0.0,
17/03/2020,2529.18994140625,2553.929931640625,2367.0400390625,2425.659912109375,8370250000,1.0268536915821123,0,0.0,0.0,0.0,0.0,0.0,
18/03/2020,2398.10009765625,2453.570068359375,2280.52001953125,2436.5,8799300000,1.044430274934908,0,0.0,0.0,0.0,0.0,0.0,
19/03/2020,2409.389892578125,2466.969970703125,2319.780029296875,2393.47998046875,7956100000,0.9648395822767648,0,0.0,0.0,0.0,0.0,0.0,
20/03/2020,2304.919921875,2453.010009765625,2295.56005859375,2431.93994140625,9053950000,1.0782349907883877,0,0.0,0.0,0.0,0.0,0.0,
23/03/2020,2237.39990234375,2300.72998046875,2191.860107421875,2290.7099609375,7411380000,0.89098405471571,0,0.0,0.0,0.0,0.0,0.0,
24/03/2020,2447.330078125,2449.7099609375,2344.43994140625,2344.43994140625,7563150000,0.9272229616211111,0,0.0,0.0,0.0,0.0,0.0,
25/03/2020,2475.56005859375,2571.419921875,2407.530029296875,2457.77001953125,8300010000,1.0301718349373792,0,0.0,0.0,0.0,0.0,0.0,
26/03/2020,2630.070068359375,2637.010009765625,2500.719970703125,2501.2900390625,7766990000,0.9685617930001087,0,0.0,0.0,0.0,0.0,0.0,
27/03/2020,2541.469970703125,2615.909912109375,2520.02001953125,2555.8701171875,6201670000,0.8325909159255918,0,0.0,0.0,0.0,0.0,0.0,
30/03/2020,2626.64990234375,2631.800048828125,2545.280029296875,2558.97998046875,5751120000,0.808128839269605,0,0.0,0.0,0.0,0.0,0.0,
31/03/2020,2584.590087890625,2641.389892578125,2571.14990234375,2614.68994140625,6576210000,0.9504292403746097,0,0.0,0.0,0.0,0.0,0.0,
01/04/2020,2470.5,2522.75,2447.489990234375,2498.080078125,5964000000,0.9243648246636158,0,0.0,0.0,0.0,0.0,0.0,
02/04/2020,2526.89990234375,2533.219970703125,2455.7900390625,2458.5400390625,6464190000,1.0440530939662158,0,0.0,0.0,0.0,0.0,0.0,
03/04/2020,2488.64990234375,2538.179931640625,2459.9599609375,2514.919921875,6096970000,0.9880839439539564,0,0.0,0.0,0.0,0.0,0.0,
06/04/2020,2663.679931640625,2676.85009765625,2574.570068359375,2578.280029296875,6403840000,1.0163144444998145,0,0.0,0.0,0.0,0.0,0.0,
07/04/2020,2659.409912109375,2756.889892578125,2657.669921875,2738.64990234375,7050410000,1.1023358467213749,0,0.0,0.0,0.0,0.0,0.0,
08/04/2020,2749.97998046875,2760.75,2663.300048828125,2685.0,5875710000,0.9212141185383267,0,0.0,0.0,0.0,0.0,0.0,
09/04/2020,2789.820068359375,2818.570068359375,2762.360107421875,2776.989990234375,7899550000,1.1851761722210086,0,0.0,0.0,0.0,0.0,0.0,
13/04/2020,2761.6298828125,2782.4599609375,2721.169921875,2782.4599609375,5319530000,0.8171562049141848,0,0.0,0.0,0.0,0.0,0.0,
14/04/2020,2846.06005859375,2851.85009765625,2805.10009765625,2805.10009765625,5615730000,0.8840625888473669,0,0.0,0.0,0.0,0.0,0.0,
15/04/2020,2783.360107421875,2801.8798828125,2761.5400390625,2795.639892578125,5208000000,0.8703639083751469,0,0.0,0.0,0.0,0.0,0.0,
16/04/2020,2799.550048828125,2806.510009765625,2764.320068359375,2799.340087890625,5228810000,0.89315350499904,0,0.0,0.0,0.0,0.0,0.0,
17/04/2020,2874.56005859375,2879.219970703125,2830.8798828125,2842.429931640625,5804810000,1.0679684349344,0,0.0,0.0,0.0,0.0,0.0,
20/04/2020,2823.159912109375,2868.97998046875,2820.429931640625,2845.6201171875,5228630000,0.9651912170059935,0,0.0,0.0,0.0,0.0,0.0,
21/04/2020,2736.56005859375,2785.5400390625,2727.10009765625,2784.81005859375,5121010000,0.9629122501152635,0,0.0,0.0,0.0,0.0,0.0,
22/04/2020,2799.31005859375,2815.10009765625,2775.949951171875,2787.889892578125,5084920000,0.9605722796202837,0,0.0,0.0,0.0,0.0,0.0,
23/04/2020,2797.800048828125,2844.89990234375,2794.260009765625,2810.419921875,5773530000,1.0686616394389348,0,0.0,0.0,0.0,0.0,0.0,
24/04/2020,2836.739990234375,2842.7099609375,2791.760009765625,2812.639892578125,5382810000,1.012152653727403,0,0.0,0.0,0.0,0.0,0.0,
27/04/2020,2878.47998046875,2887.719970703125,2852.889892578125,2854.64990234375,5203930000,0.9794268657165872,0,0.0,0.0,0.0,0.0,0.0,
28/04/2020,2863.389892578125,2921.14990234375,2860.7099609375,2909.9599609375,5691160000,1.0486229725073564,0,0.0,0.0,0.0,0.0,0.0,
29/04/2020,2939.510009765625,2954.860107421875,2912.159912109375,2918.4599609375,6645640000,1.1578952136925478,0,0.0,0.0,0.0,0.0,0.0,
30/04/2020,2912.429931640625,2930.909912109375,2892.469970703125,2930.909912109375,6544980000,1.1105036832525013,0,0.0,0.0,0.0,0.0,0.0,
01/05/2020,2830.7099609375,2869.090087890625,2821.610107421875,2869.090087890625,4759810000,0.8250518624729247,0,0.0,0.0,0.0,0.0,0.0,
04/05/2020,2842.739990234375,2844.239990234375,2797.85009765625,2815.010009765625,4735930000,0.8344510020607862,0,0.0,0.0,0.0,0.0,0.0,
05/05/2020,2868.43994140625,2898.22998046875,2863.550048828125,2868.8798828125,5140290000,0.9236271703564748,0,0.0,0.0,0.0,0.0,0.0,
06/05/2020,2848.419921875,2891.110107421875,2847.64990234375,2883.139892578125,4892570000,0.9382236731588067,0,0.0,0.0,0.0,0.0,0.0,
07/05/2020,2881.18994140625,2901.919921875,2876.47998046875,2878.260009765625,5178790000,1.0480244979336142,0,0.0,0.0,0.0,0.0,0.0,
08/05/2020,2929.800048828125,2932.159912109375,2902.8798828125,2908.830078125,4876030000,0.9821355556262767,0,0.0,0.0,0.0,0.0,0.0,
11/05/2020,2930.18994140625,2944.25,2903.43994140625,2915.4599609375,4819730000,0.9675293416698083,0,0.0,0.0,0.0,0.0,0.0,
12/05/2020,2870.1201171875,2945.820068359375,2869.590087890625,2939.5,5119630000,1.0285854922800286,0,0.0,0.0,0.0,0.0,0.0,
13/05/2020,2820.0,2874.139892578125,2793.14990234375,2865.860107421875,6151650000,1.1764113053592102,0,0.0,0.0,0.0,0.0,0.0,
14/05/2020,2852.5,2852.800048828125,2766.639892578125,2794.5400390625,5651130000,1.061517377039819,0,0.0,0.0,0.0,0.0,0.0,
15/05/2020,2863.699951171875,2865.010009765625,2816.780029296875,2829.949951171875,5507700000,1.0105930897208937,0,0.0,0.0,0.0,0.0,0.0,
18/05/2020,2953.909912109375,2968.090087890625,2913.860107421875,2913.860107421875,6373670000,1.106394716249048,0,0.0,0.0,0.0,0.0,0.0,
19/05/2020,2922.93994140625,2964.2099609375,2922.35009765625,2948.590087890625,4984330000,0.8693048951322149,0,0.0,0.0,0.0,0.0,0.0,
20/05/2020,2971.610107421875,2980.2900390625,2953.6298828125,2953.6298828125,5005380000,0.9093346791554894,0,0.0,0.0,0.0,0.0,0.0,
21/05/2020,2948.510009765625,2978.5,2938.570068359375,2969.949951171875,4976620000,0.9268242717253247,0,0.0,0.0,0.0,0.0,0.0,
22/05/2020,2955.449951171875,2956.760009765625,2933.590087890625,2948.050048828125,3970860000,0.7844182299613683,0,0.0,0.0,0.0,0.0,0.0,
26/05/2020,2991.77001953125,3021.719970703125,2988.169921875,3004.080078125,5848500000,1.1798138361288308,0,0.0,0.0,0.0,0.0,0.0,
27/05/2020,3036.1298828125,3036.25,2969.75,3015.64990234375,6398000000,1.221022192908529,0,0.0,0.0,0.0,0.0,0.0,
28/05/2020,3029.72998046875,3068.669921875,3023.39990234375,3046.610107421875,5447020000,1.0223002139559325,0,0.0,0.0,0.0,0.0,0.0,
29/05/2020,3044.31005859375,3049.169921875,2998.610107421875,3025.169921875,7297550000,1.259852157642809,0,0.0,0.0,0.0,0.0,0.0,
01/06/2020,3055.72998046875,3062.179931640625,3031.5400390625,3038.780029296875,4684170000,0.7892387727950979,0,0.0,0.0,0.0,0.0,0.0,
02/06/2020,3080.820068359375,3081.070068359375,3051.639892578125,3064.780029296875,5197150000,0.8953227840926905,0,0.0,0.0,0.0,0.0,0.0,
03/06/2020,3122.8701171875,3130.93994140625,3098.89990234375,3098.89990234375,6005560000,1.0487697968492689,0,0.0,0.0,0.0,0.0,0.0,
04/06/2020,3112.35009765625,3128.909912109375,3090.409912109375,3111.56005859375,6451290000,1.088431460413312,0,0.0,0.0,0.0,0.0,0.0,
05/06/2020,3193.929931640625,3211.719970703125,3163.840087890625,3163.840087890625,8639300000,1.3944489333699621,0,0.0,0.0,0.0,0.0,0.0,
08/06/2020,3232.389892578125,3233.1298828125,3196.0,3199.919921875,8498300000,1.221314915094448,0,0.0,0.0,0.0,0.0,0.0,
09/06/2020,3207.179931640625,3222.7099609375,3193.110107421875,3213.320068359375,6410930000,0.8902738979563609,0,0.0,0.0,0.0,0.0,0.0,
10/06/2020,3190.139892578125,3223.27001953125,3181.489990234375,3213.419921875,6598870000,0.9015172400979379,0,0.0,0.0,0.0,0.0,0.0,
11/06/2020,3002.10009765625,3123.530029296875,2999.489990234375,3123.530029296875,7037320000,0.9462650249887589,0,0.0,0.0,0.0,0.0,0.0,
12/06/2020,3041.31005859375,3088.419921875,2984.469970703125,3071.0400390625,5845330000,0.8498404367453458,0,0.0,0.0,0.0,0.0,0.0,
15/06/2020,3066.590087890625,3079.760009765625,2965.659912109375,2993.760009765625,5757480000,0.9095565140270453,0,0.0,0.0,0.0,0.0,0.0,
16/06/2020,3124.739990234375,3153.449951171875,3076.06005859375,3131.0,5845810000,0.9403001015608589,0,0.0,0.0,0.0,0.0,0.0,
17/06/2020,3113.489990234375,3141.159912109375,3108.030029296875,3136.1298828125,4560450000,0.7850287075261332,0,0.0,0.0,0.0,0.0,0.0,
18/06/2020,3115.340087890625,3120.0,3093.510009765625,3101.639892578125,4448690000,0.8407155405446266,0,0.0,0.0,0.0,0.0,0.0,
19/06/2020,3097.739990234375,3155.530029296875,3083.110107421875,3140.2900390625,8346650000,1.4411110435828762,0,0.0,0.0,0.0,0.0,0.0,
22/06/2020,3117.860107421875,3120.919921875,3079.389892578125,3094.419921875,4686690000,0.8402612709492049,0,0.0,0.0,0.0,0.0,0.0,
23/06/2020,3131.2900390625,3154.89990234375,3127.1201171875,3138.699951171875,4711850000,0.8805770878956789,0,0.0,0.0,0.0,0.0,0.0,
24/06/2020,3050.330078125,3115.010009765625,3032.1298828125,3114.39990234375,5597680000,1.00708272583475,0,0.0,0.0,0.0,0.0,0.0,
25/06/2020,3083.760009765625,3086.25,3024.010009765625,3046.60009765625,4847690000,0.8598073255728159,0,0.0,0.0,0.0,0.0,0.0,
26/06/2020,3009.050048828125,3073.72998046875,3004.6298828125,3073.199951171875,8107850000,1.45032906693532,0,0.0,0.0,0.0,0.0,0.0,
29/06/2020,3053.239990234375,3053.889892578125,2999.739990234375,3018.590087890625,4473970000,0.8064392278896458,0,0.0,0.0,0.0,0.0,0.0,
30/06/2020,3100.2900390625,3111.510009765625,3047.830078125,3050.199951171875,4705850000,0.8484194303978215,0,0.0,0.0,0.0,0.0,0.0,
01/07/2020,3115.860107421875,3128.43994140625,3101.169921875,3105.919921875,4449230000,0.836806209913337,0,0.0,0.0,0.0,0.0,0.0,
02/07/2020,3130.010009765625,3165.81005859375,3124.52001953125,3143.639892578125,4197720000,0.8092888964634917,0,0.0,0.0,0.0,0.0,0.0,
06/07/2020,3179.719970703125,3182.590087890625,3155.2900390625,3155.2900390625,4759160000,1.053567420070814,0,0.0,0.0,0.0,0.0,0.0,
07/07/2020,3145.320068359375,3184.14990234375,3142.929931640625,3166.43994140625,4571330000,1.007642630323908,0,0.0,0.0,0.0,0.0,0.0,
08/07/2020,3169.93994140625,3171.800048828125,3136.530029296875,3153.070068359375,4937310000,1.0773213759696265,0,0.0,0.0,0.0,0.0,0.0,
09/07/2020,3152.050048828125,3179.780029296875,3115.699951171875,3176.169921875,4843650000,1.039000959708132,0,0.0,0.0,0.0,0.0,0.0,
10/07/2020,3185.0400390625,3186.820068359375,3136.219970703125,3152.469970703125,4524190000,0.9570694933583351,0,0.0,0.0,0.0,0.0,0.0,
13/07/2020,3155.219970703125,3235.320068359375,3149.429931640625,3205.080078125,4902440000,1.0308373971568094,0,0.0,0.0,0.0,0.0,0.0,
14/07/2020,3197.52001953125,3200.949951171875,3127.659912109375,3141.110107421875,4507140000,0.9502827989186468,0,0.0,0.0,0.0,0.0,0.0,
15/07/2020,3226.56005859375,3238.280029296875,3200.760009765625,3225.97998046875,4686830000,0.9987171974386567,0,0.0,0.0,0.0,0.0,0.0,
16/07/2020,3215.570068359375,3220.389892578125,3198.590087890625,3208.360107421875,3972860000,0.8792057524611104,0,0.0,0.0,0.0,0.0,0.0,
17/07/2020,3224.72998046875,3233.52001953125,3205.64990234375,3224.2099609375,4012850000,0.9086197339748177,0,0.0,0.0,0.0,0.0,0.0,
20/07/2020,3251.840087890625,3258.610107421875,3215.159912109375,3224.2900390625,3979340000,0.940341282346725,0,0.0,0.0,0.0,0.0,0.0,
21/07/2020,3257.300048828125,3277.2900390625,3247.77001953125,3268.52001953125,4556610000,1.0742419663068894,0,0.0,0.0,0.0,0.0,0.0,
22/07/2020,3276.02001953125,3279.320068359375,3253.10009765625,3254.860107421875,4267160000,1.0263112576856215,0,0.0,0.0,0.0,0.0,0.0,
23/07/2020,3235.659912109375,3279.989990234375,3222.659912109375,3271.639892578125,4296760000,1.0175761341977727,0,0.0,0.0,0.0,0.0,0.0,
24/07/2020,3215.6298828125,3227.260009765625,3200.050048828125,3218.580078125,3689410000,0.8873347225108325,0,0.0,0.0,0.0,0.0,0.0,
27/07/2020,3239.409912109375,3241.429931640625,3214.25,3219.840087890625,3970310000,0.9553085261245654,0,0.0,0.0,0.0,0.0,0.0,
28/07/2020,3218.43994140625,3243.719970703125,3216.169921875,3234.27001953125,4053180000,0.9994614540149787,0,0.0,0.0,0.0,0.0,0.0,
29/07/2020,3258.43994140625,3264.739990234375,3227.219970703125,3227.219970703125,4478200000,1.0928911072215448,0,0.0,0.0,0.0,0.0,0.0,
30/07/2020,3246.219970703125,3250.919921875,3204.1298828125,3231.760009765625,4264920000,1.042460850155602,0,0.0,0.0,0.0,0.0,0.0,
31/07/2020,3271.1201171875,3272.169921875,3220.260009765625,3270.449951171875,5007530000,1.1498800871125106,0,0.0,0.0,0.0,0.0,0.0,
03/08/2020,3294.610107421875,3302.72998046875,3284.530029296875,3288.260009765625,4438940000,0.9978388483089111,0,0.0,0.0,0.0,0.0,0.0,
04/08/2020,3306.510009765625,3306.840087890625,3286.3701171875,3289.919921875,4414380000,0.976461214556558,0,0.0,0.0,0.0,0.0,0.0,
05/08/2020,3327.77001953125,3330.77001953125,3317.3701171875,3317.3701171875,4535060000,1.0006385467787366,0,0.0,0.0,0.0,0.0,0.0,
06/08/2020,3349.159912109375,3351.030029296875,3318.139892578125,3323.169921875,4278930000,0.9435413877231328,0,0.0,0.0,0.0,0.0,0.0,
07/08/2020,3351.280029296875,3352.5400390625,3328.719970703125,3340.050048828125,4110030000,0.9436483059914572,0,0.0,0.0,0.0,0.0,0.0,
10/08/2020,3360.469970703125,3363.2900390625,3335.43994140625,3356.0400390625,4327920000,0.9987667494987612,0,0.0,0.0,0.0,0.0,0.0,
11/08/2020,3333.68994140625,3381.010009765625,3326.43994140625,3370.340087890625,4880540000,1.1025741353883522,0,0.0,0.0,0.0,0.0,0.0,
12/08/2020,3380.35009765625,3387.889892578125,3355.4599609375,3355.4599609375,3772250000,0.8826177474897834,0,0.0,0.0,0.0,0.0,0.0,
13/08/2020,3373.429931640625,3387.239990234375,3363.35009765625,3372.949951171875,3438730000,0.837510661502708,0,0.0,0.0,0.0,0.0,0.0,
14/08/2020,3372.85009765625,3378.510009765625,3361.639892578125,3368.659912109375,3200060000,0.8155304671372868,0,0.0,0.0,0.0,0.0,0.0,
17/08/2020,3381.989990234375,3387.590087890625,3379.219970703125,3380.860107421875,3460330000,0.922660678298904,0,0.0,0.0,0.0,0.0,0.0,
18/08/2020,3389.780029296875,3395.06005859375,3370.14990234375,3387.0400390625,3669550000,1.0459970172602122,0,0.0,0.0,0.0,0.0,0.0,
19/08/2020,3374.85009765625,3399.5400390625,3369.659912109375,3392.510009765625,3679480000,1.0544040485667534,0,0.0,0.0,0.0,0.0,0.0,
20/08/2020,3385.510009765625,3390.800048828125,3354.68994140625,3360.47998046875,3431040000,0.9836437800379119,0,0.0,0.0,0.0,0.0,0.0,
21/08/2020,3397.159912109375,3399.9599609375,3379.31005859375,3386.010009765625,3505010000,0.9875821409592678,0,0.0,0.0,0.0,0.0,0.0,
24/08/2020,3431.280029296875,3432.090087890625,3413.1298828125,3418.090087890625,3743410000,1.0381928824876625,0,0.0,0.0,0.0,0.0,0.0,
25/08/2020,3443.6201171875,3444.2099609375,3425.840087890625,3435.949951171875,3627650000,1.0084318372743248,0,0.0,0.0,0.0,0.0,0.0,
26/08/2020,3478.72998046875,3481.070068359375,3444.14990234375,3449.969970703125,3780530000,1.0450589463302011,0,0.0,0.0,0.0,0.0,0.0,
27/08/2020,3484.550048828125,3501.3798828125,3468.35009765625,3485.139892578125,3955890000,1.0626976831149406,0,0.0,0.0,0.0,0.0,0.0,
28/08/2020,3508.010009765625,3509.22998046875,3484.320068359375,3494.68994140625,3868510000,1.0193170422201951,0,0.0,0.0,0.0,0.0,0.0,
31/08/2020,3500.31005859375,3514.77001953125,3493.25,3509.72998046875,4348280000,1.1103393824377479,0,0.0,0.0,0.0,0.0,0.0,
01/09/2020,3526.64990234375,3528.030029296875,3494.60009765625,3507.43994140625,4101490000,1.0225757553092292,0,0.0,0.0,0.0,0.0,0.0,
02/09/2020,3580.840087890625,3588.110107421875,3535.22998046875,3543.760009765625,4295640000,1.0441613218595602,0,0.0,0.0,0.0,0.0,0.0,
03/09/2020,3455.06005859375,3564.85009765625,3427.409912109375,3564.739990234375,4911830000,1.1409195962974576,0,0.0,0.0,0.0,0.0,0.0,
04/09/2020,3426.9599609375,3479.14990234375,3349.6298828125,3453.60009765625,4438720000,1.0044189073477685,0,0.0,0.0,0.0,0.0,0.0,
08/09/2020,3331.840087890625,3379.969970703125,3329.27001953125,3371.8798828125,4694330000,1.0458800258978584,0,0.0,0.0,0.0,0.0,0.0,
09/09/2020,3398.9599609375,3424.77001953125,3366.840087890625,3369.820068359375,3932520000,0.8827982170372791,0,0.0,0.0,0.0,0.0,0.0,
10/09/2020,3339.18994140625,3425.550048828125,3329.25,3412.56005859375,4208630000,0.9484865025423657,0,0.0,0.0,0.0,0.0,0.0,
11/09/2020,3340.969970703125,3368.949951171875,3310.469970703125,3352.699951171875,3710090000,0.8840160901321894,0,0.0,0.0,0.0,0.0,0.0,
14/09/2020,3383.5400390625,3402.929931640625,3363.56005859375,3363.56005859375,3839580000,0.9417590746204958,0,0.0,0.0,0.0,0.0,0.0,
15/09/2020,3401.199951171875,3419.47998046875,3389.25,3407.72998046875,4057190000,1.0272402130645062,0,0.0,0.0,0.0,0.0,0.0,
16/09/2020,3385.489990234375,3428.919921875,3384.449951171875,3411.22998046875,4718900000,1.1490236622563417,1,1.794871794871795,0.0955423985293807,0.11538461538461539,0.6775147928994083,0.20710059171597633,0.0
17/09/2020,3357.010009765625,3375.169921875,3328.820068359375,3346.860107421875,4379840000,1.057646240630554,0,0.0,0.0,0.0,0.0,0.0,
18/09/2020,3319.469970703125,3362.27001953125,3292.39990234375,3357.3798828125,7076400000,1.4698459740004013,0,0.0,0.0,0.0,0.0,0.0,
21/09/2020,3281.06005859375,3285.570068359375,3229.10009765625,3285.570068359375,4836070000,0.9645749230106428,0,0.0,0.0,0.0,0.0,0.0,
22/09/2020,3315.570068359375,3320.31005859375,3270.949951171875,3295.75,3974510000,0.795356307522857,0,0.0,0.0,0.0,0.0,0.0,
23/09/2020,3236.919921875,3323.35009765625,3232.570068359375,3320.110107421875,4378650000,0.88832755066144,0,0.0,0.0,0.0,0.0,0.0,
24/09/2020,3246.590087890625,3278.699951171875,3209.449951171875,3226.139892578125,4601920000,0.9252861661080404,0,0.0,0.0,0.0,0.0,0.0,
25/09/2020,3298.4599609375,3306.8798828125,3228.43994140625,3236.659912109375,3803330000,0.880625511704843,0,0.0,0.0,0.0,0.0,0.0,
28/09/2020,3351.60009765625,3360.739990234375,3332.909912109375,3333.89990234375,3950910000,0.9538966030753303,0,0.0,0.0,0.0,0.0,0.0,
29/09/2020,3335.469970703125,3357.919921875,3327.5400390625,3350.919921875,3661590000,0.8976069306348179,0,0.0,0.0,0.0,0.0,0.0,
30/09/2020,3363.0,3393.56005859375,3340.469970703125,3341.2099609375,4738640000,1.1414894401194042,0,0.0,0.0,0.0,0.0,0.0,
01/10/2020,3380.800048828125,3397.179931640625,3361.389892578125,3385.8701171875,4076340000,1.0074584260343507,0,0.0,0.0,0.0,0.0,0.0,
02/10/2020,3348.419921875,3369.10009765625,3323.68994140625,3338.93994140625,3975180000,0.9741817978636119,0,0.0,0.0,0.0,0.0,0.0,
05/10/2020,3408.60009765625,3409.570068359375,3367.27001953125,3367.27001953125,3692720000,0.9165592343705246,0,0.0,0.0,0.0,0.0,0.0,
06/10/2020,3360.969970703125,3431.56005859375,3354.5400390625,3408.739990234375,4453390000,1.0635585995022037,0,0.0,0.0,0.0,0.0,0.0,
07/10/2020,3419.43994140625,3426.260009765625,3384.56005859375,3384.56005859375,3814750000,0.9530975326273037,0,0.0,0.0,0.0,0.0,0.0,
08/10/2020,3446.830078125,3447.280029296875,3428.14990234375,3434.280029296875,3867640000,0.9764952776453669,0,0.0,0.0,0.0,0.0,0.0,
09/10/2020,3477.139892578125,3482.340087890625,3458.070068359375,3459.669921875,3944090000,0.9973630161754227,0,0.0,0.0,0.0,0.0,0.0,
12/10/2020,3534.219970703125,3549.85009765625,3499.610107421875,3500.02001953125,3435760000,0.880258541487003,0,0.0,0.0,0.0,0.0,0.0,
13/10/2020,3511.929931640625,3534.010009765625,3500.860107421875,3534.010009765625,3611100000,0.9669132570820217,0,0.0,0.0,0.0,0.0,0.0,
14/10/2020,3488.669921875,3527.93994140625,3480.550048828125,3515.469970703125,3858510000,1.030744613214654,0,0.0,0.0,0.0,0.0,0.0,
15/10/2020,3483.340087890625,3489.080078125,3440.889892578125,3453.719970703125,3724550000,1.0026240967890079,0,0.0,0.0,0.0,0.0,0.0,
16/10/2020,3483.81005859375,3515.760009765625,3480.449951171875,3493.5,4688030000,1.21338703123261,0,0.0,0.0,0.0,0.0,0.0,
19/10/2020,3426.919921875,3502.419921875,3419.929931640625,3493.659912109375,4091080000,1.0241387614546842,0,0.0,0.0,0.0,0.0,0.0,
20/10/2020,3443.1201171875,3476.929931640625,3435.64990234375,3439.3798828125,3917850000,0.9659383965104571,0,0.0,0.0,0.0,0.0,0.0,
21/10/2020,3435.56005859375,3464.860107421875,3433.06005859375,3439.909912109375,4103960000,0.9997237578481759,0,0.0,0.0,0.0,0.0,0.0,
22/10/2020,3453.489990234375,3460.530029296875,3415.340087890625,3438.5,4172060000,0.9946273729341276,0,0.0,0.0,0.0,0.0,0.0,
23/10/2020,3465.389892578125,3466.4599609375,3440.449951171875,3464.89990234375,3651600000,0.915805392608049,0,0.0,0.0,0.0,0.0,0.0,
26/10/2020,3400.969970703125,3441.419921875,3364.860107421875,3441.419921875,4002210000,1.0082311887333935,0,0.0,0.0,0.0,0.0,0.0,
27/10/2020,3390.679931640625,3409.510009765625,3388.7099609375,3403.14990234375,3962400000,0.9959667669235677,0,0.0,0.0,0.0,0.0,0.0,
28/10/2020,3271.030029296875,3342.47998046875,3268.889892578125,3342.47998046875,5139970000,1.2279986276915784,0,0.0,0.0,0.0,0.0,0.0,
29/10/2020,3310.110107421875,3341.050048828125,3259.820068359375,3277.169921875,4911860000,1.1334343115482526,0,0.0,0.0,0.0,0.0,0.0,
30/10/2020,3269.9599609375,3304.929931640625,3233.93994140625,3293.590087890625,4843930000,1.0594601049764287,0,0.0,0.0,0.0,0.0,0.0,
02/11/2020,3310.239990234375,3330.139892578125,3279.739990234375,3296.199951171875,4314690000,0.9309795730779771,0,0.0,0.0,0.0,0.0,0.0,
03/11/2020,3369.159912109375,3389.489990234375,3336.25,3336.25,4241380000,0.9042748476344916,0,0.0,0.0,0.0,0.0,0.0,
04/11/2020,3443.43994140625,3486.25,3405.169921875,3406.4599609375,4790400000,1.0367816828310303,0,0.0,0.0,0.0,0.0,0.0,
05/11/2020,3510.449951171875,3529.050048828125,3485.739990234375,3485.739990234375,4858150000,1.0538949304836964,1,1.6571428571428573,0.0905389468054581,0.13307984790874525,0.6463878326996197,0.22053231939163498,0.0
06/11/2020,3509.43994140625,3521.580078125,3484.340087890625,3508.340087890625,4842460000,1.0505582485937481,0,0.0,0.0,0.0,0.0,0.0,
09/11/2020,3550.5,3645.989990234375,3547.47998046875,3583.0400390625,8570510000,1.569523750224335,0,0.0,0.0,0.0,0.0,0.0,
10/11/2020,3545.530029296875,3557.219970703125,3511.909912109375,3543.260009765625,6037470000,1.037401985429735,0,0.0,0.0,0.0,0.0,0.0,
11/11/2020,3572.659912109375,3581.159912109375,3557.0,3563.219970703125,4635560000,0.8007766681695611,0,0.0,0.0,0.0,0.0,0.0,
12/11/2020,3537.010009765625,3569.02001953125,3518.580078125,3562.669921875,4909660000,0.8466198044810844,0,0.0,0.0,0.0,0.0,0.0,
13/11/2020,3585.14990234375,3593.659912109375,3552.570068359375,3552.570068359375,4719580000,0.8173061270857881,0,0.0,0.0,0.0,0.0,0.0,
16/11/2020,3626.909912109375,3628.510009765625,3600.159912109375,3600.159912109375,5295510000,1.034368996061377,0,0.0,0.0,0.0,0.0,0.0,
17/11/2020,3609.530029296875,3623.110107421875,3588.679931640625,3610.31005859375,4812180000,0.987215504037544,0,0.0,0.0,0.0,0.0,0.0,
18/11/2020,3567.7900390625,3619.090087890625,3567.330078125,3612.090087890625,5284810000,1.0560436644294122,0,0.0,0.0,0.0,0.0,0.0,
19/11/2020,3581.8701171875,3585.219970703125,3543.840087890625,3559.409912109375,4363370000,0.8913768694753315,0,0.0,0.0,0.0,0.0,0.0,
20/11/2020,3557.5400390625,3581.22998046875,3556.85009765625,3579.31005859375,4236370000,0.8828625422219851,0,0.0,0.0,0.0,0.0,0.0,
23/11/2020,3577.590087890625,3589.81005859375,3552.77001953125,3566.820068359375,5057550000,1.0645555243097244,0,0.0,0.0,0.0,0.0,0.0,
24/11/2020,3635.409912109375,3642.31005859375,3594.52001953125,3594.52001953125,6280290000,1.2449831280858,0,0.0,0.0,0.0,0.0,0.0,
25/11/2020,3629.64990234375,3635.5,3617.760009765625,3635.5,4910440000,0.9880948260666242,0,0.0,0.0,0.0,0.0,0.0,
27/11/2020,3638.35009765625,3644.31005859375,3629.330078125,3638.550048828125,2778390000,0.597168297866487,0,0.0,0.0,0.0,0.0,0.0,
30/11/2020,3621.6298828125,3634.179931640625,3594.389892578125,3634.179931640625,6308410000,1.2449950819180362,0,0.0,0.0,0.0,0.0,0.0,
01/12/2020,3662.449951171875,3678.449951171875,3645.8701171875,3645.8701171875,5418480000,1.0543426781044996,0,0.0,0.0,0.0,0.0,0.0,
02/12/2020,3669.010009765625,3670.9599609375,3644.840087890625,3653.780029296875,5041250000,1.0306366651306356,0,0.0,0.0,0.0,0.0,0.0,
03/12/2020,3666.719970703125,3682.72998046875,3657.169921875,3668.280029296875,5065340000,1.0290441157051455,0,0.0,0.0,0.0,0.0,0.0,
04/12/2020,3699.1201171875,3699.199951171875,3670.93994140625,3670.93994140625,5099620000,0.946719835444119,0,0.0,0.0,0.0,0.0,0.0,
07/12/2020,3691.9599609375,3697.409912109375,3678.8798828125,3694.72998046875,4804500000,0.9446820759921963,0,0.0,0.0,0.0,0.0,0.0,
08/12/2020,3702.25,3708.449951171875,3678.830078125,3683.050048828125,4584390000,0.9319722221092819,0,0.0,0.0,0.0,0.0,0.0,
09/12/2020,3672.820068359375,3712.389892578125,3660.5400390625,3705.97998046875,5232800000,1.0555682191825035,0,0.0,0.0,0.0,0.0,0.0,
10/12/2020,3668.10009765625,3678.489990234375,3645.179931640625,3659.1298828125,4658480000,0.9553978930909577,0,0.0,0.0,0.0,0.0,0.0,
11/12/2020,3663.4599609375,3665.909912109375,3633.39990234375,3656.080078125,4375470000,0.924825961166132,0,0.0,0.0,0.0,0.0,0.0,
14/12/2020,3647.489990234375,3697.610107421875,3645.840087890625,3675.27001953125,4623850000,0.9848459999343983,0,0.0,0.0,0.0,0.0,0.0,
15/12/2020,3694.6201171875,3695.2900390625,3659.6201171875,3666.409912109375,4387080000,0.9423361778321551,0,0.0,0.0,0.0,0.0,0.0,
16/12/2020,3701.169921875,3711.27001953125,3688.570068359375,3696.25,4067040000,0.9196487686279617,1,1.1851851851851851,0.0590989705698233,0.14794520547945206,0.6767123287671233,0.17534246575342466,0.0
17/12/2020,3722.47998046875,3725.1201171875,3710.8701171875,3713.64990234375,4192810000,0.9684841485245712,0,0.0,0.0,0.0,0.0,0.0,
18/12/2020,3709.409912109375,3726.699951171875,3685.840087890625,3722.389892578125,7097100000,1.456240756274243,0,0.0,0.0,0.0,0.0,0.0,
21/12/2020,3694.919921875,3702.89990234375,3636.47998046875,3684.280029296875,4748580000,0.9693903589695014,0,0.0,0.0,0.0,0.0,0.0,
22/12/2020,3687.260009765625,3698.260009765625,3676.159912109375,3698.080078125,4053310000,0.8388875459252183,0,0.0,0.0,0.0,0.0,0.0,
23/12/2020,3690.010009765625,3711.239990234375,3689.280029296875,3693.419921875,3779160000,0.7915810675398057,0,0.0,0.0,0.0,0.0,0.0,
24/12/2020,3703.06005859375,3703.820068359375,3689.320068359375,3694.030029296875,1883780000,0.4368300982333214,0,0.0,0.0,0.0,0.0,0.0,
28/12/2020,3735.360107421875,3740.510009765625,3723.030029296875,3723.030029296875,3535460000,0.9820564002024412,0,0.0,0.0,0.0,0.0,0.0,
29/12/2020,3727.0400390625,3756.1201171875,3723.31005859375,3750.010009765625,3393290000,1.0193121057374588,0,0.0,0.0,0.0,0.0,0.0,
30/12/2020,3732.0400390625,3744.6298828125,3730.2099609375,3736.18994140625,3154850000,1.0017597516660803,0,0.0,0.0,0.0,0.0,0.0,
31/12/2020,3756.070068359375,3760.199951171875,3726.8798828125,3733.27001953125,3179040000,1.0494361043731786,0,0.0,0.0,0.0,0.0,0.0,
04/01/2021,3700.64990234375,3769.989990234375,3662.7099609375,3764.610107421875,5015000000,1.371894839815206,0,0.0,0.0,0.0,0.0,0.0,
05/01/2021,3726.860107421875,3737.830078125,3695.070068359375,3698.02001953125,4591020000,1.187340947178946,0,0.0,0.0,0.0,0.0,0.0,
06/01/2021,3748.139892578125,3783.0400390625,3705.340087890625,3712.199951171875,6064110000,1.3779550282175712,0,0.0,0.0,0.0,0.0,0.0,
07/01/2021,3803.7900390625,3811.550048828125,3764.7099609375,3764.7099609375,5099160000,1.0646170317512744,0,0.0,0.0,0.0,0.0,0.0,
08/01/2021,3824.679931640625,3826.68994140625,3783.60009765625,3815.050048828125,4773040000,0.9343391930180215,0,0.0,0.0,0.0,0.0,0.0,
11/01/2021,3799.610107421875,3817.860107421875,3789.02001953125,3803.139892578125,4465430000,0.8933447126287773,0,0.0,0.0,0.0,0.0,0.0,
12/01/2021,3801.18994140625,3810.780029296875,3776.510009765625,3801.6201171875,4994950000,0.98338602392674,0,0.0,0.0,0.0,0.0,0.0,
13/01/2021,3809.840087890625,3820.9599609375,3791.5,3802.22998046875,4602510000,0.9614565894675976,0,0.0,0.0,0.0,0.0,0.0,
14/01/2021,3795.5400390625,3823.60009765625,3792.860107421875,3814.97998046875,5198480000,1.0814661146248232,0,0.0,0.0,0.0,0.0,0.0,
15/01/2021,3768.25,3788.72998046875,3749.6201171875,3788.72998046875,5369820000,1.0900447765617496,0,0.0,0.0,0.0,0.0,0.0,
19/01/2021,3798.909912109375,3804.530029296875,3780.3701171875,3781.8798828125,5014440000,0.9957109157194939,0,0.0,0.0,0.0,0.0,0.0,
20/01/2021,3851.85009765625,3859.75,3816.219970703125,3816.219970703125,4566190000,0.9224089588322942,0,0.0,0.0,0.0,0.0,0.0,
21/01/2021,3853.070068359375,3861.449951171875,3845.050048828125,3857.4599609375,4501760000,0.9131103429559173,0,0.0,0.0,0.0,0.0,0.0,
22/01/2021,3841.469970703125,3852.31005859375,3830.409912109375,3844.239990234375,5110890000,1.0403593194670053,0,0.0,0.0,0.0,0.0,0.0,
25/01/2021,3855.360107421875,3859.22998046875,3797.159912109375,3851.679931640625,7000840000,1.3363380789276371,0,0.0,0.0,0.0,0.0,0.0,
26/01/2021,3849.6201171875,3870.89990234375,3847.780029296875,3862.9599609375,6137500000,1.1233773032209036,0,0.0,0.0,0.0,0.0,0.0,
27/01/2021,3750.77001953125,3836.830078125,3732.47998046875,3836.830078125,9976520000,1.5241795052541425,1,1.173913043478261,0.0481182774252504,0.13649851632047477,0.7032640949554896,0.16023738872403562,0.0
28/01/2021,3787.3798828125,3830.5,3755.75,3755.75,6992770000,0.9927688613831587,0,0.0,0.0,0.0,0.0,0.0,
29/01/2021,3714.239990234375,3778.050048828125,3694.1201171875,3778.050048828125,6643370000,0.9038352697885772,0,0.0,0.0,0.0,0.0,0.0,
01/02/2021,3773.860107421875,3784.320068359375,3725.6201171875,3731.169921875,5436230000,0.7724904430377768,0,0.0,0.0,0.0,0.0,0.0,
02/02/2021,3826.31005859375,3843.090087890625,3791.840087890625,3791.840087890625,5514090000,0.7976872943247371,0,0.0,0.0,0.0,0.0,0.0,
03/02/2021,3830.169921875,3847.510009765625,3816.679931640625,3840.27001953125,4864870000,0.8259168601214274,0,0.0,0.0,0.0,0.0,0.0,
04/02/2021,3871.739990234375,3872.419921875,3836.659912109375,3836.659912109375,4879240000,0.8923980715346517,0,0.0,0.0,0.0,0.0,0.0,
05/02/2021,3886.830078125,3894.56005859375,3874.929931640625,3878.300048828125,4879470000,0.9539941111836677,0,0.0,0.0,0.0,0.0,0.0,
08/02/2021,3915.590087890625,3915.77001953125,3892.590087890625,3892.590087890625,4648360000,0.9376975659272582,0,0.0,0.0,0.0,0.0,0.0,
09/02/2021,3911.22998046875,3918.35009765625,3902.639892578125,3910.489990234375,4568320000,0.9581103561790014,0,0.0,0.0,0.0,0.0,0.0,
10/02/2021,3909.8798828125,3931.5,3884.93994140625,3920.780029296875,4837070000,1.0156594488767645,0,0.0,0.0,0.0,0.0,0.0,
11/02/2021,3916.3798828125,3925.989990234375,3890.389892578125,3916.39990234375,4590960000,0.9757959682335368,0,0.0,0.0,0.0,0.0,0.0,
12/02/2021,3934.830078125,3937.22998046875,3905.780029296875,3911.64990234375,4135060000,0.9076167143039635,0,0.0,0.0,0.0,0.0,0.0,
16/02/2021,3932.590087890625,3950.429931640625,3923.85009765625,3939.610107421875,5058990000,1.0907509141713814,0,0.0,0.0,0.0,0.0,0.0,
17/02/2021,3931.330078125,3933.610107421875,3900.429931640625,3918.5,4730650000,1.0128687309792046,0,0.0,0.0,0.0,0.0,0.0,
18/02/2021,3913.969970703125,3921.97998046875,3885.030029296875,3915.860107421875,4793650000,1.0282693910716363,0,0.0,0.0,0.0,0.0,0.0,
19/02/2021,3906.7099609375,3930.409912109375,3903.070068359375,3921.159912109375,4845320000,1.0281335632352686,0,0.0,0.0,0.0,0.0,0.0,
22/02/2021,3876.5,3902.919921875,3874.7099609375,3885.550048828125,5917100000,1.167278407272868,0,0.0,0.0,0.0,0.0,0.0,
23/02/2021,3881.3701171875,3895.97998046875,3805.590087890625,3857.070068359375,6296610000,1.1843155090050794,0,0.0,0.0,0.0,0.0,0.0,
24/02/2021,3925.429931640625,3928.64990234375,3859.60009765625,3873.7099609375,6012790000,1.078896210973653,0,0.0,0.0,0.0,0.0,0.0,
25/02/2021,3829.340087890625,3925.02001953125,3814.0400390625,3915.800048828125,6547470000,1.1052712607223198,0,0.0,0.0,0.0,0.0,0.0,
26/02/2021,3811.14990234375,3861.080078125,3789.5400390625,3839.659912109375,6526070000,1.042501862617428,0,0.0,0.0,0.0,0.0,0.0,
01/03/2021,3901.820068359375,3914.5,3842.510009765625,3842.510009765625,5114820000,0.8385566677683869,0,0.0,0.0,0.0,0.0,0.0,
02/03/2021,3870.2900390625,3906.409912109375,3868.570068359375,3903.639892578125,5536010000,0.9308235890717204,0,0.0,0.0,0.0,0.0,0.0,
03/03/2021,3819.719970703125,3874.469970703125,3818.860107421875,3863.989990234375,6173660000,1.0324526398562046,0,0.0,0.0,0.0,0.0,0.0,
04/03/2021,3768.469970703125,3843.669921875,3723.340087890625,3818.530029296875,7195400000,1.1777989626124044,0,0.0,0.0,0.0,0.0,0.0,
05/03/2021,3841.93994140625,3851.68994140625,3730.18994140625,3793.580078125,6851070000,1.1096302155812452,0,0.0,0.0,0.0,0.0,0.0,
08/03/2021,3821.35009765625,3881.06005859375,3819.25,3844.389892578125,5871710000,0.9282499442737967,0,0.0,0.0,0.0,0.0,0.0,
09/03/2021,3875.43994140625,3903.760009765625,3851.929931640625,3851.929931640625,5513560000,0.872249678852348,0,0.0,0.0,0.0,0.0,0.0,
10/03/2021,3898.81005859375,3917.35009765625,3885.72998046875,3891.989990234375,5847380000,0.9347098000199494,0,0.0,0.0,0.0,0.0,0.0,
11/03/2021,3939.340087890625,3960.27001953125,3915.5400390625,3915.5400390625,5312880000,0.903655524788581,0,0.0,0.0,0.0,0.0,0.0,
12/03/2021,3943.340087890625,3944.989990234375,3915.2099609375,3924.52001953125,4476280000,0.828271681282638,0,0.0,0.0,0.0,0.0,0.0,
15/03/2021,3968.93994140625,3970.080078125,3923.5400390625,3942.9599609375,4900100000,0.9405110133511451,0,0.0,0.0,0.0,0.0,0.0,
16/03/2021,3962.7099609375,3981.0400390625,3953.43994140625,3973.590087890625,4613080000,0.9171235305999431,0,0.0,0.0,0.0,0.0,0.0,
17/03/2021,3974.1201171875,3983.8701171875,3935.739990234375,3949.570068359375,4561660000,0.9557618169627892,1,1.425531914893617,0.071008322169048,0.12566844919786097,0.6951871657754011,0.17914438502673796,0.0
18/03/2021,3915.4599609375,3969.6201171875,3910.860107421875,3953.5,5118590000,1.0812532134952224,0,0.0,0.0,0.0,0.0,0.0,
19/03/2021,3913.10009765625,3930.1201171875,3886.75,3913.139892578125,7757420000,1.4391790982473651,0,0.0,0.0,0.0,0.0,0.0,
22/03/2021,3940.590087890625,3955.31005859375,3914.159912109375,3916.47998046875,4316260000,0.8184962951809857,0,0.0,0.0,0.0,0.0,0.0,
23/03/2021,3910.52001953125,3949.1298828125,3901.570068359375,3937.60009765625,4669010000,0.883514476436006,0,0.0,0.0,0.0,0.0,0.0,
24/03/2021,3889.139892578125,3942.080078125,3889.070068359375,3919.929931640625,4783020000,0.897569086070942,0,0.0,0.0,0.0,0.0,0.0,
25/03/2021,3909.52001953125,3919.5400390625,3853.5,3879.340087890625,4948340000,0.9345642242120114,0,0.0,0.0,0.0,0.0,0.0,
26/03/2021,3974.5400390625,3978.18994140625,3917.1201171875,3917.1201171875,5483160000,1.1328941284201226,0,0.0,0.0,0.0,0.0,0.0,
29/03/2021,3971.090087890625,3981.830078125,3943.25,3969.31005859375,4628180000,0.94407530115198,0,0.0,0.0,0.0,0.0,0.0,
30/03/2021,3958.550048828125,3968.010009765625,3944.35009765625,3963.340087890625,4121510000,0.8599302877082116,0,0.0,0.0,0.0,0.0,0.0,
31/03/2021,3972.889892578125,3994.409912109375,3966.97998046875,3967.25,4578050000,0.9634251768995978,0,0.0,0.0,0.0,0.0,0.0,
01/04/2021,4019.8701171875,4020.6298828125,3992.780029296875,3992.780029296875,4162130000,0.9058731042444118,0,0.0,0.0,0.0,0.0,0.0,
05/04/2021,4077.909912109375,4083.419921875,4034.43994140625,4034.43994140625,4005030000,0.9316233152980474,0,0.0,0.0,0.0,0.0,0.0,
06/04/2021,4073.93994140625,4086.22998046875,4068.139892578125,4075.570068359375,4081270000,0.9741435813173484,0,0.0,0.0,0.0,0.0,0.0,
07/04/2021,4079.949951171875,4083.1298828125,4068.31005859375,4074.2900390625,4120810000,0.9836141095101084,0,0.0,0.0,0.0,0.0,0.0,
08/04/2021,4097.169921875,4098.18994140625,4082.5400390625,4089.949951171875,3907100000,0.9634628340223137,0,0.0,0.0,0.0,0.0,0.0,
09/04/2021,4128.7998046875,4129.47998046875,4095.510009765625,4096.10986328125,3640390000,0.9214031162362184,0,0.0,0.0,0.0,0.0,0.0,
12/04/2021,4127.990234375,4131.759765625,4114.81982421875,4124.7099609375,3588900000,0.9279172550879154,0,0.0,0.0,0.0,0.0,0.0,
13/04/2021,4141.58984375,4148.0,4124.43017578125,4130.10009765625,3734720000,0.983239188033648,0,0.0,0.0,0.0,0.0,0.0,
14/04/2021,4124.66015625,4151.68994140625,4120.8701171875,4141.580078125,3985350000,1.0567598584251763,0,0.0,0.0,0.0,0.0,0.0,
15/04/2021,4170.419921875,4173.490234375,4139.759765625,4139.759765625,4033420000,1.0623891758741344,0,0.0,0.0,0.0,0.0,0.0,
16/04/2021,4185.47021484375,4191.31005859375,4170.75,4174.14013671875,4163820000,1.0673062578532682,0,0.0,0.0,0.0,0.0,0.0,
19/04/2021,4163.259765625,4180.81005859375,4150.47021484375,4179.7998046875,3810290000,0.9657256838135404,0,0.0,0.0,0.0,0.0,0.0,
20/04/2021,4134.93994140625,4159.18017578125,4118.3798828125,4159.18017578125,4342650000,1.067749402154751,0,0.0,0.0,0.0,0.0,0.0,
21/04/2021,4173.419921875,4175.02001953125,4126.35009765625,4128.419921875,3887250000,0.9604109810386002,0,0.0,0.0,0.0,0.0,0.0,
22/04/2021,4134.97998046875,4179.56982421875,4123.68994140625,4170.4599609375,4245140000,1.0379746835443038,0,0.0,0.0,0.0,0.0,0.0,
23/04/2021,4180.169921875,4194.169921875,4138.77978515625,4138.77978515625,3569880000,0.8989781523338207,0,0.0,0.0,0.0,0.0,0.0,
26/04/2021,4187.6201171875,4194.18994140625,4182.35986328125,4185.02978515625,3748320000,0.9468687289195705,0,0.0,0.0,0.0,0.0,0.0,
27/04/2021,4186.72021484375,4193.35009765625,4176.22021484375,4188.25,3710700000,0.9682803193313185,0,0.0,0.0,0.0,0.0,0.0,
28/04/2021,4183.18017578125,4201.52978515625,4181.77978515625,4185.14013671875,3787360000,0.9934632293535627,1,1.3333333333333333,0.0649100025292745,0.14950166112956811,0.6511627906976745,0.19933554817275748,0.0
29/04/2021,4211.47021484375,4218.77978515625,4176.81005859375,4206.14013671875,4298680000,1.1244293730453772,0,0.0,0.0,0.0,0.0,0.0,
30/04/2021,4181.169921875,4198.10009765625,4174.85009765625,4198.10009765625,4300880000,1.0835667144010313,0,0.0,0.0,0.0,0.0,0.0,
03/05/2021,4192.66015625,4209.39013671875,4188.02978515625,4191.97998046875,4070220000,1.0090867440439828,0,0.0,0.0,0.0,0.0,0.0,
04/05/2021,4164.66015625,4179.0400390625,4128.58984375,4179.0400390625,4452460000,1.0646927726977082,0,0.0,0.0,0.0,0.0,0.0,
05/05/2021,4167.58984375,4187.72021484375,4160.93994140625,4177.06005859375,4230920000,0.9907011421260367,0,0.0,0.0,0.0,0.0,0.0,
06/05/2021,4201.6201171875,4202.7001953125,4147.330078125,4169.14013671875,4511000000,1.0458844412459172,0,0.0,0.0,0.0,0.0,0.0,
07/05/2021,4232.60009765625,4238.0400390625,4201.64013671875,4210.33984375,4016080000,0.9435976669918442,0,0.0,0.0,0.0,0.0,0.0,
10/05/2021,4188.43017578125,4236.39013671875,4188.1298828125,4228.2900390625,4560700000,1.04741777654475,0,0.0,0.0,0.0,0.0,0.0,
11/05/2021,4152.10009765625,4162.0400390625,4111.52978515625,4150.33984375,4870710000,1.0975303083768337,0,0.0,0.0,0.0,0.0,0.0,
12/05/2021,4063.0400390625,4134.72998046875,4056.8798828125,4130.5498046875,4733070000,1.0429141936473296,0,0.0,0.0,0.0,0.0,0.0,
13/05/2021,4112.5,4131.580078125,4074.989990234375,4074.989990234375,4779540000,1.0408360590763976,0,0.0,0.0,0.0,0.0,0.0,
14/05/2021,4173.85009765625,4183.1298828125,4129.580078125,4129.580078125,4008880000,0.8732839859015636,0,0.0,0.0,0.0,0.0,0.0,
17/05/2021,4163.2900390625,4171.919921875,4142.68994140625,4169.919921875,4125050000,0.915975529871543,0,0.0,0.0,0.0,0.0,0.0,
18/05/2021,4127.830078125,4169.14990234375,4125.990234375,4165.93994140625,4398150000,0.9975531522557133,0,0.0,0.0,0.0,0.0,0.0,
19/05/2021,4115.68017578125,4116.93017578125,4061.409912109375,4098.4501953125,4247450000,0.9850726399608146,0,0.0,0.0,0.0,0.0,0.0,
20/05/2021,4159.1201171875,4172.7998046875,4121.97021484375,4121.97021484375,3978880000,0.9583778333697042,0,0.0,0.0,0.0,0.0,0.0,
21/05/2021,4155.85986328125,4188.72021484375,4151.72021484375,4168.60986328125,3995250000,0.9629530898857448,0,0.0,0.0,0.0,0.0,0.0,
24/05/2021,4197.0498046875,4209.52001953125,4170.16015625,4170.16015625,3684800000,0.907383721760612,0,0.0,0.0,0.0,0.0,0.0,
25/05/2021,4188.1298828125,4213.419921875,4182.52001953125,4205.93994140625,4182250000,1.040949532148285,0,0.0,0.0,0.0,0.0,0.0,
26/05/2021,4195.990234375,4202.60986328125,4184.10986328125,4191.58984375,4420890000,1.0909275310962798,0,0.0,0.0,0.0,0.0,0.0,
27/05/2021,4200.8798828125,4213.3798828125,4197.77978515625,4201.93994140625,6406310000,1.4117345027435597,0,0.0,0.0,0.0,0.0,0.0,
28/05/2021,4204.10986328125,4218.35986328125,4203.56982421875,4210.77001953125,4649250000,0.9958339580611305,0,0.0,0.0,0.0,0.0,0.0,
01/06/2021,4202.0400390625,4234.1201171875,4197.58984375,4216.52001953125,5074670000,1.025875163796927,0,0.0,0.0,0.0,0.0,0.0,
02/06/2021,4208.1201171875,4217.3701171875,4198.27001953125,4206.81982421875,5833670000,1.1054986604024515,0,0.0,0.0,0.0,0.0,0.0,
03/06/2021,4192.85009765625,4204.39013671875,4167.93017578125,4191.43017578125,5587970000,1.0140818027959626,0,0.0,0.0,0.0,0.0,0.0,
04/06/2021,4229.89013671875,4233.4501953125,4206.0498046875,4206.0498046875,4139790000,0.818614335969247,0,0.0,0.0,0.0,0.0,0.0,
07/06/2021,4226.52001953125,4232.33984375,4215.66015625,4229.33984375,4476920000,0.8913543651858677,0,0.0,0.0,0.0,0.0,0.0,
08/06/2021,4227.259765625,4236.740234375,4208.41015625,4233.81005859375,4659620000,0.9433204429351886,0,0.0,0.0,0.0,0.0,0.0,
09/06/2021,4219.5498046875,4237.08984375,4218.740234375,4232.990234375,4713260000,0.9995224272571038,0,0.0,0.0,0.0,0.0,0.0,
10/06/2021,4239.18017578125,4249.740234375,4220.33984375,4228.56005859375,4408210000,0.9840720963666074,0,0.0,0.0,0.0,0.0,0.0,
11/06/2021,4247.43994140625,4248.3798828125,4232.25,4242.89990234375,3815010000,0.8641794371590295,0,0.0,0.0,0.0,0.0,0.0,
14/06/2021,4255.14990234375,4255.58984375,4234.06982421875,4248.31005859375,4151200000,0.9544173299673983,0,0.0,0.0,0.0,0.0,0.0,
15/06/2021,4246.58984375,4257.16015625,4238.35009765625,4255.27978515625,4048940000,0.9578021462277317,0,0.0,0.0,0.0,0.0,0.0,
16/06/2021,4223.7001953125,4251.89013671875,4202.4501953125,4248.8701171875,4538350000,1.0825333429381476,1,1.6222222222222222,0.0880953783723812,0.13196480938416422,0.6539589442815249,0.21407624633431085,0.0
17/06/2021,4221.85986328125,4232.2900390625,4196.0498046875,4220.3701171875,5312680000,1.2148166712246948,0,0.0,0.0,0.0,0.0,0.0,
18/06/2021,4166.4501953125,4204.77978515625,4164.39990234375,4204.77978515625,6817010000,1.3706290528699727,0,0.0,0.0,0.0,0.0,0.0,
21/06/2021,4224.7900390625,4226.240234375,4173.39990234375,4173.39990234375,4128950000,0.8309107366880611,0,0.0,0.0,0.0,0.0,0.0,
22/06/2021,4246.43994140625,4255.83984375,4217.27001953125,4224.60986328125,3828390000,0.7773260757803534,0,0.0,0.0,0.0,0.0,0.0,
23/06/2021,4241.83984375,4256.60009765625,4241.43017578125,4249.27001953125,3730350000,0.7831151033405017,0,0.0,0.0,0.0,0.0,0.0,
24/06/2021,4266.490234375,4271.27978515625,4256.97021484375,4256.97021484375,3816660000,0.8549344663586806,0,0.0,0.0,0.0,0.0,0.0,
25/06/2021,4280.7001953125,4286.1201171875,4271.16015625,4274.4501953125,7341450000,1.6067395319927513,0,0.0,0.0,0.0,0.0,0.0,
28/06/2021,4290.60986328125,4292.14013671875,4274.669921875,4284.89990234375,4147890000,0.9070494569367507,0,0.0,0.0,0.0,0.0,0.0,
29/06/2021,4291.7998046875,4300.52001953125,4287.0400390625,4293.2099609375,3707150000,0.8149910963572009,0,0.0,0.0,0.0,0.0,0.0,
30/06/2021,4297.5,4302.43017578125,4287.9599609375,4290.64990234375,4266040000,0.9162775852596245,0,0.0,0.0,0.0,0.0,0.0,
01/07/2021,4319.93994140625,4320.66015625,4300.72998046875,4300.72998046875,3788230000,0.814646488974984,0,0.0,0.0,0.0,0.0,0.0,
02/07/2021,4352.33984375,4355.43017578125,4326.60009765625,4326.60009765625,3225840000,0.8429095146889364,0,0.0,0.0,0.0,0.0,0.0,
06/07/2021,4343.5400390625,4356.4599609375,4314.3701171875,4356.4599609375,4309570000,1.1166523206143186,0,0.0,0.0,0.0,0.0,0.0,
07/07/2021,4358.1298828125,4361.8798828125,4329.7900390625,4351.009765625,4037380000,1.0285238848813831,0,0.0,0.0,0.0,0.0,0.0,
08/07/2021,4320.81982421875,4330.8798828125,4289.3701171875,4321.06982421875,4347500000,1.1029493843271845,0,0.0,0.0,0.0,0.0,0.0,
09/07/2021,4369.5498046875,4371.60009765625,4329.3798828125,4329.3798828125,3531120000,0.9076771298327474,0,0.0,0.0,0.0,0.0,0.0,
12/07/2021,4384.6298828125,4386.68017578125,4364.02978515625,4372.41015625,3384460000,0.8629410561840039,0,0.0,0.0,0.0,0.0,0.0,
13/07/2021,4369.2099609375,4392.3701171875,4366.919921875,4381.06982421875,3695430000,0.972691987582577,0,0.0,0.0,0.0,0.0,0.0,
14/07/2021,4374.2998046875,4393.68017578125,4362.35986328125,4380.10986328125,4006370000,1.0562603085281848,0,0.0,0.0,0.0,0.0,0.0,
15/07/2021,4360.02978515625,4369.02001953125,4340.7001953125,4369.02001953125,3905230000,1.0541791896498387,0,0.0,0.0,0.0,0.0,0.0,
16/07/2021,4327.16015625,4375.08984375,4322.52978515625,4367.43017578125,3985700000,1.050129128706621,0,0.0,0.0,0.0,0.0,0.0,
19/07/2021,4258.490234375,4296.39990234375,4233.1298828125,4296.39990234375,5157660000,1.2427862801614813,0,0.0,0.0,0.0,0.0,0.0,
20/07/2021,4323.06005859375,4336.83984375,4262.0498046875,4265.10986328125,4438270000,1.0324809253890643,0,0.0,0.0,0.0,0.0,0.0,
21/07/2021,4358.68994140625,4359.7001953125,4331.1298828125,4331.1298828125,3810280000,0.8945520384427205,0,0.0,0.0,0.0,0.0,0.0,
22/07/2021,4367.47998046875,4369.8701171875,4350.06005859375,4361.27001953125,3358300000,0.809220725958918,0,0.0,0.0,0.0,0.0,0.0,
23/07/2021,4411.7900390625,4415.18017578125,4381.2001953125,4381.2001953125,4540070000,1.065515020713856,0,0.0,0.0,0.0,0.0,0.0,
26/07/2021,4422.2998046875,4422.72998046875,4405.4501953125,4409.580078125,4275630000,1.046791414392424,0,0.0,0.0,0.0,0.0,0.0,
27/07/2021,4401.4599609375,4416.3798828125,4372.509765625,4416.3798828125,4241950000,1.0486259673700933,0,0.0,0.0,0.0,0.0,0.0,
28/07/2021,4400.64013671875,4415.47021484375,4387.009765625,4402.9501953125,4215290000,1.021579410641338,1,1.148936170212766,0.0240092442760614,0.1394658753709199,0.7002967359050445,0.16023738872403562,0.0
29/07/2021,4419.14990234375,4429.97021484375,4403.58984375,4403.58984375,4044600000,0.9486554264704089,0,0.0,0.0,0.0,0.0,0.0,
30/07/2021,4395.259765625,4412.25,4389.64990234375,4395.1201171875,3956740000,0.9541574045984872,0,0.0,0.0,0.0,0.0,0.0,
02/08/2021,4387.16015625,4422.18017578125,4384.81005859375,4406.85986328125,3724090000,0.9225959697106478,0,0.0,0.0,0.0,0.0,0.0,
03/08/2021,4423.14990234375,4423.7900390625,4373.0,4392.740234375,3965190000,0.9959831025057383,0,0.0,0.0,0.0,0.0,0.0,
04/08/2021,4402.66015625,4416.169921875,4400.22998046875,4415.9501953125,4260760000,1.067785787248802,0,0.0,0.0,0.0,0.0,0.0,
05/08/2021,4429.10009765625,4429.759765625,4408.85986328125,4408.85986328125,3769410000,0.9578607443819154,0,0.0,0.0,0.0,0.0,0.0,
06/08/2021,4436.52001953125,4440.81982421875,4429.06982421875,4429.06982421875,3451870000,0.900269256368367,0,0.0,0.0,0.0,0.0,0.0,
09/08/2021,4432.35009765625,4439.39013671875,4424.740234375,4437.77001953125,3449280000,0.9126764677710328,0,0.0,0.0,0.0,0.0,0.0,
10/08/2021,4436.75,4445.2099609375,4430.02978515625,4435.7900390625,3886610000,1.032687973650662,0,0.0,0.0,0.0,0.0,0.0,
11/08/2021,4442.41015625,4449.43994140625,4436.419921875,4442.18017578125,3532560000,0.9763993160760277,0,0.0,0.0,0.0,0.0,0.0,
12/08/2021,4460.830078125,4461.77001953125,4435.9599609375,4446.080078125,3375310000,0.9537128658318467,0,0.0,0.0,0.0,0.0,0.0,
13/08/2021,4468.0,4468.3701171875,4460.81982421875,4464.83984375,3016470000,0.873820916639002,0,0.0,0.0,0.0,0.0,0.0,
16/08/2021,4479.7099609375,4480.259765625,4437.66015625,4461.64990234375,3370640000,0.9808871006699613,0,0.0,0.0,0.0,0.0,0.0,
17/08/2021,4448.080078125,4462.1201171875,4417.830078125,4462.1201171875,3836960000,1.1198264761609018,0,0.0,0.0,0.0,0.0,0.0,
18/08/2021,4400.27001953125,4454.31982421875,4397.58984375,4440.93994140625,3755590000,1.081992651096487,0,0.0,0.0,0.0,0.0,0.0,
19/08/2021,4405.7998046875,4418.60986328125,4367.72998046875,4382.43994140625,4398410000,1.1966463290214915,0,0.0,0.0,0.0,0.0,0.0,
20/08/2021,4441.669921875,4444.35009765625,4406.7998046875,4410.56005859375,3652610000,0.9604948088824096,0,0.0,0.0,0.0,0.0,0.0,
23/08/2021,4479.52978515625,4489.8798828125,4450.2900390625,4450.2900390625,3576530000,0.9304139936836957,0,0.0,0.0,0.0,0.0,0.0,
24/08/2021,4486.22998046875,4492.81005859375,4482.27978515625,4484.39990234375,3979220000,1.0275658545755786,0,0.0,0.0,0.0,0.0,0.0,
25/08/2021,4496.18994140625,4501.7099609375,4485.66015625,4490.4501953125,3444700000,0.9040509734944338,0,0.0,0.0,0.0,0.0,0.0,
26/08/2021,4470.0,4495.89990234375,4468.990234375,4493.75,3263980000,0.9108591597719267,0,0.0,0.0,0.0,0.0,0.0,
27/08/2021,4509.3701171875,4513.330078125,4474.10009765625,4474.10009765625,3331200000,0.9465986725112997,0,0.0,0.0,0.0,0.0,0.0,
30/08/2021,4528.7900390625,4537.35986328125,4513.759765625,4513.759765625,3168660000,0.9217780560119527,0,0.0,0.0,0.0,0.0,0.0,
31/08/2021,4522.68017578125,4531.39013671875,4515.7998046875,4529.75,4290710000,1.2259696844150463,0,0.0,0.0,0.0,0.0,0.0,
01/09/2021,4524.08984375,4537.10986328125,4522.02001953125,4528.7998046875,4057340000,1.1200763697217684,0,0.0,0.0,0.0,0.0,0.0,
02/09/2021,4536.9501953125,4545.85009765625,4524.66015625,4534.47998046875,3735990000,1.0051684522624422,0,0.0,0.0,0.0,0.0,0.0,
03/09/2021,4535.43017578125,4541.4501953125,4521.2998046875,4532.419921875,3217530000,0.8710043134276075,0,0.0,0.0,0.0,0.0,0.0,
07/09/2021,4520.02978515625,4535.3798828125,4513.0,4535.3798828125,3822960000,0.9994912293269429,0,0.0,0.0,0.0,0.0,0.0,
08/09/2021,4514.06982421875,4521.7900390625,4493.9501953125,4518.08984375,3750880000,1.0091311670352494,0,0.0,0.0,0.0,0.0,0.0,
09/09/2021,4493.27978515625,4529.89990234375,4492.06982421875,4513.02001953125,3735390000,1.022680045447701,0,0.0,0.0,0.0,0.0,0.0,
10/09/2021,4458.580078125,4520.47021484375,4457.66015625,4506.919921875,3623180000,0.9981245117063748,0,0.0,0.0,0.0,0.0,0.0,
13/09/2021,4468.72998046875,4492.990234375,4445.7001953125,4474.81005859375,3914220000,1.0384402941003246,0,0.0,0.0,0.0,0.0,0.0,
14/09/2021,4443.0498046875,4485.68017578125,4435.4599609375,4479.330078125,3670460000,0.981714580994141,0,0.0,0.0,0.0,0.0,0.0,
15/09/2021,4480.7001953125,4486.8701171875,4438.3701171875,4447.490234375,4032020000,1.0624407452436777,0,0.0,0.0,0.0,0.0,0.0,
16/09/2021,4473.75,4485.8701171875,4443.7998046875,4477.08984375,3984560000,1.036326675835551,0,0.0,0.0,0.0,0.0,0.0,
17/09/2021,4432.990234375,4471.52001953125,4427.759765625,4469.740234375,7289530000,1.5922408095133458,0,0.0,0.0,0.0,0.0,0.0,
20/09/2021,4357.72998046875,4402.9501953125,4305.91015625,4402.9501953125,4898070000,1.0257892893882379,0,0.0,0.0,0.0,0.0,0.0,
21/09/2021,4354.18994140625,4394.8701171875,4347.9599609375,4374.4501953125,3920920000,0.8126225383521727,0,0.0,0.0,0.0,0.0,0.0,
22/09/2021,4395.64013671875,4416.75,4367.43017578125,4367.43017578125,3939170000,0.8195591340802464,1,1.4722222222222223,0.0635971151990037,0.12040133779264214,0.7023411371237458,0.17725752508361203,0.0
23/09/2021,4448.97998046875,4465.39990234375,4406.75,4406.75,3916350000,0.8171305839916808,0,0.0,0.0,0.0,0.0,0.0,
24/09/2021,4455.47998046875,4463.1201171875,4430.27001953125,4438.0400390625,3384290000,0.8435923385247373,0,0.0,0.0,0.0,0.0,0.0,
27/09/2021,4443.10986328125,4457.2998046875,4436.18994140625,4442.1201171875,4058650000,1.0558743310137997,0,0.0,0.0,0.0,0.0,0.0,
28/09/2021,4352.6298828125,4419.5400390625,4346.330078125,4419.5400390625,4416550000,1.1200983413145618,0,0.0,0.0,0.0,0.0,0.0,
29/09/2021,4359.4599609375,4385.56982421875,4355.080078125,4362.41015625,3712660000,0.9525258485773661,0,0.0,0.0,0.0,0.0,0.0,
30/09/2021,4307.5400390625,4382.5498046875,4306.240234375,4370.669921875,4448140000,1.1109079838503837,0,0.0,0.0,0.0,0.0,0.0,
01/10/2021,4357.0400390625,4375.18994140625,4288.52001953125,4317.16015625,4010370000,0.9712046233793156,0,0.0,0.0,0.0,0.0,0.0,
04/10/2021,4300.4599609375,4355.509765625,4278.93994140625,4348.83984375,4307870000,1.030808414598487,0,0.0,0.0,0.0,0.0,0.0,
05/10/2021,4345.72021484375,4369.22998046875,4309.8701171875,4309.8701171875,3902890000,0.957438770518788,0,0.0,0.0,0.0,0.0,0.0,
06/10/2021,4363.5498046875,4365.56982421875,4290.490234375,4319.56982421875,4009630000,0.9694978939885583,0,0.0,0.0,0.0,0.0,0.0,
07/10/2021,4399.759765625,4429.97021484375,4383.72998046875,4383.72998046875,3843740000,0.9573688012154724,0,0.0,0.0,0.0,0.0,0.0,
08/10/2021,4391.33984375,4412.02001953125,4386.22021484375,4406.509765625,3280160000,0.8478367518270249,0,0.0,0.0,0.0,0.0,0.0,
11/10/2021,4361.18994140625,4415.8798828125,4360.58984375,4385.43994140625,3281970000,0.8958128962206832,0,0.0,0.0,0.0,0.0,0.0,
12/10/2021,4350.64990234375,4374.89013671875,4342.08984375,4368.31005859375,3558450000,0.9898909254782616,0,0.0,0.0,0.0,0.0,0.0,
13/10/2021,4363.7998046875,4372.8701171875,4329.919921875,4358.009765625,3620070000,1.0293419333852354,0,0.0,0.0,0.0,0.0,0.0,
14/10/2021,4438.259765625,4439.72998046875,4386.75,4386.75,3598280000,1.0376303497389978,0,0.0,0.0,0.0,0.0,0.0,
15/10/2021,4471.3701171875,4475.81982421875,4447.68994140625,4447.68994140625,3819380000,1.0681698050413493,0,0.0,0.0,0.0,0.0,0.0,
18/10/2021,4486.4599609375,4488.75,4447.47021484375,4463.72021484375,3662010000,1.0028403691713144,0,0.0,0.0,0.0,0.0,0.0,
19/10/2021,4519.6298828125,4520.39990234375,4496.41015625,4497.33984375,3459130000,0.952462901050561,0,0.0,0.0,0.0,0.0,0.0,
20/10/2021,4536.18994140625,4540.8701171875,4524.39990234375,4524.419921875,3670760000,1.0079211139643132,0,0.0,0.0,0.0,0.0,0.0,
21/10/2021,4549.77978515625,4551.43994140625,4526.89013671875,4532.240234375,3822330000,1.036782811397225,0,0.0,0.0,0.0,0.0,0.0,
22/10/2021,4544.89990234375,4559.669921875,4524.0,4546.1201171875,3758220000,1.0227868357241414,0,0.0,0.0,0.0,0.0,0.0,
25/10/2021,4566.47998046875,4572.6201171875,4537.35986328125,4553.68994140625,3899400000,1.047671554403477,0,0.0,0.0,0.0,0.0,0.0,
26/10/2021,4574.7900390625,4598.52978515625,4569.169921875,4578.68994140625,3879740000,1.0193505671174354,0,0.0,0.0,0.0,0.0,0.0,
27/10/2021,4551.68017578125,4584.56982421875,4551.66015625,4580.22021484375,4226050000,1.0788589044886738,0,0.0,0.0,0.0,0.0,0.0,
28/10/2021,4596.419921875,4597.5498046875,4562.83984375,4562.83984375,4132950000,1.0386196269066301,0,0.0,0.0,0.0,0.0,0.0,
29/10/2021,4605.3798828125,4608.080078125,4567.58984375,4572.8701171875,4510200000,1.092145906160011,0,0.0,0.0,0.0,0.0,0.0,
01/11/2021,4613.669921875,4620.33984375,4595.06005859375,4610.6201171875,3971540000,0.9583610032200026,0,0.0,0.0,0.0,0.0,0.0,
02/11/2021,4630.64990234375,4635.14990234375,4613.33984375,4613.33984375,3975250000,0.9548548976051583,0,0.0,0.0,0.0,0.0,0.0,
03/11/2021,4660.56982421875,4663.4599609375,4621.18994140625,4630.64990234375,4319660000,1.0329370241420208,1,0.9545454545454546,-0.0079603739284599,0.14666666666666667,0.7133333333333334,0.14,0.0
04/11/2021,4680.06005859375,4683.0,4662.58984375,4662.93017578125,4462300000,1.0504992007608662,0,0.0,0.0,0.0,0.0,0.0,
05/11/2021,4697.52978515625,4718.5,4681.31982421875,4699.259765625,4467180000,1.0537824950356036,0,0.0,0.0,0.0,0.0,0.0,
08/11/2021,4701.7001953125,4714.919921875,4694.39013671875,4701.47998046875,4269710000,0.9932283742980632,0,0.0,0.0,0.0,0.0,0.0,
09/11/2021,4685.25,4708.52978515625,4670.8701171875,4707.25,4117080000,0.9514451192992397,0,0.0,0.0,0.0,0.0,0.0,
10/11/2021,4646.7099609375,4684.85009765625,4630.85986328125,4670.259765625,4503720000,1.0320169715934793,0,0.0,0.0,0.0,0.0,0.0,
11/11/2021,4649.27001953125,4664.5498046875,4648.31005859375,4659.39013671875,3926870000,0.9224691513472677,0,0.0,0.0,0.0,0.0,0.0,
12/11/2021,4682.85009765625,4688.47021484375,4650.77001953125,4655.240234375,3728600000,0.9073794484371152,0,0.0,0.0,0.0,0.0,0.0,
15/11/2021,4682.7998046875,4697.419921875,4672.85986328125,4689.2998046875,3488410000,0.8824858282552512,0,0.0,0.0,0.0,0.0,0.0,
16/11/2021,4700.89990234375,4714.9501953125,4679.419921875,4679.419921875,3972640000,1.0123831308893265,0,0.0,0.0,0.0,0.0,0.0,
17/11/2021,4688.669921875,4701.5,4684.41015625,4701.5,3969070000,1.0398080436601647,0,0.0,0.0,0.0,0.0,0.0,
18/11/2021,4704.5400390625,4708.7998046875,4672.77978515625,4700.72021484375,4226410000,1.0901164965104697,0,0.0,0.0,0.0,0.0,0.0,
19/11/2021,4697.9599609375,4717.75,4694.22021484375,4708.43994140625,4253180000,1.0681170142608807,0,0.0,0.0,0.0,0.0,0.0,
22/11/2021,4682.93994140625,4743.830078125,4682.169921875,4712.0,4441100000,1.0643789784492677,0,0.0,0.0,0.0,0.0,0.0,
23/11/2021,4690.7001953125,4699.39013671875,4652.66015625,4678.47998046875,4277590000,1.0104217107951634,0,0.0,0.0,0.0,0.0,0.0,
24/11/2021,4701.4599609375,4702.8701171875,4659.89013671875,4675.77978515625,3418430000,0.8290435282836107,0,0.0,0.0,0.0,0.0,0.0,
26/11/2021,4594.6201171875,4664.6298828125,4585.43017578125,4664.6298828125,3517700000,0.8834890496282901,0,0.0,0.0,0.0,0.0,0.0,
29/11/2021,4655.27001953125,4672.9501953125,4625.259765625,4628.75,4336410000,1.0845780874913649,0,0.0,0.0,0.0,0.0,0.0,
30/11/2021,4567.0,4646.02001953125,4560.0,4640.25,6625990000,1.4939470926383875,0,0.0,0.0,0.0,0.0,0.0,
01/12/2021,4513.0400390625,4652.93994140625,4510.27001953125,4602.81982421875,5366730000,1.1533784707327577,0,0.0,0.0,0.0,0.0,0.0,
02/12/2021,4577.10009765625,4595.4599609375,4504.72998046875,4504.72998046875,5077180000,1.0185319296533744,0,0.0,0.0,0.0,0.0,0.0,
03/12/2021,4538.43017578125,4608.02978515625,4495.1201171875,4589.490234375,5240070000,0.9832611409129495,0,0.0,0.0,0.0,0.0,0.0,
06/12/2021,4591.669921875,4612.60009765625,4540.509765625,4548.3701171875,4770800000,0.8808464456512869,0,0.0,0.0,0.0,0.0,0.0,
07/12/2021,4686.75,4694.0400390625,4631.97021484375,4631.97021484375,4492400000,0.9003823277821381,0,0.0,0.0,0.0,0.0,0.0,
08/12/2021,4701.2099609375,4705.06005859375,4674.52001953125,4690.85986328125,4234600000,0.8890596492554078,0,0.0,0.0,0.0,0.0,0.0,
09/12/2021,4667.4501953125,4695.259765625,4665.97998046875,4691.0,3903840000,0.8620903633161983,0,0.0,0.0,0.0,0.0,0.0,
10/12/2021,4712.02001953125,4713.56982421875,4670.240234375,4687.64013671875,3870110000,0.9096830303101532,0,0.0,0.0,0.0,0.0,0.0,
13/12/2021,4668.97021484375,4710.2998046875,4667.60009765625,4710.2998046875,4397230000,1.0520605143605808,0,0.0,0.0,0.0,0.0,0.0,
14/12/2021,4634.08984375,4660.47021484375,4606.52001953125,4642.990234375,4485430000,1.0735208731327672,0,0.0,0.0,0.0,0.0,0.0,
15/12/2021,4709.85009765625,4712.60009765625,4611.22021484375,4636.4599609375,4910130000,1.1383570256793563,1,0.8846153846153846,0.0117195876659361,0.15249266862170088,0.7126099706744868,0.1348973607038123,0.0
16/12/2021,4668.669921875,4731.990234375,4651.89013671875,4719.1298828125,4829500000,1.0735848553289111,0,0.0,0.0,0.0,0.0,0.0,
17/12/2021,4620.64013671875,4666.7001953125,4600.22021484375,4652.5,7987090000,1.500803476067462,0,0.0,0.0,0.0,0.0,0.0,
20/12/2021,4568.02001953125,4587.89990234375,4531.10009765625,4587.89990234375,4635700000,0.8633279759831793,0,0.0,0.0,0.0,0.0,0.0,
21/12/2021,4649.22998046875,4651.14013671875,4583.16015625,4594.9599609375,4072430000,0.7702767369589765,0,0.0,0.0,0.0,0.0,0.0,
22/12/2021,4696.56005859375,4697.669921875,4645.52978515625,4650.35986328125,3319610000,0.6680820130790406,0,0.0,0.0,0.0,0.0,0.0,
23/12/2021,4725.7900390625,4740.740234375,4703.9599609375,4703.9599609375,2913040000,0.6352618014669483,0,0.0,0.0,0.0,0.0,0.0,
27/12/2021,4791.18994140625,4791.490234375,4733.990234375,4733.990234375,2770290000,0.7820786660546201,0,0.0,0.0,0.0,0.0,0.0,
28/12/2021,4786.35009765625,4807.02001953125,4780.0400390625,4795.490234375,2707920000,0.8578439602896482,0,0.0,0.0,0.0,0.0,0.0,
29/12/2021,4793.06005859375,4804.06005859375,4778.080078125,4788.64013671875,2963310000,1.009702763427165,0,0.0,0.0,0.0,0.0,0.0,
30/12/2021,4778.72998046875,4808.93017578125,4775.330078125,4794.22998046875,3124950000,1.0790938367389504,0,0.0,0.0,0.0,0.0,0.0,
31/12/2021,4766.18017578125,4786.830078125,4765.75,4775.2099609375,2677820000,0.9399626095789962,0,0.0,0.0,0.0,0.0,0.0,
03/01/2022,4796.56005859375,4796.64013671875,4758.169921875,4778.14013671875,3831020000,1.2515566787890509,0,0.0,0.0,0.0,0.0,0.0,
04/01/2022,4793.5400390625,4818.6201171875,4774.27001953125,4804.509765625,4683170000,1.3550627391817374,0,0.0,0.0,0.0,0.0,0.0,
05/01/2022,4700.580078125,4797.7001953125,4699.43994140625,4787.990234375,4887960000,1.27258015133622,0,0.0,0.0,0.0,0.0,0.0,
06/01/2022,4696.0498046875,4725.009765625,4671.259765625,4693.39013671875,4295280000,1.0540435086686053,0,0.0,0.0,0.0,0.0,0.0,
07/01/2022,4677.02978515625,4707.9501953125,4662.740234375,4697.66015625,4181510000,0.9556015967866817,0,0.0,0.0,0.0,0.0,0.0,
10/01/2022,4670.2900390625,4673.02001953125,4582.240234375,4655.33984375,4511810000,0.9999698577952839,0,0.0,0.0,0.0,0.0,0.0,
11/01/2022,4713.06982421875,4714.1298828125,4638.27001953125,4669.14013671875,4101590000,0.9331062896558627,0,0.0,0.0,0.0,0.0,0.0,
12/01/2022,4726.35009765625,4748.830078125,4706.7099609375,4728.58984375,4048220000,0.9575507334752236,0,0.0,0.0,0.0,0.0,0.0,
13/01/2022,4659.02978515625,4744.1298828125,4650.2900390625,4733.56005859375,4251730000,1.0077644506766104,0,0.0,0.0,0.0,0.0,0.0,
14/01/2022,4662.85009765625,4665.1298828125,4614.75,4637.990234375,4338490000,1.020732793019334,0,0.0,0.0,0.0,0.0,0.0,
18/01/2022,4577.10986328125,4632.240234375,4568.7001953125,4632.240234375,4748700000,1.1049280250624398,0,0.0,0.0,0.0,0.0,0.0,
19/01/2022,4532.759765625,4611.5498046875,4530.2001953125,4588.02978515625,4465740000,1.0217737890840932,0,0.0,0.0,0.0,0.0,0.0,
20/01/2022,4482.72998046875,4602.10986328125,4477.9501953125,4547.35009765625,4640870000,1.0338071767518966,0,0.0,0.0,0.0,0.0,0.0,
21/01/2022,4397.93994140625,4494.52001953125,4395.33984375,4471.3798828125,5589100000,1.1750249128575574,0,0.0,0.0,0.0,0.0,0.0,
24/01/2022,4410.1298828125,4417.35009765625,4222.6201171875,4356.31982421875,6928110000,1.3135092892146825,0,0.0,0.0,0.0,0.0,0.0,
25/01/2022,4356.4501953125,4411.009765625,4287.10986328125,4366.64013671875,5145050000,0.9610136699830811,0,0.0,0.0,0.0,0.0,0.0,
26/01/2022,4349.93017578125,4453.22998046875,4304.7998046875,4408.43017578125,5570640000,0.9992620302169387,1,1.2448979591836735,0.0413095889629419,0.1436950146627566,0.6774193548387096,0.17888563049853373,0.0
27/01/2022,4326.509765625,4428.740234375,4309.5,4380.580078125,5214200000,0.9164730324004907,0,0.0,0.0,0.0,0.0,0.0,
28/01/2022,4431.85009765625,4432.72021484375,4292.4599609375,4336.18994140625,5031090000,0.9019817426814571,0,0.0,0.0,0.0,0.0,0.0,
31/01/2022,4515.5498046875,4516.89013671875,4414.02001953125,4431.7900390625,5098610000,0.9782598268046427,0,0.0,0.0,0.0,0.0,0.0,
01/02/2022,4546.5400390625,4550.490234375,4483.52978515625,4519.56982421875,4816830000,0.9359839759795145,0,0.0,0.0,0.0,0.0,0.0,
02/02/2022,4589.3798828125,4595.31005859375,4544.31982421875,4566.39013671875,4481580000,0.9093262766355914,0,0.0,0.0,0.0,0.0,0.0,
03/02/2022,4477.43994140625,4542.8798828125,4470.39013671875,4535.41015625,4401970000,0.9236162866427641,0,0.0,0.0,0.0,0.0,0.0,
04/02/2022,4500.52978515625,4539.66015625,4451.5,4482.7900390625,4706290000,1.0011133668690608,0,0.0,0.0,0.0,0.0,0.0,
07/02/2022,4483.8701171875,4521.85986328125,4471.47021484375,4505.75,4228480000,0.9340516851003859,0,0.0,0.0,0.0,0.0,0.0,
08/02/2022,4521.5400390625,4531.31982421875,4465.39990234375,4480.02001953125,4459620000,1.0009049310663374,0,0.0,0.0,0.0,0.0,0.0,
09/02/2022,4587.18017578125,4590.02978515625,4547.0,4547.0,4524350000,1.0134870261743465,0,0.0,0.0,0.0,0.0,0.0,
10/02/2022,4504.080078125,4588.919921875,4484.31005859375,4553.240234375,5314860000,1.1437874457681978,0,0.0,0.0,0.0,0.0,0.0,
11/02/2022,4418.64013671875,4526.330078125,4401.41015625,4506.27001953125,5251500000,1.104239446801585,0,0.0,0.0,0.0,0.0,0.0,
14/02/2022,4401.669921875,4426.22021484375,4364.83984375,4412.60986328125,4600390000,0.9524333021955453,0,0.0,0.0,0.0,0.0,0.0,
15/02/2022,4471.06982421875,4472.77001953125,4429.27978515625,4429.27978515625,4430830000,0.9184236087245092,0,0.0,0.0,0.0,0.0,0.0,
16/02/2022,4475.009765625,4489.5498046875,4429.68017578125,4455.75,4283640000,0.896863728067494,0,0.0,0.0,0.0,0.0,0.0,
17/02/2022,4380.259765625,4456.06005859375,4373.81005859375,4456.06005859375,4539420000,0.9823126507739622,0,0.0,0.0,0.0,0.0,0.0,
18/02/2022,4348.8701171875,4394.60009765625,4327.22021484375,4384.56982421875,4708060000,1.043344794910457,0,0.0,0.0,0.0,0.0,0.0,
22/02/2022,4304.759765625,4362.1201171875,4267.10986328125,4332.740234375,5121900000,1.1094119915005511,0,0.0,0.0,0.0,0.0,0.0,
23/02/2022,4225.5,4341.509765625,4221.509765625,4324.93017578125,4797430000,1.0228865544158001,0,0.0,0.0,0.0,0.0,0.0,
24/02/2022,4288.7001953125,4294.72998046875,4114.64990234375,4155.77001953125,6752130000,1.3025474807225912,0,0.0,0.0,0.0,0.0,0.0,
25/02/2022,4384.64990234375,4385.33984375,4286.830078125,4298.3798828125,5177060000,0.9747226487748046,0,0.0,0.0,0.0,0.0,0.0,
28/02/2022,4373.93994140625,4388.83984375,4315.1201171875,4354.169921875,6071370000,1.087284011505776,0,0.0,0.0,0.0,0.0,0.0,
01/03/2022,4306.259765625,4378.4501953125,4279.5400390625,4363.14013671875,5846230000,1.0204903467436013,0,0.0,0.0,0.0,0.0,0.0,
02/03/2022,4386.5400390625,4401.47998046875,4322.56005859375,4322.56005859375,5337870000,0.9144992609130961,0,0.0,0.0,0.0,0.0,0.0,
03/03/2022,4363.490234375,4416.77978515625,4345.56005859375,4401.31005859375,5039890000,0.9172635683350794,0,0.0,0.0,0.0,0.0,0.0,
04/03/2022,4328.8701171875,4342.1201171875,4284.97998046875,4342.1201171875,5797380000,1.031828863969837,0,0.0,0.0,0.0,0.0,0.0,
07/03/2022,4201.08984375,4327.009765625,4199.85009765625,4327.009765625,6940470000,1.1982094369694742,0,0.0,0.0,0.0,0.0,0.0,
08/03/2022,4170.7001953125,4276.93994140625,4157.8701171875,4202.66015625,7243120000,1.192922101813877,0,0.0,0.0,0.0,0.0,0.0,
09/03/2022,4277.8798828125,4299.39990234375,4223.10009765625,4223.10009765625,5662670000,0.922753998643572,0,0.0,0.0,0.0,0.0,0.0,
10/03/2022,4259.52001953125,4268.27978515625,4209.7998046875,4252.5498046875,4980830000,0.8132108082197015,0,0.0,0.0,0.0,0.0,0.0,
11/03/2022,4204.31005859375,4291.009765625,4200.490234375,4279.5,4938640000,0.8295848951126009,0,0.0,0.0,0.0,0.0,0.0,
14/03/2022,4173.10986328125,4247.56982421875,4161.72021484375,4202.75,5574920000,0.9814937792647793,0,0.0,0.0,0.0,0.0,0.0,
15/03/2022,4262.4501953125,4271.0498046875,4187.89990234375,4188.81982421875,5392470000,1.0155490511508114,0,0.0,0.0,0.0,0.0,0.0,
16/03/2022,4357.85986328125,4358.89990234375,4251.990234375,4288.14013671875,6309750000,1.1600250913624897,1,1.4222222222222223,0.0728433515844417,0.15517241379310345,0.6241379310344828,0.2206896551724138,0.0
17/03/2022,4411.669921875,4412.669921875,4335.64990234375,4345.10986328125,4985090000,0.9163475285900782,0,0.0,0.0,0.0,0.0,0.0,
18/03/2022,4463.1201171875,4465.39990234375,4390.56982421875,4407.33984375,8278430000,1.355312884528363,0,0.0,0.0,0.0,0.0,0.0,
21/03/2022,4461.18017578125,4481.75,4424.2998046875,4462.39990234375,4869820000,0.8161100378206408,0,0.0,0.0,0.0,0.0,0.0,
22/03/2022,4511.60986328125,4522.0,4469.10009765625,4469.10009765625,4754840000,0.8142426535031764,0,0.0,0.0,0.0,0.0,0.0,
23/03/2022,4456.240234375,4501.06982421875,4455.81005859375,4493.10009765625,4550670000,0.8292384702711666,0,0.0,0.0,0.0,0.0,0.0,
24/03/2022,4520.16015625,4520.580078125,4465.169921875,4469.97998046875,4131390000,0.7770108500422228,0,0.0,0.0,0.0,0.0,0.0,
25/03/2022,4543.06005859375,4546.02978515625,4501.06982421875,4522.91015625,4305020000,0.9519435479091835,0,0.0,0.0,0.0,0.0,0.0,
28/03/2022,4575.52001953125,4575.64990234375,4517.68994140625,4541.08984375,4312260000,0.977651402137826,0,0.0,0.0,0.0,0.0,0.0,
29/03/2022,4631.60009765625,4637.2998046875,4589.66015625,4602.85986328125,5085910000,1.1359958008063344,0,0.0,0.0,0.0,0.0,0.0,
30/03/2022,4602.4501953125,4627.77001953125,4581.31982421875,4624.2001953125,4385570000,0.9868452733217372,0,0.0,0.0,0.0,0.0,0.0,
31/03/2022,4530.41015625,4603.06982421875,4530.41015625,4599.02001953125,4823020000,1.0525197082025055,0,0.0,0.0,0.0,0.0,0.0,
01/04/2022,4545.85986328125,4548.7001953125,4507.56982421875,4540.31982421875,4562940000,0.9846782651480166,0,0.0,0.0,0.0,0.0,0.0,
04/04/2022,4582.64013671875,4583.5,4539.2099609375,4547.97021484375,4547350000,0.9714571248022307,0,0.0,0.0,0.0,0.0,0.0,
05/04/2022,4525.1201171875,4593.4501953125,4514.169921875,4572.4501953125,4800620000,1.0382188196111508,0,0.0,0.0,0.0,0.0,0.0,
06/04/2022,4481.14990234375,4503.93994140625,4450.0400390625,4494.169921875,4986830000,1.0511530827848685,0,0.0,0.0,0.0,0.0,0.0,
07/04/2022,4500.2099609375,4521.16015625,4450.2998046875,4474.64990234375,4821490000,1.016367310405945,0,0.0,0.0,0.0,0.0,0.0,
08/04/2022,4488.27978515625,4520.41015625,4474.60009765625,4494.14990234375,4083200000,0.8785046487681099,0,0.0,0.0,0.0,0.0,0.0,
11/04/2022,4412.52978515625,4464.35009765625,4408.3798828125,4462.64013671875,4266290000,0.9291336559163671,0,0.0,0.0,0.0,0.0,0.0,
12/04/2022,4397.4501953125,4471.0,4381.33984375,4437.58984375,4152090000,0.9305487698286411,0,0.0,0.0,0.0,0.0,0.0,
13/04/2022,4446.58984375,4453.919921875,4392.7001953125,4394.2998046875,3828150000,0.9049477997013884,0,0.0,0.0,0.0,0.0,0.0,
14/04/2022,4392.58984375,4460.4599609375,4390.77001953125,4449.1201171875,4083090000,1.0001288406011517,0,0.0,0.0,0.0,0.0,0.0,
18/04/2022,4391.68994140625,4410.31005859375,4370.2998046875,4385.6298828125,3910490000,0.9660248882046589,0,0.0,0.0,0.0,0.0,0.0,
19/04/2022,4462.2099609375,4471.02978515625,4390.6298828125,4390.6298828125,4108120000,1.0228394268681213,0,0.0,0.0,0.0,0.0,0.0,
20/04/2022,4459.4501953125,4488.2900390625,4448.759765625,4472.259765625,4290450000,1.0609263957508048,0,0.0,0.0,0.0,0.0,0.0,
21/04/2022,4393.66015625,4512.93994140625,4384.47021484375,4489.169921875,4636890000,1.102496832951005,0,0.0,0.0,0.0,0.0,0.0,
22/04/2022,4271.77978515625,4385.830078125,4267.6201171875,4385.830078125,4651940000,1.076943164355407,0,0.0,0.0,0.0,0.0,0.0,
25/04/2022,4296.1201171875,4299.02001953125,4200.81982421875,4255.33984375,5240040000,1.1427442400896044,0,0.0,0.0,0.0,0.0,0.0,
26/04/2022,4175.2001953125,4278.14013671875,4175.0400390625,4278.14013671875,4689970000,0.9974716378078623,0,0.0,0.0,0.0,0.0,0.0,
27/04/2022,4183.9599609375,4240.7099609375,4162.89990234375,4186.52001953125,4769680000,0.9941588726607561,0,0.0,0.0,0.0,0.0,0.0,
28/04/2022,4287.5,4308.4501953125,4188.6298828125,4222.580078125,4854180000,1.0026890238335342,0,0.0,0.0,0.0,0.0,0.0,
29/04/2022,4131.93017578125,4269.68017578125,4124.27978515625,4253.75,5084030000,1.0317498650453163,0,0.0,0.0,0.0,0.0,0.0,
02/05/2022,4155.3798828125,4169.81005859375,4062.510009765625,4130.60986328125,5163790000,1.0511895577047958,0,0.0,0.0,0.0,0.0,0.0,
03/05/2022,4175.47998046875,4200.10009765625,4147.080078125,4159.77978515625,4582050000,0.9368816127437409,0,0.0,0.0,0.0,0.0,0.0,
04/05/2022,4300.169921875,4307.66015625,4148.91015625,4181.18017578125,5136360000,1.034704906163919,1,0.96,0.0053300049295497,0.16286644951140064,0.6807817589576547,0.1563517915309446,0.0
05/05/2022,4146.8701171875,4270.43017578125,4106.009765625,4270.43017578125,5077030000,1.0136519766196574,0,0.0,0.0,0.0,0.0,0.0,
06/05/2022,4123.33984375,4157.68994140625,4067.909912109375,4128.169921875,5116940000,1.02027941268543,0,0.0,0.0,0.0,0.0,0.0,
09/05/2022,3991.239990234375,4081.27001953125,3975.47998046875,4081.27001953125,5954520000,1.150992194658038,0,0.0,0.0,0.0,0.0,0.0,
10/05/2022,4001.050048828125,4068.820068359375,3958.169921875,4035.179931640625,5885820000,1.0831201438904525,0,0.0,0.0,0.0,0.0,0.0,
11/05/2022,3935.179931640625,4049.090087890625,3928.820068359375,3990.080078125,5816140000,1.0441734334633732,0,0.0,0.0,0.0,0.0,0.0,
12/05/2022,3930.080078125,3964.800048828125,3858.8701171875,3903.949951171875,6286450000,1.0816376673398744,0,0.0,0.0,0.0,0.0,0.0,
13/05/2022,4023.889892578125,4038.8798828125,3963.89990234375,3963.89990234375,5183340000,0.8898049767443617,0,0.0,0.0,0.0,0.0,0.0,
16/05/2022,4008.010009765625,4046.4599609375,3983.989990234375,4013.02001953125,4415030000,0.8002075631878748,0,0.0,0.0,0.0,0.0,0.0,
17/05/2022,4088.85009765625,4090.719970703125,4033.929931640625,4052.0,4841410000,0.9120153927475203,0,0.0,0.0,0.0,0.0,0.0,
18/05/2022,3923.679931640625,4051.97998046875,3911.909912109375,4051.97998046875,5103220000,0.987868498942099,0,0.0,0.0,0.0,0.0,0.0,
19/05/2022,3900.7900390625,3945.9599609375,3876.580078125,3899.0,5113550000,1.0369556973704757,0,0.0,0.0,0.0,0.0,0.0,
20/05/2022,3901.360107421875,3943.419921875,3810.320068359375,3927.760009765625,5130730000,1.042664304985299,0,0.0,0.0,0.0,0.0,0.0,
23/05/2022,3973.75,3981.8798828125,3909.0400390625,3919.419921875,4420030000,0.8980537154383732,0,0.0,0.0,0.0,0.0,0.0,
24/05/2022,3941.47998046875,3955.679931640625,3875.1298828125,3942.93994140625,4923190000,0.9969717367496777,0,0.0,0.0,0.0,0.0,0.0,
25/05/2022,3978.72998046875,3999.330078125,3925.030029296875,3929.590087890625,4802560000,0.9845322233729642,0,0.0,0.0,0.0,0.0,0.0,
26/05/2022,4057.840087890625,4075.139892578125,3984.60009765625,3984.60009765625,4709970000,0.9817968288802692,0,0.0,0.0,0.0,0.0,0.0,
27/05/2022,4158.240234375,4158.490234375,4077.429931640625,4077.429931640625,4375620000,0.9417481620756761,0,0.0,0.0,0.0,0.0,0.0,
31/05/2022,4132.14990234375,4168.33984375,4104.8798828125,4151.08984375,6822640000,1.3307804718580571,0,0.0,0.0,0.0,0.0,0.0,
01/06/2022,4101.22998046875,4166.5400390625,4073.85009765625,4149.77978515625,4531800000,0.8976495676553,0,0.0,0.0,0.0,0.0,0.0,
02/06/2022,4176.81982421875,4177.509765625,4074.3701171875,4095.409912109375,4405790000,0.8866259998663759,0,0.0,0.0,0.0,0.0,0.0,
03/06/2022,4108.5400390625,4142.669921875,4098.669921875,4137.56982421875,3711110000,0.7781096626152767,0,0.0,0.0,0.0,0.0,0.0,
06/06/2022,4121.43017578125,4168.77978515625,4109.18017578125,4134.72021484375,4332700000,0.9100766088445491,0,0.0,0.0,0.0,0.0,0.0,
07/06/2022,4160.68017578125,4164.85986328125,4080.18994140625,4096.47021484375,4248210000,1.0005388700027933,0,0.0,0.0,0.0,0.0,0.0,
08/06/2022,4115.77001953125,4160.14013671875,4107.2001953125,4147.1201171875,4159470000,0.997126662728793,0,0.0,0.0,0.0,0.0,0.0,
09/06/2022,4017.820068359375,4119.10009765625,4017.169921875,4101.64990234375,4134170000,1.0041383176444185,0,0.0,0.0,0.0,0.0,0.0,
10/06/2022,3900.860107421875,3974.389892578125,3900.159912109375,3974.389892578125,4889640000,1.1233223014502263,0,0.0,0.0,0.0,0.0,0.0,
13/06/2022,3749.6298828125,3838.14990234375,3734.300048828125,3838.14990234375,5636890000,1.2217784690559113,0,0.0,0.0,0.0,0.0,0.0,
14/06/2022,3735.47998046875,3778.179931640625,3705.679931640625,3763.52001953125,5153890000,1.0748888590418144,0,0.0,0.0,0.0,0.0,0.0,
15/06/2022,3789.989990234375,3837.56005859375,3722.300048828125,3764.050048828125,5530480000,1.0910366394726865,1,0.9137931034482759,0.0149052093985379,0.1864951768488746,0.6430868167202572,0.17041800643086816,0.0
16/06/2022,3666.77001953125,3728.179931640625,3639.77001953125,3728.179931640625,5644930000,1.0509691936536685,0,0.0,0.0,0.0,0.0,0.0,
17/06/2022,3674.840087890625,3707.7099609375,3636.8701171875,3665.89990234375,8520740000,1.3974414609801642,0,0.0,0.0,0.0,0.0,0.0,
21/06/2022,3764.7900390625,3779.64990234375,3715.31005859375,3715.31005859375,5292260000,0.8778792593796757,0,0.0,0.0,0.0,0.0,0.0,
22/06/2022,3759.889892578125,3801.7900390625,3717.68994140625,3733.889892578125,5058990000,0.8418349008566465,0,0.0,0.0,0.0,0.0,0.0,
23/06/2022,3795.72998046875,3802.580078125,3743.52001953125,3774.7099609375,5098640000,0.8608042528994894,0,0.0,0.0,0.0,0.0,0.0,
24/06/2022,3911.739990234375,3913.64990234375,3821.75,3821.75,8120260000,1.2651970699472654,0,0.0,0.0,0.0,0.0,0.0,
27/06/2022,3900.110107421875,3927.719970703125,3889.659912109375,3920.760009765625,4325310000,0.775271316551152,0,0.0,0.0,0.0,0.0,0.0,
28/06/2022,3821.550048828125,3945.860107421875,3820.139892578125,3913.0,4270120000,0.7944905951330167,0,0.0,0.0,0.0,0.0,0.0,
29/06/2022,3818.830078125,3836.5,3799.02001953125,3825.090087890625,4211240000,0.8090581685626866,0,0.0,0.0,0.0,0.0,0.0,
30/06/2022,3785.3798828125,3818.989990234375,3738.669921875,3785.989990234375,4840070000,0.9391993635269918,0,0.0,0.0,0.0,0.0,0.0,
01/07/2022,3825.330078125,3829.820068359375,3752.10009765625,3781.0,4046950000,0.932748186223736,0,0.0,0.0,0.0,0.0,0.0,
05/07/2022,3831.389892578125,3832.18994140625,3742.06005859375,3792.610107421875,5076590000,1.1308970339456903,0,0.0,0.0,0.0,0.0,0.0,
06/07/2022,3845.080078125,3870.909912109375,3809.3701171875,3831.97998046875,4417720000,0.9776931088406499,0,0.0,0.0,0.0,0.0,0.0,
07/07/2022,3902.6201171875,3910.6298828125,3858.85009765625,3858.85009765625,4057770000,0.904173964196425,0,0.0,0.0,0.0,0.0,0.0,
08/07/2022,3899.3798828125,3918.5,3869.340087890625,3888.260009765625,3521620000,0.8336911979508207,0,0.0,0.0,0.0,0.0,0.0,
11/07/2022,3854.429931640625,3880.93994140625,3847.219970703125,3880.93994140625,3423480000,0.8351100004976294,0,0.0,0.0,0.0,0.0,0.0,
12/07/2022,3818.800048828125,3873.409912109375,3802.360107421875,3851.949951171875,3817210000,0.9921118838952478,0,0.0,0.0,0.0,0.0,0.0,
13/07/2022,3801.780029296875,3829.43994140625,3759.070068359375,3779.669921875,4109390000,1.0854477172366686,0,0.0,0.0,0.0,0.0,0.0,
14/07/2022,3790.3798828125,3796.409912109375,3721.56005859375,3763.989990234375,4199690000,1.1010445489290503,0,0.0,0.0,0.0,0.0,0.0,
15/07/2022,3863.159912109375,3863.6201171875,3817.179931640625,3818.0,4143800000,1.0520692794653281,0,0.0,0.0,0.0,0.0,0.0,
18/07/2022,3830.85009765625,3902.43994140625,3818.6298828125,3883.7900390625,4046870000,0.9959339389357463,0,0.0,0.0,0.0,0.0,0.0,
19/07/2022,3936.68994140625,3939.81005859375,3860.72998046875,3860.72998046875,4041070000,0.9836681300941248,0,0.0,0.0,0.0,0.0,0.0,
20/07/2022,3959.89990234375,3974.1298828125,3922.030029296875,3935.320068359375,4185300000,1.0150251761554816,0,0.0,0.0,0.0,0.0,0.0,
21/07/2022,3998.949951171875,3999.2900390625,3927.639892578125,3955.469970703125,4132790000,1.005553330611494,0,0.0,0.0,0.0,0.0,0.0,
22/07/2022,3961.6298828125,4012.43994140625,3938.860107421875,3998.429931640625,3979240000,0.9760086572314225,0,0.0,0.0,0.0,0.0,0.0,
25/07/2022,3966.840087890625,3975.300048828125,3943.4599609375,3965.719970703125,3568340000,0.8962642803392218,0,0.0,0.0,0.0,0.0,0.0,
26/07/2022,3921.050048828125,3953.219970703125,3910.739990234375,3953.219970703125,3778950000,0.9618282257432315,0,0.0,0.0,0.0,0.0,0.0,
27/07/2022,4023.610107421875,4039.56005859375,3951.429931640625,3951.429931640625,4112180000,1.0505531001711672,1,0.8648648648648649,-0.0226796520820685,0.21142857142857144,0.6057142857142858,0.18285714285714286,0.0
28/07/2022,4072.429931640625,4078.949951171875,3992.969970703125,4026.1298828125,4413000000,1.1114911511401284,0,0.0,0.0,0.0,0.0,0.0,
29/07/2022,4130.2900390625,4140.14990234375,4079.219970703125,4087.330078125,4616360000,1.1265552986676155,0,0.0,0.0,0.0,0.0,0.0,
01/08/2022,4118.6298828125,4144.9501953125,4096.02001953125,4112.3798828125,4202810000,0.9948279861574659,0,0.0,0.0,0.0,0.0,0.0,
02/08/2022,4091.18994140625,4140.47021484375,4079.81005859375,4104.2099609375,4727710000,1.0709716265722367,0,0.0,0.0,0.0,0.0,0.0,
03/08/2022,4155.169921875,4167.66015625,4107.9599609375,4107.9599609375,4351760000,0.9752219021102886,0,0.0,0.0,0.0,0.0,0.0,
04/08/2022,4151.93994140625,4161.2900390625,4135.419921875,4154.85009765625,4283320000,0.9654962861712851,0,0.0,0.0,0.0,0.0,0.0,
05/08/2022,4145.18994140625,4151.580078125,4107.31005859375,4115.8701171875,4085940000,0.9435679863880352,0,0.0,0.0,0.0,0.0,0.0,
08/08/2022,4140.06005859375,4186.6201171875,4128.97021484375,4155.93017578125,4221090000,0.9739559442579587,0,0.0,0.0,0.0,0.0,0.0,
09/08/2022,4122.47021484375,4137.2998046875,4112.08984375,4133.10986328125,3913090000,0.9381569105067321,0,0.0,0.0,0.0,0.0,0.0,
10/08/2022,4210.240234375,4211.02978515625,4177.259765625,4181.02001953125,4546010000,1.0798405659055226,0,0.0,0.0,0.0,0.0,0.0,
11/08/2022,4207.27001953125,4257.91015625,4201.41015625,4227.39990234375,4630200000,1.0820079892205814,0,0.0,0.0,0.0,0.0,0.0,
12/08/2022,4280.14990234375,4280.47021484375,4219.77978515625,4225.02001953125,3788010000,0.8977007735183711,0,0.0,0.0,0.0,0.0,0.0,
15/08/2022,4297.14013671875,4301.7900390625,4256.89990234375,4269.3701171875,3696830000,0.8984166531383572,0,0.0,0.0,0.0,0.0,0.0,
16/08/2022,4305.2001953125,4325.27978515625,4277.77001953125,4290.4599609375,4329820000,1.0313579189428548,0,0.0,0.0,0.0,0.0,0.0,
17/08/2022,4274.0400390625,4302.18017578125,4253.080078125,4280.39990234375,3885030000,0.9554970538453479,0,0.0,0.0,0.0,0.0,0.0,
18/08/2022,4283.740234375,4292.52978515625,4261.97998046875,4273.1298828125,3340330000,0.8771865785855267,0,0.0,0.0,0.0,0.0,0.0,
19/08/2022,4228.47998046875,4266.31005859375,4218.7001953125,4266.31005859375,3761340000,0.9891313208876921,0,0.0,0.0,0.0,0.0,0.0,
22/08/2022,4137.990234375,4195.080078125,4129.85986328125,4195.080078125,3907430000,1.0162921772060372,0,0.0,0.0,0.0,0.0,0.0,
23/08/2022,4128.72998046875,4159.77001953125,4124.02978515625,4133.08984375,3823520000,1.0213675327832286,0,0.0,0.0,0.0,0.0,0.0,
24/08/2022,4140.77001953125,4156.56005859375,4119.97021484375,4126.5498046875,3583630000,0.9729532342360687,0,0.0,0.0,0.0,0.0,0.0,
25/08/2022,4199.1201171875,4200.5400390625,4147.58984375,4153.259765625,3566870000,0.9566352461192772,0,0.0,0.0,0.0,0.0,0.0,
26/08/2022,4057.659912109375,4203.0400390625,4057.659912109375,4198.740234375,3832750000,1.0240218657490034,0,0.0,0.0,0.0,0.0,0.0,
29/08/2022,4030.610107421875,4062.989990234375,4017.419921875,4034.580078125,3396510000,0.9329390087940196,0,0.0,0.0,0.0,0.0,0.0,
30/08/2022,3986.159912109375,4044.97998046875,3965.2099609375,4041.25,3835860000,1.052904046087918,0,0.0,0.0,0.0,0.0,0.0,
31/08/2022,3955.0,4015.3701171875,3954.530029296875,4000.669921875,4542490000,1.1845145213846737,0,0.0,0.0,0.0,0.0,0.0,
01/09/2022,3966.85009765625,3970.22998046875,3903.64990234375,3936.72998046875,4152250000,1.0506779906335368,0,0.0,0.0,0.0,0.0,0.0,
02/09/2022,3924.260009765625,4018.429931640625,3906.2099609375,3994.659912109375,3665850000,0.9355018333115568,0,0.0,0.0,0.0,0.0,0.0,
06/09/2022,3908.18994140625,3942.550048828125,3886.75,3930.889892578125,4127340000,1.0153962425315357,0,0.0,0.0,0.0,0.0,0.0,
07/09/2022,3979.8701171875,3987.889892578125,3906.030029296875,3909.429931640625,3890320000,0.9545274986811919,0,0.0,0.0,0.0,0.0,0.0,
08/09/2022,4006.179931640625,4010.5,3944.81005859375,3959.93994140625,3966850000,1.0015977691829512,0,0.0,0.0,0.0,0.0,0.0,
09/09/2022,4067.360107421875,4076.81005859375,4022.93994140625,4022.93994140625,3901940000,0.9978212281931026,0,0.0,0.0,0.0,0.0,0.0,
12/09/2022,4110.41015625,4119.27978515625,4083.669921875,4083.669921875,3814200000,0.9680391256126067,0,0.0,0.0,0.0,0.0,0.0,
13/09/2022,3932.68994140625,4037.1201171875,3921.280029296875,4037.1201171875,4224550000,1.0669208692252596,0,0.0,0.0,0.0,0.0,0.0,
14/09/2022,3946.010009765625,3961.93994140625,3912.179931640625,3940.72998046875,4293240000,1.0626421356007045,0,0.0,0.0,0.0,0.0,0.0,
15/09/2022,3901.35009765625,3959.139892578125,3888.280029296875,3932.409912109375,4441830000,1.074163658312923,0,0.0,0.0,0.0,0.0,0.0,
16/09/2022,3873.330078125,3880.949951171875,3837.080078125,3880.949951171875,7954650000,1.6083991447914086,0,0.0,0.0,0.0,0.0,0.0,
19/09/2022,3899.889892578125,3900.449951171875,3838.5,3849.909912109375,3766850000,0.7631035382511004,0,0.0,0.0,0.0,0.0,0.0,
20/09/2022,3855.929931640625,3876.010009765625,3827.5400390625,3875.22998046875,4058050000,0.8276795642763379,0,0.0,0.0,0.0,0.0,0.0,
21/09/2022,3789.929931640625,3907.070068359375,3789.489990234375,3871.39990234375,4078330000,0.8391725662569636,1,0.9607843137254902,0.0013357256688007,0.2328767123287671,0.54337899543379,0.2237442922374429,0.0
22/09/2022,3757.989990234375,3790.89990234375,3749.449951171875,3782.360107421875,4284600000,0.887357056938641,0,0.0,0.0,0.0,0.0,0.0,
23/09/2022,3693.22998046875,3727.139892578125,3647.469970703125,3727.139892578125,5144270000,1.2057579891337469,0,0.0,0.0,0.0,0.0,0.0,
26/09/2022,3655.0400390625,3715.669921875,3644.760009765625,3682.719970703125,4886140000,1.0881597976784512,0,0.0,0.0,0.0,0.0,0.0,
27/09/2022,3647.2900390625,3717.530029296875,3623.2900390625,3686.43994140625,4577740000,0.9964137515519514,0,0.0,0.0,0.0,0.0,0.0,
28/09/2022,3719.0400390625,3736.739990234375,3640.610107421875,3651.93994140625,4684850000,0.9934959453040174,0,0.0,0.0,0.0,0.0,0.0,
29/09/2022,3640.469970703125,3687.010009765625,3610.39990234375,3687.010009765625,4681810000,0.9764018984926263,0,0.0,0.0,0.0,0.0,0.0,
30/09/2022,3585.6201171875,3671.43994140625,3584.1298828125,3633.47998046875,5645360000,1.1532487058698557,0,0.0,0.0,0.0,0.0,0.0,
03/10/2022,3678.429931640625,3698.35009765625,3604.929931640625,3609.780029296875,4806680000,0.9851191403335896,0,0.0,0.0,0.0,0.0,0.0,
04/10/2022,3790.929931640625,3791.919921875,3726.4599609375,3726.4599609375,5146580000,1.0307475021309596,0,0.0,0.0,0.0,0.0,0.0,
05/10/2022,3783.280029296875,3806.909912109375,3722.659912109375,3753.25,4293180000,0.8735346577080046,0,0.0,0.0,0.0,0.0,0.0,
06/10/2022,3744.52001953125,3797.929931640625,3739.219970703125,3771.969970703125,4252100000,0.8805743893902808,0,0.0,0.0,0.0,0.0,0.0,
07/10/2022,3639.659912109375,3706.739990234375,3620.72998046875,3706.739990234375,4449660000,0.9695008758856903,0,0.0,0.0,0.0,0.0,0.0,
10/10/2022,3612.389892578125,3652.169921875,3588.10009765625,3647.510009765625,3834320000,0.8723944113171556,0,0.0,0.0,0.0,0.0,0.0,
11/10/2022,3588.840087890625,3640.659912109375,3568.449951171875,3595.860107421875,4759030000,1.1022248635718717,0,0.0,0.0,0.0,0.0,0.0,
12/10/2022,3577.030029296875,3608.340087890625,3573.860107421875,3590.830078125,4006830000,0.9404847633595813,0,0.0,0.0,0.0,0.0,0.0,
13/10/2022,3669.909912109375,3685.409912109375,3491.580078125,3520.3701171875,5021680000,1.137592698645132,0,0.0,0.0,0.0,0.0,0.0,
14/10/2022,3583.070068359375,3712.0,3579.679931640625,3690.409912109375,4243030000,0.9702838660519216,0,0.0,0.0,0.0,0.0,0.0,
17/10/2022,3677.949951171875,3689.72998046875,3638.64990234375,3638.64990234375,4352780000,0.9723254115224039,0,0.0,0.0,0.0,0.0,0.0,
18/10/2022,3719.97998046875,3762.7900390625,3686.530029296875,3746.260009765625,4483740000,1.0140509841207235,0,0.0,0.0,0.0,0.0,0.0,
19/10/2022,3695.159912109375,3728.580078125,3666.510009765625,3703.110107421875,4223800000,0.9459785720332738,0,0.0,0.0,0.0,0.0,0.0,
20/10/2022,3665.780029296875,3736.0,3656.43994140625,3689.050048828125,4496620000,1.0313362816554335,0,0.0,0.0,0.0,0.0,0.0,
21/10/2022,3752.75,3757.889892578125,3647.419921875,3657.10009765625,5078020000,1.1217205597005693,0,0.0,0.0,0.0,0.0,0.0,
24/10/2022,3797.340087890625,3810.739990234375,3741.64990234375,3762.010009765625,4747930000,1.0308092319142201,0,0.0,0.0,0.0,0.0,0.0,
25/10/2022,3859.110107421875,3862.85009765625,3799.43994140625,3799.43994140625,4843120000,1.035319709835486,0,0.0,0.0,0.0,0.0,0.0,
26/10/2022,3830.60009765625,3886.14990234375,3824.070068359375,3825.969970703125,4817310000,1.0043176416628445,0,0.0,0.0,0.0,0.0,0.0,
27/10/2022,3807.300048828125,3859.949951171875,3803.7900390625,3834.68994140625,4687320000,0.9695081845145758,0,0.0,0.0,0.0,0.0,0.0,
28/10/2022,3901.06005859375,3905.419921875,3808.260009765625,3808.260009765625,4459410000,0.9465915859374768,0,0.0,0.0,0.0,0.0,0.0,
31/10/2022,3871.97998046875,3893.72998046875,3863.179931640625,3881.85009765625,4820620000,1.0201169978728428,0,0.0,0.0,0.0,0.0,0.0,
01/11/2022,3856.10009765625,3911.7900390625,3843.800048828125,3901.7900390625,4481210000,0.9630437202649202,0,0.0,0.0,0.0,0.0,0.0,
02/11/2022,3759.68994140625,3894.43994140625,3758.679931640625,3852.89990234375,4899000000,1.0491460349603985,1,0.86,-0.005932300259167,0.1984126984126984,0.6309523809523809,0.17063492063492064,0.0
03/11/2022,3719.889892578125,3750.590087890625,3698.14990234375,3733.25,4625290000,0.9931682894913708,0,0.0,0.0,0.0,0.0,0.0,
04/11/2022,3770.550048828125,3796.340087890625,3708.840087890625,3766.97998046875,5400180000,1.1145284257191566,0,0.0,0.0,0.0,0.0,0.0,
07/11/2022,3806.800048828125,3813.949951171875,3764.699951171875,3780.7099609375,4341620000,0.9141291852126348,0,0.0,0.0,0.0,0.0,0.0,
08/11/2022,3828.110107421875,3859.39990234375,3786.280029296875,3817.02001953125,4607640000,0.9650021173901188,0,0.0,0.0,0.0,0.0,0.0,
09/11/2022,3748.570068359375,3818.199951171875,3744.219970703125,3810.93994140625,4645010000,0.9832898245281277,0,0.0,0.0,0.0,0.0,0.0,
10/11/2022,3956.3701171875,3958.330078125,3859.889892578125,3859.889892578125,5781260000,1.16671933922378,0,0.0,0.0,0.0,0.0,0.0,
11/11/2022,3992.929931640625,4001.47998046875,3944.820068359375,3963.719970703125,5593310000,1.1200580403414817,0,0.0,0.0,0.0,0.0,0.0,
14/11/2022,3957.25,4008.969970703125,3956.39990234375,3977.969970703125,4561930000,0.9055347242761268,0,0.0,0.0,0.0,0.0,0.0,
15/11/2022,3991.72998046875,4028.840087890625,3953.169921875,4006.409912109375,5015310000,0.9796744283078914,0,0.0,0.0,0.0,0.0,0.0,
16/11/2022,3958.7900390625,3983.090087890625,3954.340087890625,3976.820068359375,4165320000,0.8291791299404032,0,0.0,0.0,0.0,0.0,0.0,
17/11/2022,3946.56005859375,3954.330078125,3906.5400390625,3919.260009765625,4051780000,0.86622213005582,0,0.0,0.0,0.0,0.0,0.0,
18/11/2022,3965.340087890625,3979.889892578125,3935.97998046875,3966.389892578125,4037360000,0.9246554322384423,0,0.0,0.0,0.0,0.0,0.0,
21/11/2022,3949.93994140625,3962.0,3933.340087890625,3956.22998046875,3850690000,0.9116018306419462,0,0.0,0.0,0.0,0.0,0.0,
22/11/2022,4003.580078125,4005.8798828125,3956.8798828125,3965.510009765625,3887990000,0.9723310095362709,0,0.0,0.0,0.0,0.0,0.0,
23/11/2022,4027.260009765625,4033.780029296875,3998.659912109375,4000.300048828125,3279720000,0.8582266477003319,0,0.0,0.0,0.0,0.0,0.0,
25/11/2022,4026.1201171875,4034.02001953125,4020.760009765625,4023.340087890625,1706460000,0.5090196883229071,0,0.0,0.0,0.0,0.0,0.0,
28/11/2022,3963.93994140625,4012.27001953125,3955.77001953125,4005.360107421875,3615430000,1.1062930951653858,0,0.0,0.0,0.0,0.0,0.0,
29/11/2022,3957.6298828125,3976.77001953125,3937.64990234375,3964.18994140625,3546040000,1.1056746098066557,0,0.0,0.0,0.0,0.0,0.0,
30/11/2022,4080.110107421875,4080.110107421875,3938.580078125,3957.179931640625,6579360000,1.7566498869814242,0,0.0,0.0,0.0,0.0,0.0,
01/12/2022,4076.570068359375,4100.509765625,4050.8701171875,4087.139892578125,4527130000,1.1332319036047105,0,0.0,0.0,0.0,0.0,0.0,
02/12/2022,4071.699951171875,4080.47998046875,4026.6298828125,4040.169921875,4012620000,0.9004747632242966,0,0.0,0.0,0.0,0.0,0.0,
05/12/2022,3998.840087890625,4052.449951171875,3984.489990234375,4052.02001953125,4280820000,0.932804322501947,0,0.0,0.0,0.0,0.0,0.0,
06/12/2022,3941.260009765625,4001.510009765625,3918.389892578125,3996.6298828125,4368380000,0.9189504849103701,0,0.0,0.0,0.0,0.0,0.0,
07/12/2022,3933.919921875,3957.570068359375,3922.679931640625,3933.280029296875,4118050000,0.966360820387666,0,0.0,0.0,0.0,0.0,0.0,
08/12/2022,3963.510009765625,3974.18994140625,3935.830078125,3947.7900390625,4006900000,0.9638101542471486,0,0.0,0.0,0.0,0.0,0.0,
09/12/2022,3934.3798828125,3977.02001953125,3933.0400390625,3954.169921875,3888260000,0.9409018599476053,0,0.0,0.0,0.0,0.0,0.0,
12/12/2022,3990.56005859375,3990.7099609375,3935.300048828125,3939.2900390625,3904130000,0.9622852923140022,0,0.0,0.0,0.0,0.0,0.0,
13/12/2022,4019.64990234375,4100.9599609375,3993.030029296875,4069.3798828125,5079360000,1.209561502521825,0,0.0,0.0,0.0,0.0,0.0,
14/12/2022,3995.320068359375,4053.760009765625,3965.64990234375,4015.5400390625,4472340000,1.0473378517811118,1,0.9076923076923077,-0.0138355396760384,0.22968197879858657,0.5618374558303887,0.20848056537102475,0.0
15/12/2022,3895.75,3958.3701171875,3879.449951171875,3958.3701171875,4493900000,1.0289179544454412,0,0.0,0.0,0.0,0.0,0.0,
16/12/2022,3852.360107421875,3890.909912109375,3827.909912109375,3890.909912109375,7493660000,1.4726143017891877,0,0.0,0.0,0.0,0.0,0.0,
19/12/2022,3817.659912109375,3854.860107421875,3800.0400390625,3853.7900390625,3969610000,0.7780842506939742,0,0.0,0.0,0.0,0.0,0.0,
20/12/2022,3821.6201171875,3838.239990234375,3795.6201171875,3810.469970703125,3985370000,0.8161764464949244,0,0.0,0.0,0.0,0.0,0.0,
21/12/2022,3878.43994140625,3889.820068359375,3839.489990234375,3839.489990234375,3775200000,0.7958599765407666,0,0.0,0.0,0.0,0.0,0.0,
22/12/2022,3822.389892578125,3853.260009765625,3764.489990234375,3853.260009765625,3956950000,0.8534976590530349,0,0.0,0.0,0.0,0.0,0.0,
23/12/2022,3844.820068359375,3845.800048828125,3797.010009765625,3815.110107421875,2819280000,0.761703647546985,0,0.0,0.0,0.0,0.0,0.0,
27/12/2022,3829.25,3846.64990234375,3813.219970703125,3843.340087890625,3030300000,0.8624929555817409,0,0.0,0.0,0.0,0.0,0.0,
28/12/2022,3783.219970703125,3848.320068359375,3780.780029296875,3829.56005859375,3083520000,0.9251346364440978,0,0.0,0.0,0.0,0.0,0.0,
29/12/2022,3849.280029296875,3858.18994140625,3805.449951171875,3805.449951171875,3003680000,0.9449260809136685,0,0.0,0.0,0.0,0.0,0.0,
30/12/2022,3839.5,3839.85009765625,3800.340087890625,3829.06005859375,2979870000,0.998840222167846,0,0.0,0.0,0.0,0.0,0.0,
03/01/2023,3824.139892578125,3878.4599609375,3794.330078125,3853.2900390625,3959140000,1.232876882958999,0,0.0,0.0,0.0,0.0,0.0,
04/01/2023,3852.969970703125,3873.159912109375,3815.77001953125,3840.360107421875,4414080000,1.2654835441383143,0,0.0,0.0,0.0,0.0,0.0,
05/01/2023,3808.10009765625,3839.739990234375,3802.419921875,3839.739990234375,3893450000,1.0666857714591933,0,0.0,0.0,0.0,0.0,0.0,
06/01/2023,3895.080078125,3906.18994140625,3809.56005859375,3823.3701171875,3923560000,1.0233540774435188,0,0.0,0.0,0.0,0.0,0.0,
09/01/2023,3892.090087890625,3950.570068359375,3890.419921875,3910.820068359375,4311770000,1.0515486294020095,0,0.0,0.0,0.0,0.0,0.0,
10/01/2023,3919.25,3919.830078125,3877.2900390625,3888.570068359375,3851030000,0.94416268794232,0,0.0,0.0,0.0,0.0,0.0,
11/01/2023,3969.610107421875,3970.070068359375,3928.5400390625,3932.35009765625,4303360000,1.0608203747244638,0,0.0,0.0,0.0,0.0,0.0,
12/01/2023,3983.169921875,3997.760009765625,3937.56005859375,3977.570068359375,4440260000,1.0658339566336597,0,0.0,0.0,0.0,0.0,0.0,
13/01/2023,3999.090087890625,4003.949951171875,3947.669921875,3960.60009765625,3939700000,0.9449480286979064,0,0.0,0.0,0.0,0.0,0.0,
17/01/2023,3990.969970703125,4015.389892578125,3984.570068359375,3999.280029296875,4235560000,1.01963850589627,0,0.0,0.0,0.0,0.0,0.0,
18/01/2023,3928.860107421875,4014.159912109375,3926.590087890625,4002.25,4298710000,1.0130061896756417,0,0.0,0.0,0.0,0.0,0.0,
19/01/2023,3898.85009765625,3922.93994140625,3885.5400390625,3911.840087890625,3991500000,0.9546425788527835,0,0.0,0.0,0.0,0.0,0.0,
20/01/2023,3972.610107421875,3972.9599609375,3897.860107421875,3909.0400390625,4013360000,0.9798801982339811,0,0.0,0.0,0.0,0.0,0.0,
23/01/2023,4019.81005859375,4039.31005859375,3971.639892578125,3978.139892578125,3945210000,0.9629819657357767,0,0.0,0.0,0.0,0.0,0.0,
24/01/2023,4016.949951171875,4023.919921875,3989.7900390625,4001.739990234375,3320430000,0.8483812070083565,0,0.0,0.0,0.0,0.0,0.0,
25/01/2023,4016.219970703125,4019.550048828125,3949.06005859375,3982.7099609375,3724020000,0.9802879988544064,0,0.0,0.0,0.0,0.0,0.0,
26/01/2023,4060.429931640625,4061.570068359375,4013.2900390625,4036.080078125,3809590000,1.0125096942954752,0,0.0,0.0,0.0,0.0,0.0,
27/01/2023,4070.56005859375,4094.2099609375,4048.699951171875,4053.719970703125,3907760000,1.044464080577281,0,0.0,0.0,0.0,0.0,0.0,
30/01/2023,4017.77001953125,4063.85009765625,4015.550048828125,4049.27001953125,3802000000,1.0240360271065192,0,0.0,0.0,0.0,0.0,0.0,
31/01/2023,4076.60009765625,4077.159912109375,4020.43994140625,4020.85009765625,4679320000,1.1743695254004354,0,0.0,0.0,0.0,0.0,0.0,
01/02/2023,4119.2099609375,4148.9501953125,4037.199951171875,4070.070068359375,4856930000,1.1533582514865404,1,1.1395348837209303,0.0293460058164782,0.16796875,0.640625,0.19140625,0.0
02/02/2023,4179.759765625,4195.43994140625,4141.8798828125,4158.68017578125,5624360000,1.2296171859047318,0,0.0,0.0,0.0,0.0,0.0,
03/02/2023,4136.47998046875,4182.35986328125,4123.35986328125,4136.68994140625,4694510000,0.9921981204812759,0,0.0,0.0,0.0,0.0,0.0,
06/02/2023,4111.080078125,4124.6298828125,4093.3798828125,4119.56982421875,4114240000,0.8582290056972736,0,0.0,0.0,0.0,0.0,0.0,
07/02/2023,4164.0,4176.5400390625,4088.389892578125,4105.35009765625,4355860000,0.9210603106669655,0,0.0,0.0,0.0,0.0,0.0,
08/02/2023,4117.85986328125,4156.85009765625,4111.669921875,4153.47021484375,4029820000,0.8830047517856994,0,0.0,0.0,0.0,0.0,0.0,
09/02/2023,4081.5,4156.22998046875,4069.669921875,4144.25,4270200000,0.9947061747628541,0,0.0,0.0,0.0,0.0,0.0,
10/02/2023,4090.4599609375,4094.360107421875,4060.7900390625,4068.919921875,3891520000,0.9417258262170863,0,0.0,0.0,0.0,0.0,0.0,
13/02/2023,4137.2900390625,4138.89990234375,4092.669921875,4096.6201171875,3448620000,0.8623266029939958,0,0.0,0.0,0.0,0.0,0.0,
14/02/2023,4136.1298828125,4159.77001953125,4095.010009765625,4126.7001953125,3929200000,1.0039163263387254,0,0.0,0.0,0.0,0.0,0.0,
15/02/2023,4147.60009765625,4148.10986328125,4103.97998046875,4119.5,4075980000,1.0389681232004047,0,0.0,0.0,0.0,0.0,0.0,
16/02/2023,4090.409912109375,4136.5400390625,4089.489990234375,4114.75,4143660000,1.0630776982684573,0,0.0,0.0,0.0,0.0,0.0,
17/02/2023,4079.090087890625,4081.510009765625,4047.949951171875,4077.389892578125,4045480000,1.0297542017640944,0,0.0,0.0,0.0,0.0,0.0,
21/02/2023,3997.340087890625,4052.35009765625,3995.18994140625,4052.35009765625,4121590000,1.0143749406253522,0,0.0,0.0,0.0,0.0,0.0,
22/02/2023,3991.050048828125,4017.3701171875,3976.89990234375,4001.830078125,4079320000,0.9966075491924912,0,0.0,0.0,0.0,0.0,0.0,
23/02/2023,4012.320068359375,4028.300048828125,3969.18994140625,4018.60009765625,3952940000,0.9715730086875135,0,0.0,0.0,0.0,0.0,0.0,
24/02/2023,3970.0400390625,3978.25,3943.080078125,3973.239990234375,3877700000,0.9657055849396051,0,0.0,0.0,0.0,0.0,0.0,
27/02/2023,3982.239990234375,4018.050048828125,3973.550048828125,3992.360107421875,3836950000,0.9655862294586909,0,0.0,0.0,0.0,0.0,0.0,
28/02/2023,3970.14990234375,3997.5,3968.97998046875,3977.18994140625,5043400000,1.212920827058375,0,0.0,0.0,0.0,0.0,0.0,
01/03/2023,3951.389892578125,3971.72998046875,3939.050048828125,3963.340087890625,4249480000,1.0136891014371339,0,0.0,0.0,0.0,0.0,0.0,
02/03/2023,3981.35009765625,3990.840087890625,3928.159912109375,3938.679931640625,4244900000,0.9986857973417628,0,0.0,0.0,0.0,0.0,0.0,
03/03/2023,4045.639892578125,4048.2900390625,3995.169921875,3998.02001953125,4084730000,0.9517317770344641,0,0.0,0.0,0.0,0.0,0.0,
06/03/2023,4048.419921875,4078.489990234375,4044.610107421875,4055.14990234375,4000870000,0.9251259516319835,0,0.0,0.0,0.0,0.0,0.0,
07/03/2023,3986.3701171875,4050.0,3980.31005859375,4048.260009765625,3922500000,0.9565915928219415,0,0.0,0.0,0.0,0.0,0.0,
08/03/2023,3992.010009765625,4000.409912109375,3969.760009765625,3987.550048828125,3535570000,0.8933364058140634,0,0.0,0.0,0.0,0.0,0.0,
09/03/2023,3918.320068359375,4017.81005859375,3908.699951171875,3998.659912109375,4445260000,1.1119304535060155,0,0.0,0.0,0.0,0.0,0.0,
10/03/2023,3861.590087890625,3934.050048828125,3846.320068359375,3912.77001953125,5518190000,1.2879491970783838,0,0.0,0.0,0.0,0.0,0.0,
13/03/2023,3855.760009765625,3905.050048828125,3808.860107421875,3835.1201171875,6558020000,1.367419892124703,0,0.0,0.0,0.0,0.0,0.0,
14/03/2023,3919.2900390625,3937.2900390625,3873.6298828125,3894.010009765625,5665870000,1.1013275714139652,0,0.0,0.0,0.0,0.0,0.0,
15/03/2023,3891.929931640625,3894.260009765625,3838.239990234375,3876.739990234375,6594010000,1.1455352163814414,0,0.0,0.0,0.0,0.0,0.0,
16/03/2023,3960.280029296875,3964.4599609375,3864.110107421875,3878.929931640625,5695790000,0.9482906165048608,0,0.0,0.0,0.0,0.0,0.0,
17/03/2023,3916.639892578125,3958.909912109375,3901.27001953125,3958.68994140625,9354280000,1.3809921291414868,0,0.0,0.0,0.0,0.0,0.0,
20/03/2023,3951.570068359375,3956.6201171875,3916.889892578125,3917.469970703125,5347140000,0.8186798027625855,0,0.0,0.0,0.0,0.0,0.0,
21/03/2023,4002.8701171875,4009.080078125,3971.18994140625,3975.889892578125,4920240000,0.7709205407712464,0,0.0,0.0,0.0,0.0,0.0,
22/03/2023,3936.969970703125,4039.489990234375,3936.169921875,4002.0400390625,4533010000,0.7592864565571183,1,1.3636363636363635,0.0544455659886201,0.16176470588235295,0.6176470588235294,0.22058823529411764,0.0
23/03/2023,3948.719970703125,4007.659912109375,3919.050048828125,3959.2099609375,4991600000,0.8563016811413604,0,0.0,0.0,0.0,0.0,0.0,
24/03/2023,3970.989990234375,3972.739990234375,3909.159912109375,3939.2099609375,4583970000,0.9402645065055899,0,0.0,0.0,0.0,0.0,0.0,
27/03/2023,3977.530029296875,4003.830078125,3970.489990234375,3982.929931640625,4233540000,0.9099549658762052,0,0.0,0.0,0.0,0.0,0.0,
28/03/2023,3971.27001953125,3979.199951171875,3951.530029296875,3974.1298828125,4014600000,0.897850847530407,0,0.0,0.0,0.0,0.0,0.0,
29/03/2023,4027.81005859375,4030.590087890625,3999.530029296875,3999.530029296875,4145250000,0.9434333714477153,0,0.0,0.0,0.0,0.0,0.0,
30/03/2023,4050.830078125,4057.85009765625,4032.10009765625,4046.739990234375,3930860000,0.9400274150549401,0,0.0,0.0,0.0,0.0,0.0,
31/03/2023,4109.31005859375,4110.75,4056.179931640625,4056.179931640625,4525120000,1.0851934614810903,0,0.0,0.0,0.0,0.0,0.0,
03/04/2023,4124.509765625,4127.66015625,4098.7900390625,4102.2001953125,4234700000,1.0154897741208497,0,0.0,0.0,0.0,0.0,0.0,
04/04/2023,4100.60009765625,4133.1298828125,4086.8701171875,4128.02978515625,4227800000,1.0035734411711505,0,0.0,0.0,0.0,0.0,0.0,
05/04/2023,4090.3798828125,4099.68994140625,4072.56005859375,4094.5,3968020000,0.9499006535321859,0,0.0,0.0,0.0,0.0,0.0,
06/04/2023,4105.02001953125,4107.31982421875,4069.840087890625,4081.14990234375,3486690000,0.8528112989077077,0,0.0,0.0,0.0,0.0,0.0,
10/04/2023,4109.10986328125,4109.5,4072.550048828125,4085.199951171875,3423650000,0.8850821524999405,0,0.0,0.0,0.0,0.0,0.0,
11/04/2023,4108.93994140625,4124.259765625,4102.60986328125,4110.2900390625,3665830000,0.9764095335657008,0,0.0,0.0,0.0,0.0,0.0,
12/04/2023,4091.949951171875,4134.3701171875,4086.93994140625,4121.72021484375,3633120000,0.999355790268197,0,0.0,0.0,0.0,0.0,0.0,
13/04/2023,4146.22021484375,4150.259765625,4099.39990234375,4100.0400390625,3596590000,1.0099444677825526,0,0.0,0.0,0.0,0.0,0.0,
14/04/2023,4137.64013671875,4163.18994140625,4113.2001953125,4140.10986328125,3575690000,0.9990818602862942,0,0.0,0.0,0.0,0.0,0.0,
17/04/2023,4151.31982421875,4151.72021484375,4123.18017578125,4137.169921875,3611180000,0.9985339343594134,0,0.0,0.0,0.0,0.0,0.0,
18/04/2023,4154.8701171875,4169.47998046875,4140.35986328125,4164.259765625,3536640000,0.9849598010830369,0,0.0,0.0,0.0,0.0,0.0,
19/04/2023,4154.52001953125,4162.56982421875,4134.490234375,4139.330078125,3572560000,0.9983311592574833,0,0.0,0.0,0.0,0.0,0.0,
20/04/2023,4129.7900390625,4148.56982421875,4114.56982421875,4130.47998046875,3772080000,1.0438478759585237,0,0.0,0.0,0.0,0.0,0.0,
21/04/2023,4133.52001953125,4138.02001953125,4113.85986328125,4132.14013671875,3611750000,0.9974889818445544,0,0.0,0.0,0.0,0.0,0.0,
24/04/2023,4137.0400390625,4142.41015625,4117.77001953125,4132.06982421875,3290940000,0.9252545972580926,0,0.0,0.0,0.0,0.0,0.0,
25/04/2023,4071.6298828125,4126.43017578125,4071.3798828125,4126.43017578125,3978640000,1.0914755154321005,0,0.0,0.0,0.0,0.0,0.0,
26/04/2023,4055.989990234375,4089.669921875,4049.35009765625,4087.780029296875,3837030000,1.0375713071187056,0,0.0,0.0,0.0,0.0,0.0,
27/04/2023,4135.35009765625,4138.240234375,4075.2900390625,4075.2900390625,3750550000,1.0153685301406525,0,0.0,0.0,0.0,0.0,0.0,
28/04/2023,4169.47998046875,4170.06005859375,4127.18017578125,4129.6298828125,4087800000,1.0788621353647618,0,0.0,0.0,0.0,0.0,0.0,
01/05/2023,4167.8701171875,4186.919921875,4164.1201171875,4166.7900390625,3321370000,0.8751783230805796,0,0.0,0.0,0.0,0.0,0.0,
02/05/2023,4119.580078125,4164.10009765625,4089.719970703125,4164.10009765625,4486130000,1.1513005264108798,0,0.0,0.0,0.0,0.0,0.0,
03/05/2023,4090.75,4148.2998046875,4088.860107421875,4122.25,4246510000,1.0673720966240305,1,0.6818181818181818,-0.0178127455669832,0.14864864864864866,0.75,0.10135135135135136,0.0
04/05/2023,4061.219970703125,4082.610107421875,4048.280029296875,4082.550048828125,4920090000,1.168007159847877,0,0.0,0.0,0.0,0.0,0.0,
05/05/2023,4136.25,4147.02001953125,4084.72998046875,4084.72998046875,4186270000,0.9891769378323725,0,0.0,0.0,0.0,0.0,0.0,
08/05/2023,4138.1201171875,4142.2998046875,4123.81005859375,4136.97998046875,3641640000,0.8476563081919347,0,0.0,0.0,0.0,0.0,0.0,
09/05/2023,4119.169921875,4130.35009765625,4116.64990234375,4124.25,3810140000,0.9156943279507226,0,0.0,0.0,0.0,0.0,0.0,
10/05/2023,4137.64013671875,4154.27978515625,4098.919921875,4143.740234375,4057160000,0.9840167254417835,0,0.0,0.0,0.0,0.0,0.0,
11/05/2023,4130.6201171875,4132.7998046875,4109.2900390625,4132.240234375,3752900000,0.9648495406494513,0,0.0,0.0,0.0,0.0,0.0,
12/05/2023,4124.080078125,4143.740234375,4099.1201171875,4138.5400390625,3533740000,0.9400454787774573,0,0.0,0.0,0.0,0.0,0.0,
15/05/2023,4136.27978515625,4141.25,4110.27001953125,4126.64990234375,3562170000,0.9516320431970104,0,0.0,0.0,0.0,0.0,0.0,
16/05/2023,4109.89990234375,4135.5400390625,4109.85986328125,4127.9501953125,3654200000,0.9844198625335867,0,0.0,0.0,0.0,0.0,0.0,
17/05/2023,4158.77001953125,4164.669921875,4113.6201171875,4122.85009765625,4039080000,1.0891652451260887,0,0.0,0.0,0.0,0.0,0.0,
18/05/2023,4198.0498046875,4202.2001953125,4153.5,4157.68017578125,3980500000,1.0603531544740483,0,0.0,0.0,0.0,0.0,0.0,
19/05/2023,4191.97998046875,4212.91015625,4180.2001953125,4204.14990234375,4041900000,1.0483274846520747,0,0.0,0.0,0.0,0.0,0.0,
22/05/2023,4192.6298828125,4209.22021484375,4179.68017578125,4190.77978515625,3728520000,0.958774338877403,0,0.0,0.0,0.0,0.0,0.0,
23/05/2023,4145.580078125,4185.68017578125,4142.5400390625,4176.7998046875,4155320000,1.0416779475084883,0,0.0,0.0,0.0,0.0,0.0,
24/05/2023,4115.240234375,4132.9599609375,4103.97998046875,4132.9599609375,0,0.0,0,0.0,0.0,0.0,0.0,0.0,
25/05/2023,4151.27978515625,4165.740234375,4129.72998046875,4155.7099609375,4147760000,1.290247923600958,0,0.0,0.0,0.0,0.0,0.0,
26/05/2023,4205.4501953125,4212.8701171875,4156.16015625,4156.16015625,3715460000,1.1797313276256012,0,0.0,0.0,0.0,0.0,0.0,
30/05/2023,4205.52001953125,4231.10009765625,4192.18017578125,4226.7099609375,4228510000,1.3013162389479935,0,0.0,0.0,0.0,0.0,0.0,
31/05/2023,4179.830078125,4195.43994140625,4166.14990234375,4190.740234375,5980670000,1.6546418848631061,0,0.0,0.0,0.0,0.0,0.0,
01/06/2023,4221.02001953125,4232.43017578125,4171.64013671875,4183.02978515625,4391860000,0.9775216276877138,0,0.0,0.0,0.0,0.0,0.0,
02/06/2023,4282.3701171875,4290.669921875,4241.009765625,4241.009765625,4454200000,0.9780551322532904,0,0.0,0.0,0.0,0.0,0.0,
05/06/2023,4273.7900390625,4299.27978515625,4266.81982421875,4282.990234375,3813290000,0.8337418277431912,0,0.0,0.0,0.0,0.0,0.0,
06/06/2023,4283.85009765625,4288.330078125,4263.08984375,4271.33984375,3996560000,0.8827658595070457,0,0.0,0.0,0.0,0.0,0.0,
07/06/2023,4267.52001953125,4299.18994140625,4263.9599609375,4285.47021484375,4537800000,1.070553480254283,0,0.0,0.0,0.0,0.0,0.0,
08/06/2023,4293.93017578125,4298.009765625,4261.06982421875,4268.68994140625,3826740000,0.9275330984812825,0,0.0,0.0,0.0,0.0,0.0,
09/06/2023,4298.85986328125,4322.6201171875,4291.7001953125,4304.8798828125,3786510000,0.9484817818835825,0,0.0,0.0,0.0,0.0,0.0,
12/06/2023,4338.93017578125,4340.1298828125,4304.3701171875,4308.31982421875,3945670000,0.9818382066043971,0,0.0,0.0,0.0,0.0,0.0,
13/06/2023,4369.009765625,4375.3701171875,4349.31005859375,4352.60986328125,4275400000,1.0493262360520161,0,0.0,0.0,0.0,0.0,0.0,
14/06/2023,4372.58984375,4391.81982421875,4337.85009765625,4366.2900390625,4252110000,1.0584533936593012,1,1.0238095238095237,0.0135092800594738,0.14383561643835616,0.708904109589041,0.14726027397260275,0.0
15/06/2023,4425.83984375,4439.2001953125,4362.60009765625,4365.330078125,4176690000,1.0218761835510985,0,0.0,0.0,0.0,0.0,0.0,
16/06/2023,4409.58984375,4448.47021484375,4407.43994140625,4440.9501953125,6848600000,1.457243812043933,0,0.0,0.0,0.0,0.0,0.0,
20/06/2023,4388.7099609375,4400.14990234375,4367.18994140625,4396.10986328125,4055790000,0.8589648937102978,0,0.0,0.0,0.0,0.0,0.0,
21/06/2023,4365.68994140625,4386.22021484375,4360.14013671875,4380.009765625,3709330000,0.8048880938369588,0,0.0,0.0,0.0,0.0,0.0,
22/06/2023,4381.89013671875,4382.25,4351.81982421875,4355.39990234375,3511000000,0.7871699592088572,0,0.0,0.0,0.0,0.0,0.0,
23/06/2023,4348.330078125,4366.5498046875,4341.33984375,4354.169921875,6053620000,1.2518684078394133,0,0.0,0.0,0.0,0.0,0.0,
26/06/2023,4328.81982421875,4362.06005859375,4328.080078125,4344.83984375,3415030000,0.8231062576254159,0,0.0,0.0,0.0,0.0,0.0,
27/06/2023,4378.41015625,4384.419921875,4335.0,4337.35986328125,3573500000,0.8818022275654313,0,0.0,0.0,0.0,0.0,0.0,
28/06/2023,4376.85986328125,4390.35009765625,4360.22021484375,4367.47998046875,3739330000,0.9213585525278329,0,0.0,0.0,0.0,0.0,0.0,
29/06/2023,4396.43994140625,4398.39013671875,4371.97021484375,4374.93994140625,3696660000,0.9025868560328233,0,0.0,0.0,0.0,0.0,0.0,
30/06/2023,4450.3798828125,4458.47998046875,4422.43994140625,4422.43994140625,3923450000,1.0691782251660538,0,0.0,0.0,0.0,0.0,0.0,
03/07/2023,4455.58984375,4456.4599609375,4442.2900390625,4450.47998046875,2034280000,0.5994735731604824,0,0.0,0.0,0.0,0.0,0.0,
05/07/2023,4446.81982421875,4454.06005859375,4436.60986328125,4442.0400390625,3482620000,1.0318054744097358,0,0.0,0.0,0.0,0.0,0.0,
06/07/2023,4411.58984375,4422.6201171875,4385.0498046875,4422.6201171875,3682020000,1.0945993912847531,0,0.0,0.0,0.0,0.0,0.0,
07/07/2023,4398.9501953125,4440.39013671875,4397.39990234375,4404.5400390625,3630480000,1.0835410094401847,0,0.0,0.0,0.0,0.0,0.0,
10/07/2023,4409.52978515625,4412.60009765625,4389.919921875,4394.22998046875,3429600000,1.0546774094347746,0,0.0,0.0,0.0,0.0,0.0,
11/07/2023,4439.259765625,4443.64013671875,4408.4599609375,4415.5498046875,3624220000,1.015247964304883,0,0.0,0.0,0.0,0.0,0.0,
12/07/2023,4472.16015625,4488.33984375,4463.22998046875,4467.68994140625,3920290000,1.0719017904357342,0,0.0,0.0,0.0,0.0,0.0,
13/07/2023,4510.0400390625,4517.3798828125,4489.35986328125,4491.5,3839530000,1.040854754794482,0,0.0,0.0,0.0,0.0,0.0,
14/07/2023,4505.419921875,4527.759765625,4499.56005859375,4514.60986328125,3647450000,0.9878750387978175,0,0.0,0.0,0.0,0.0,0.0,
17/07/2023,4522.7900390625,4532.85009765625,4504.89990234375,4508.85986328125,3538240000,0.952690211435492,0,0.0,0.0,0.0,0.0,0.0,
18/07/2023,4554.97998046875,4562.2998046875,4514.58984375,4521.77978515625,4090010000,1.0743100267289782,0,0.0,0.0,0.0,0.0,0.0,
19/07/2023,4565.72021484375,4578.43017578125,4557.47998046875,4563.8701171875,4115670000,1.0700669235449198,0,0.0,0.0,0.0,0.0,0.0,
20/07/2023,4534.8701171875,4564.740234375,4527.56005859375,4554.3798828125,3761770000,0.9820243573638578,0,0.0,0.0,0.0,0.0,0.0,
21/07/2023,4536.33984375,4555.0,4535.7900390625,4550.16015625,3570190000,0.9357864486461437,0,0.0,0.0,0.0,0.0,0.0,
24/07/2023,4554.64013671875,4563.41015625,4541.2900390625,4543.39013671875,3856250000,0.9941919852077123,0,0.0,0.0,0.0,0.0,0.0,
25/07/2023,4567.4599609375,4580.6201171875,4552.419921875,4555.18994140625,3812470000,0.9971751929630918,0,0.0,0.0,0.0,0.0,0.0,
26/07/2023,4566.75,4582.47021484375,4547.580078125,4558.9599609375,3990290000,1.0505756156741861,1,0.9038461538461539,0.0413942381677757,0.1918819188191882,0.6346863468634686,0.17343173431734318,0.0
27/07/2023,4537.41015625,4607.06982421875,4528.56005859375,4598.259765625,4553210000,1.1508228774957145,0,0.0,0.0,0.0,0.0,0.0,
28/07/2023,4582.22998046875,4590.16015625,4564.009765625,4565.75,3981010000,0.9857288804218047,0,0.0,0.0,0.0,0.0,0.0,
31/07/2023,4588.9599609375,4594.22021484375,4573.14013671875,4584.81982421875,4503600000,1.080488162997383,0,0.0,0.0,0.0,0.0,0.0,
01/08/2023,4576.72998046875,4584.6201171875,4567.52978515625,4578.830078125,4042370000,0.9592496231694769,0,0.0,0.0,0.0,0.0,0.0,
02/08/2023,4513.39013671875,4550.93017578125,4505.75,4550.93017578125,4270710000,1.00012411654778,0,0.0,0.0,0.0,0.0,0.0,
03/08/2023,4501.89013671875,4519.490234375,4485.5400390625,4494.27001953125,4149120000,0.9903942414143252,0,0.0,0.0,0.0,0.0,0.0,
04/08/2023,4478.02978515625,4540.33984375,4474.5498046875,4513.9599609375,4143310000,0.9814032898592124,0,0.0,0.0,0.0,0.0,0.0,
07/08/2023,4518.43994140625,4519.83984375,4491.14990234375,4491.580078125,3493920000,0.8691589761500699,0,0.0,0.0,0.0,0.0,0.0,
08/08/2023,4499.3798828125,4503.31005859375,4464.39013671875,4498.02978515625,3884910000,0.9740537168594677,0,0.0,0.0,0.0,0.0,0.0,
09/08/2023,4467.7099609375,4502.43994140625,4461.330078125,4501.56982421875,3803100000,0.9764377365931409,0,0.0,0.0,0.0,0.0,0.0,
10/08/2023,4468.830078125,4527.3701171875,4457.919921875,4487.16015625,4504370000,1.1357686812801664,0,0.0,0.0,0.0,0.0,0.0,
11/08/2023,4464.0498046875,4476.22998046875,4443.97998046875,4450.68994140625,3753290000,0.9653727264824001,0,0.0,0.0,0.0,0.0,0.0,
14/08/2023,4489.72021484375,4490.330078125,4453.43994140625,4458.1298828125,3896410000,0.981855228887294,0,0.0,0.0,0.0,0.0,0.0,
15/08/2023,4437.85986328125,4478.8701171875,4432.18994140625,4478.8701171875,3832250000,0.9682572809107088,0,0.0,0.0,0.0,0.0,0.0,
16/08/2023,4404.330078125,4449.9501953125,4403.5498046875,4433.7900390625,3753910000,0.9508273206543186,0,0.0,0.0,0.0,0.0,0.0,
17/08/2023,4370.35986328125,4421.169921875,4364.830078125,4416.31982421875,3943700000,1.0280997061455008,0,0.0,0.0,0.0,0.0,0.0,
18/08/2023,4369.7099609375,4381.81982421875,4335.31005859375,4344.8798828125,3940400000,1.0173147990852325,0,0.0,0.0,0.0,0.0,0.0,
21/08/2023,4399.77001953125,4407.5498046875,4360.2998046875,4380.27978515625,3726850000,0.9706799617234052,0,0.0,0.0,0.0,0.0,0.0,
22/08/2023,4387.5498046875,4418.58984375,4382.77001953125,4415.330078125,3522760000,0.9325579400686799,0,0.0,0.0,0.0,0.0,0.0,
23/08/2023,4436.009765625,4443.18017578125,4396.43994140625,4396.43994140625,3837270000,1.0113526027648545,0,0.0,0.0,0.0,0.0,0.0,
24/08/2023,4376.31005859375,4458.2998046875,4375.5498046875,4455.16015625,3723470000,0.992885617908617,0,0.0,0.0,0.0,0.0,0.0,
25/08/2023,4405.7099609375,4418.4599609375,4356.2900390625,4389.3798828125,3296180000,0.9102185786012008,0,0.0,0.0,0.0,0.0,0.0,
28/08/2023,4433.31005859375,4439.56005859375,4414.97998046875,4426.02978515625,2957230000,0.8528711287074802,0,0.0,0.0,0.0,0.0,0.0,
29/08/2023,4497.6298828125,4500.14013671875,4431.68017578125,4432.75,3354820000,0.9770009499696254,0,0.0,0.0,0.0,0.0,0.0,
30/08/2023,4514.8701171875,4521.64990234375,4493.58984375,4500.33984375,3064110000,0.934418610608442,0,0.0,0.0,0.0,0.0,0.0,
31/08/2023,4507.66015625,4532.259765625,4507.39013671875,4517.009765625,3946360000,1.1873251217002534,0,0.0,0.0,0.0,0.0,0.0,
01/09/2023,4515.77001953125,4541.25,4501.35009765625,4530.60009765625,3246260000,0.9796315721495488,0,0.0,0.0,0.0,0.0,0.0,
05/09/2023,4496.830078125,4514.2900390625,4496.009765625,4510.06005859375,3526250000,1.0287930772911342,0,0.0,0.0,0.0,0.0,0.0,
06/09/2023,4465.47998046875,4490.35009765625,4442.3798828125,4490.35009765625,3418850000,0.9937460142322067,0,0.0,0.0,0.0,0.0,0.0,
07/09/2023,4451.14013671875,4457.81005859375,4430.4599609375,4434.5498046875,3763760000,1.051242690548491,0,0.0,0.0,0.0,0.0,0.0,
08/09/2023,4457.490234375,4473.52978515625,4448.3798828125,4451.2998046875,3259290000,0.946674907824317,0,0.0,0.0,0.0,0.0,0.0,
11/09/2023,4487.4599609375,4490.77001953125,4467.89013671875,4480.97998046875,3369920000,0.9718267373473518,0,0.0,0.0,0.0,0.0,0.0,
12/09/2023,4461.89990234375,4487.10986328125,4456.830078125,4473.27001953125,3435740000,0.9960075512130412,0,0.0,0.0,0.0,0.0,0.0,
13/09/2023,4467.43994140625,4479.39013671875,4453.52001953125,4462.64990234375,3529430000,1.016649825384517,0,0.0,0.0,0.0,0.0,0.0,
14/09/2023,4505.10009765625,4511.990234375,4478.68994140625,4487.77978515625,3648720000,1.0580232092837134,0,0.0,0.0,0.0,0.0,0.0,
15/09/2023,4450.31982421875,4497.97998046875,4447.2099609375,4497.97998046875,6932230000,1.6571564215788457,0,0.0,0.0,0.0,0.0,0.0,
18/09/2023,4453.52978515625,4466.35986328125,4442.10986328125,4445.1298828125,3161230000,0.7633110948527938,0,0.0,0.0,0.0,0.0,0.0,
19/09/2023,4443.9501953125,4449.85009765625,4416.60986328125,4445.41015625,3614880000,0.865363208466334,0,0.0,0.0,0.0,0.0,0.0,
20/09/2023,4402.2001953125,4461.02978515625,4401.3798828125,4452.81005859375,3308450000,0.8004762524612264,1,1.25,0.0401440260809708,0.13114754098360656,0.7049180327868853,0.16393442622950818,0.0
21/09/2023,4330.0,4375.7001953125,4329.169921875,4374.35986328125,3662340000,0.8855159767359652,0,0.0,0.0,0.0,0.0,0.0,
22/09/2023,4320.06005859375,4357.39990234375,4316.490234375,4341.740234375,3349570000,0.9796086560558993,0,0.0,0.0,0.0,0.0,0.0,
25/09/2023,4337.43994140625,4338.509765625,4302.7001953125,4310.6201171875,3195650000,0.9327156966158793,0,0.0,0.0,0.0,0.0,0.0,
26/09/2023,4273.52978515625,4313.009765625,4265.97998046875,4312.8798828125,3472340000,1.0219768252949815,0,0.0,0.0,0.0,0.0,0.0,
27/09/2023,4274.509765625,4292.06982421875,4238.6298828125,4282.6298828125,3875880000,1.1038757605757192,0,0.0,0.0,0.0,0.0,0.0,
28/09/2023,4299.7001953125,4317.27001953125,4264.3798828125,4269.64990234375,3846230000,1.0840759721009465,0,0.0,0.0,0.0,0.0,0.0,
29/09/2023,4288.0498046875,4333.14990234375,4274.85986328125,4328.18017578125,3865960000,1.0588155385115956,0,0.0,0.0,0.0,0.0,0.0,
02/10/2023,4288.39013671875,4300.580078125,4260.2099609375,4284.52001953125,3938660000,1.0365402095997331,0,0.0,0.0,0.0,0.0,0.0,
03/10/2023,4229.4501953125,4281.14990234375,4216.4501953125,4269.75,3953830000,1.0148142558530144,0,0.0,0.0,0.0,0.0,0.0,
04/10/2023,4263.75,4268.5,4220.47998046875,4233.830078125,3777600000,0.9744983562305364,0,0.0,0.0,0.0,0.0,0.0,
05/10/2023,4258.18994140625,4267.1298828125,4225.91015625,4259.31005859375,3581470000,0.9366983792876901,0,0.0,0.0,0.0,0.0,0.0,
06/10/2023,4308.5,4324.10009765625,4219.5498046875,4234.7900390625,3902030000,1.018615831288025,0,0.0,0.0,0.0,0.0,0.0,
09/10/2023,4335.66015625,4341.72998046875,4283.7900390625,4289.02001953125,3174630000,0.863160945666998,0,0.0,0.0,0.0,0.0,0.0,
10/10/2023,4358.240234375,4385.4599609375,4339.64013671875,4339.75,3520240000,0.9802422258446634,0,0.0,0.0,0.0,0.0,0.0,
11/10/2023,4376.9501953125,4378.64013671875,4345.33984375,4366.58984375,3601660000,1.0128385610148014,0,0.0,0.0,0.0,0.0,0.0,
12/10/2023,4349.60986328125,4385.85009765625,4325.43017578125,4380.93994140625,3713140000,1.036512447171402,0,0.0,0.0,0.0,0.0,0.0,
13/10/2023,4327.77978515625,4377.10009765625,4311.97021484375,4360.490234375,3566560000,1.0145975559036267,0,0.0,0.0,0.0,0.0,0.0,
16/10/2023,4373.6298828125,4383.330078125,4342.3701171875,4342.3701171875,3409960000,0.9572322693801104,0,0.0,0.0,0.0,0.0,0.0,
17/10/2023,4373.2001953125,4393.56982421875,4337.5400390625,4345.22998046875,3794850000,1.0491027121828447,0,0.0,0.0,0.0,0.0,0.0,
18/10/2023,4314.60009765625,4364.2001953125,4303.83984375,4357.35009765625,3686030000,1.0142874124819625,0,0.0,0.0,0.0,0.0,0.0,
19/10/2023,4278.0,4339.5400390625,4269.68994140625,4321.35986328125,3969730000,1.0771427780669045,0,0.0,0.0,0.0,0.0,0.0,
20/10/2023,4224.16015625,4276.56005859375,4223.02978515625,4273.85009765625,4004030000,1.061254943120978,0,0.0,0.0,0.0,0.0,0.0,
23/10/2023,4217.0400390625,4255.83984375,4189.22021484375,4210.39990234375,3776100000,0.9817874923169884,0,0.0,0.0,0.0,0.0,0.0,
24/10/2023,4247.68017578125,4259.3798828125,4219.43017578125,4235.7900390625,3821820000,0.992283090772475,0,0.0,0.0,0.0,0.0,0.0,
25/10/2023,4186.77001953125,4232.419921875,4181.419921875,4232.419921875,3869370000,0.9951545827000084,0,0.0,0.0,0.0,0.0,0.0,
26/10/2023,4137.22998046875,4183.60009765625,4127.89990234375,4175.990234375,4277640000,1.0830038645072955,0,0.0,0.0,0.0,0.0,0.0,
27/10/2023,4117.3701171875,4156.7001953125,4103.77978515625,4152.93017578125,4019500000,1.016851991178091,0,0.0,0.0,0.0,0.0,0.0,
30/10/2023,4166.81982421875,4177.47021484375,4132.93994140625,4139.39013671875,3911140000,0.982724665531293,0,0.0,0.0,0.0,0.0,0.0,
31/10/2023,4193.7998046875,4195.5498046875,4153.1201171875,4171.330078125,4249470000,1.0452710467592063,0,0.0,0.0,0.0,0.0,0.0,
01/11/2023,4237.85986328125,4245.64013671875,4197.740234375,4201.27001953125,4224900000,1.0213633165962777,1,1.0,-0.0055499044111997,0.16304347826086957,0.6739130434782609,0.16304347826086957,0.0
02/11/2023,4317.77978515625,4319.72021484375,4268.259765625,4268.259765625,4669780000,1.1079066505526272,0,0.0,0.0,0.0,0.0,0.0,
03/11/2023,4358.33984375,4373.6201171875,4334.22998046875,4334.22998046875,4570960000,1.0568082769782094,0,0.0,0.0,0.0,0.0,0.0,
06/11/2023,4365.97998046875,4372.2099609375,4347.52978515625,4364.27001953125,3656340000,0.8554262813239157,0,0.0,0.0,0.0,0.0,0.0,
07/11/2023,4378.3798828125,4386.259765625,4355.41015625,4366.2099609375,3791230000,0.9064199135379026,0,0.0,0.0,0.0,0.0,0.0,
08/11/2023,4382.77978515625,4391.2001953125,4359.759765625,4384.3701171875,3729510000,0.9132977957490075,0,0.0,0.0,0.0,0.0,0.0,
09/11/2023,4347.35009765625,4393.39990234375,4343.93994140625,4391.41015625,3900780000,0.9926244934810334,0,0.0,0.0,0.0,0.0,0.0,
10/11/2023,4415.240234375,4418.02978515625,4353.33984375,4364.14990234375,3665080000,0.977722811896106,0,0.0,0.0,0.0,0.0,0.0,
13/11/2023,4411.5498046875,4421.759765625,4393.81982421875,4406.66015625,3326240000,0.9032392612980942,0,0.0,0.0,0.0,0.0,0.0,
14/11/2023,4495.7001953125,4508.669921875,4458.97021484375,4458.97021484375,4700350000,1.2163232922539948,0,0.0,0.0,0.0,0.0,0.0,
15/11/2023,4502.8798828125,4521.169921875,4495.31005859375,4505.2998046875,4347170000,1.0900834619716926,0,0.0,0.0,0.0,0.0,0.0,
16/11/2023,4508.240234375,4511.990234375,4487.830078125,4497.080078125,3964520000,0.9909635181289543,0,0.0,0.0,0.0,0.0,0.0,
17/11/2023,4514.02001953125,4520.1201171875,4499.66015625,4509.5498046875,3777240000,0.9388869887529628,0,0.0,0.0,0.0,0.0,0.0,
20/11/2023,4547.3798828125,4557.10986328125,4510.35986328125,4511.7001953125,3644790000,0.8918414197465312,0,0.0,0.0,0.0,0.0,0.0,
21/11/2023,4538.18994140625,4542.14013671875,4525.509765625,4538.77001953125,3511080000,0.9122152477552378,0,0.0,0.0,0.0,0.0,0.0,
22/11/2023,4556.6201171875,4568.43017578125,4545.0498046875,4553.0400390625,3042810000,0.8480310404873013,0,0.0,0.0,0.0,0.0,0.0,
24/11/2023,4559.33984375,4560.31005859375,4552.7998046875,4555.83984375,1639500000,0.5249618646184349,0,0.0,0.0,0.0,0.0,0.0,
27/11/2023,4550.43017578125,4560.52001953125,4546.31982421875,4554.85986328125,3403990000,1.1166356234053287,0,0.0,0.0,0.0,0.0,0.0,
28/11/2023,4554.89013671875,4568.14013671875,4540.509765625,4545.5498046875,3586240000,1.1809568469179286,0,0.0,0.0,0.0,0.0,0.0,
29/11/2023,4550.580078125,4587.64013671875,4547.14990234375,4571.83984375,4418760000,1.3730276609099328,0,0.0,0.0,0.0,0.0,0.0,
30/11/2023,4567.7998046875,4569.89013671875,4537.240234375,4554.8701171875,5399300000,1.4634002230077423,0,0.0,0.0,0.0,0.0,0.0,
01/12/2023,4594.6298828125,4599.39013671875,4554.7099609375,4559.43017578125,4397120000,1.0367920261857706,0,0.0,0.0,0.0,0.0,0.0,
04/12/2023,4569.77978515625,4572.3701171875,4546.72021484375,4564.3701171875,4369910000,0.9854866622796197,0,0.0,0.0,0.0,0.0,0.0,
05/12/2023,4567.18017578125,4578.56005859375,4551.68017578125,4557.25,3909950000,0.8690693592898702,0,0.0,0.0,0.0,0.0,0.0,
06/12/2023,4549.33984375,4590.740234375,4546.5,4586.22998046875,4245680000,0.9510096783615776,0,0.0,0.0,0.0,0.0,0.0,
07/12/2023,4585.58984375,4590.919921875,4565.22021484375,4568.83984375,3818880000,0.9205873816505428,0,0.0,0.0,0.0,0.0,0.0,
08/12/2023,4604.3701171875,4609.22998046875,4574.06005859375,4576.2001953125,3707010000,0.9243754684827965,0,0.0,0.0,0.0,0.0,0.0,
11/12/2023,4622.43994140625,4623.7099609375,4593.39013671875,4593.39013671875,3823210000,0.9800725259975401,0,0.0,0.0,0.0,0.0,0.0,
12/12/2023,4643.7001953125,4643.93017578125,4608.08984375,4618.2998046875,3808380000,0.9813813832386065,0,0.0,0.0,0.0,0.0,0.0,
13/12/2023,4707.08984375,4709.68994140625,4643.22998046875,4646.2001953125,5063650000,1.2520689991113256,1,1.4,0.0296989914477449,0.13565891472868216,0.6744186046511628,0.18992248062015504,0.0
14/12/2023,4719.5498046875,4738.56982421875,4694.33984375,4721.0400390625,6314040000,1.3897603878098053,0,0.0,0.0,0.0,0.0,0.0,
15/12/2023,4719.18994140625,4725.52978515625,4704.68994140625,4714.22998046875,8218980000,1.5092738206554515,0,0.0,0.0,0.0,0.0,0.0,
18/12/2023,4740.56005859375,4749.52001953125,4725.580078125,4725.580078125,4060340000,0.7391739203412003,0,0.0,0.0,0.0,0.0,0.0,
19/12/2023,4768.3701171875,4768.68994140625,4743.72021484375,4743.72021484375,4026970000,0.7273105239925762,0,0.0,0.0,0.0,0.0,0.0,
20/12/2023,4698.35009765625,4778.009765625,4697.81982421875,4764.72998046875,4201320000,0.7831956646962435,0,0.0,0.0,0.0,0.0,0.0,
21/12/2023,4746.75,4748.7099609375,4708.35009765625,4724.2900390625,3431180000,0.7166569404719286,0,0.0,0.0,0.0,0.0,0.0,
22/12/2023,4754.6298828125,4772.93994140625,4736.77001953125,4753.919921875,3046770000,0.8117541928257572,0,0.0,0.0,0.0,0.0,0.0,
26/12/2023,4774.75,4784.72021484375,4758.4501953125,4758.85986328125,2513910000,0.7299326660917588,0,0.0,0.0,0.0,0.0,0.0,
27/12/2023,4781.580078125,4785.39013671875,4768.89990234375,4773.4501953125,2748450000,0.8620354380323718,0,0.0,0.0,0.0,0.0,0.0,
28/12/2023,4783.35009765625,4793.2998046875,4780.97998046875,4786.43994140625,2698860000,0.9345620281498175,0,0.0,0.0,0.0,0.0,0.0,
29/12/2023,4769.830078125,4788.43017578125,4751.990234375,4782.8798828125,3126060000,1.1058613773122354,0,0.0,0.0,0.0,0.0,0.0,
02/01/2024,4742.830078125,4754.330078125,4722.669921875,4745.2001953125,3743050000,1.2619577581887929,0,0.0,0.0,0.0,0.0,0.0,
03/01/2024,4704.81005859375,4729.2900390625,4699.7099609375,4725.06982421875,3950760000,1.214334629603902,0,0.0,0.0,0.0,0.0,0.0,
04/01/2024,4688.68017578125,4726.77978515625,4687.52978515625,4697.419921875,3715480000,1.0779374279412866,0,0.0,0.0,0.0,0.0,0.0,
05/01/2024,4697.240234375,4721.490234375,4682.10986328125,4690.56982421875,3844370000,1.0458184346660342,0,0.0,0.0,0.0,0.0,0.0,
08/01/2024,4763.5400390625,4764.5400390625,4699.81982421875,4703.7001953125,3742320000,0.9850294641287262,0,0.0,0.0,0.0,0.0,0.0,
09/01/2024,4756.5,4765.47021484375,4730.35009765625,4741.93017578125,3529960000,0.9396743525623587,0,0.0,0.0,0.0,0.0,0.0,
10/01/2024,4783.4501953125,4790.7998046875,4756.2001953125,4759.93994140625,3498680000,0.9543168032400096,0,0.0,0.0,0.0,0.0,0.0,
11/01/2024,4780.240234375,4798.5,4739.580078125,4792.1298828125,3759890000,1.0230870705221489,0,0.0,0.0,0.0,0.0,0.0,
12/01/2024,4783.830078125,4802.39990234375,4768.97998046875,4791.18017578125,3486340000,0.9675038116376639,0,0.0,0.0,0.0,0.0,0.0,
16/01/2024,4765.97998046875,4782.33984375,4747.1201171875,4772.35009765625,4260550000,1.1492995572800617,0,0.0,0.0,0.0,0.0,0.0,
17/01/2024,4739.2099609375,4744.22998046875,4714.81982421875,4739.1298828125,3928600000,1.0374425770278535,0,0.0,0.0,0.0,0.0,0.0,
18/01/2024,4780.93994140625,4785.7900390625,4740.56982421875,4760.10009765625,4019000000,1.0329293454738728,0,0.0,0.0,0.0,0.0,0.0,
19/01/2024,4839.81005859375,4842.06982421875,4785.8701171875,4796.27978515625,4287200000,1.0727821320418844,0,0.0,0.0,0.0,0.0,0.0,
22/01/2024,4850.43017578125,4868.41015625,4844.0498046875,4853.419921875,4297610000,1.0334291029271445,0,0.0,0.0,0.0,0.0,0.0,
23/01/2024,4864.60009765625,4866.47998046875,4844.3701171875,4856.7998046875,3912800000,0.9568989509034146,0,0.0,0.0,0.0,0.0,0.0,
24/01/2024,4868.5498046875,4903.68017578125,4865.93994140625,4888.56005859375,4330030000,1.038543861264933,0,0.0,0.0,0.0,0.0,0.0,
25/01/2024,4894.16015625,4898.14990234375,4869.33984375,4886.66015625,4020430000,0.9642211485283769,0,0.0,0.0,0.0,0.0,0.0,
26/01/2024,4890.97021484375,4906.68994140625,4881.47021484375,4888.91015625,3353400000,0.8419590574999737,0,0.0,0.0,0.0,0.0,0.0,
29/01/2024,4927.93017578125,4929.31005859375,4887.39990234375,4892.9501953125,3525160000,0.9208006344224321,0,0.0,0.0,0.0,0.0,0.0,
30/01/2024,4924.97021484375,4931.08984375,4916.27001953125,4925.89013671875,3836130000,1.0060581742079133,0,0.0,0.0,0.0,0.0,0.0,
31/01/2024,4845.64990234375,4906.75,4845.14990234375,4899.18994140625,4696120000,1.2083943176040233,1,0.9464285714285714,0.016220666565026,0.18791946308724833,0.6342281879194631,0.17785234899328858,0.0
01/02/2024,4906.18994140625,4906.97021484375,4853.52001953125,4861.10986328125,4386090000,1.1077719238870731,0,0.0,0.0,0.0,0.0,0.0,
02/02/2024,4958.60986328125,4975.2900390625,4907.990234375,4916.06005859375,3974350000,0.9732537950861624,0,0.0,0.0,0.0,0.0,0.0,
05/02/2024,4942.81005859375,4957.18994140625,4918.08984375,4957.18994140625,4023640000,0.961841776258072,0,0.0,0.0,0.0,0.0,0.0,
06/02/2024,4954.22998046875,4957.77001953125,4934.8798828125,4950.16015625,4440880000,1.031751194642648,0,0.0,0.0,0.0,0.0,0.0,
07/02/2024,4995.06005859375,4999.89013671875,4969.0498046875,4973.0498046875,4895590000,1.1269489032275886,0,0.0,0.0,0.0,0.0,0.0,
08/02/2024,4997.91015625,5000.39990234375,4987.08984375,4995.16015625,4341860000,1.0015214759700908,0,0.0,0.0,0.0,0.0,0.0,
09/02/2024,5026.60986328125,5030.06005859375,5000.33984375,5004.169921875,3912990000,0.9051578166233016,0,0.0,0.0,0.0,0.0,0.0,
12/02/2024,5021.83984375,5048.39013671875,5016.830078125,5026.830078125,3805740000,0.8893137655360129,0,0.0,0.0,0.0,0.0,0.0,
13/02/2024,4953.169921875,4971.2998046875,4920.31005859375,4967.93994140625,4302190000,1.0118814377583982,0,0.0,0.0,0.0,0.0,0.0,
14/02/2024,5000.6201171875,5002.52001953125,4956.4501953125,4976.43994140625,3845600000,0.9514864625467256,0,0.0,0.0,0.0,0.0,0.0,
15/02/2024,5029.72998046875,5032.72021484375,4999.43994140625,5003.14013671875,4137970000,1.034260308560728,0,0.0,0.0,0.0,0.0,0.0,
16/02/2024,5005.56982421875,5038.7001953125,4999.52001953125,5031.1298828125,3833270000,0.9619358215929218,0,0.0,0.0,0.0,0.0,0.0,
20/02/2024,4975.509765625,4993.7099609375,4955.02001953125,4989.31982421875,4034880000,1.001016676168545,0,0.0,0.0,0.0,0.0,0.0,
21/02/2024,4981.7998046875,4983.2099609375,4946.0,4963.02978515625,3788390000,0.9644523375887406,0,0.0,0.0,0.0,0.0,0.0,
22/02/2024,5087.02978515625,5094.39013671875,5038.830078125,5038.830078125,4051710000,1.0207762485752954,0,0.0,0.0,0.0,0.0,0.0,
23/02/2024,5088.7998046875,5111.06005859375,5081.4599609375,5100.919921875,3672790000,0.9475213920408811,0,0.0,0.0,0.0,0.0,0.0,
26/02/2024,5069.52978515625,5097.66015625,5068.91015625,5093.0,3683930000,0.9577754436685264,0,0.0,0.0,0.0,0.0,0.0,
27/02/2024,5078.18017578125,5080.68994140625,5057.2900390625,5074.60009765625,3925950000,1.0265118494862409,0,0.0,0.0,0.0,0.0,0.0,
28/02/2024,5069.759765625,5077.3701171875,5058.35009765625,5067.2001953125,3789370000,0.9907497222040657,0,0.0,0.0,0.0,0.0,0.0,
29/02/2024,5096.27001953125,5104.990234375,5061.89013671875,5085.35986328125,5219740000,1.2861710505436192,0,0.0,0.0,0.0,0.0,0.0,
01/03/2024,5137.080078125,5140.330078125,5094.16015625,5098.509765625,4748110000,1.1110796504907077,0,0.0,0.0,0.0,0.0,0.0,
04/03/2024,5130.9501953125,5149.669921875,5127.18017578125,5130.990234375,4758440000,1.0601824022429762,0,0.0,0.0,0.0,0.0,0.0,
05/03/2024,5078.64990234375,5114.5400390625,5056.81982421875,5110.52001953125,4418410000,0.9632851909844176,0,0.0,0.0,0.0,0.0,0.0,
06/03/2024,5104.759765625,5127.97021484375,5092.22021484375,5108.02978515625,4559050000,0.961672731107947,0,0.0,0.0,0.0,0.0,0.0,
07/03/2024,5157.35986328125,5165.6201171875,5128.2099609375,5132.3798828125,4137980000,0.9145923943914749,0,0.0,0.0,0.0,0.0,0.0,
08/03/2024,5123.68994140625,5189.259765625,5117.5,5164.4599609375,4208870000,0.9529768710871608,0,0.0,0.0,0.0,0.0,0.0,
11/03/2024,5117.93994140625,5124.66015625,5091.14013671875,5111.9599609375,3896430000,0.9180711888463833,0,0.0,0.0,0.0,0.0,0.0,
12/03/2024,5175.27001953125,5179.8701171875,5114.47998046875,5134.2998046875,4080510000,0.9770007336166919,0,0.0,0.0,0.0,0.0,0.0,
13/03/2024,5165.31005859375,5179.14013671875,5151.8798828125,5173.490234375,4282890000,1.0391994246525884,0,0.0,0.0,0.0,0.0,0.0,
14/03/2024,5150.47998046875,5176.85009765625,5123.2998046875,5175.14013671875,4687970000,1.1079177394174036,0,0.0,0.0,0.0,0.0,0.0,
15/03/2024,5117.08984375,5136.85986328125,5104.35009765625,5123.31005859375,7753670000,1.5694754198839178,0,0.0,0.0,0.0,0.0,0.0,
18/03/2024,5149.419921875,5175.60009765625,5145.47021484375,5154.77001953125,4036220000,0.8124024304725284,0,0.0,0.0,0.0,0.0,0.0,
19/03/2024,5178.509765625,5180.31005859375,5131.58984375,5139.08984375,4031760000,0.8131004081474607,0,0.0,0.0,0.0,0.0,0.0,
20/03/2024,5224.6201171875,5226.18994140625,5171.5498046875,5181.68994140625,4064850000,0.8270473381521555,1,1.0714285714285714,0.0248497401986385,0.18340611353711792,0.6200873362445415,0.1965065502183406,0.0
21/03/2024,5241.52978515625,5261.10009765625,5240.66015625,5253.43017578125,4207730000,0.8731820855034587,0,0.0,0.0,0.0,0.0,0.0,
22/03/2024,5234.18017578125,5246.08984375,5229.8701171875,5242.47998046875,3374700000,0.8558598770698433,0,0.0,0.0,0.0,0.0,0.0,
25/03/2024,5218.18994140625,5229.08984375,5216.08984375,5219.52001953125,3331360000,0.8761940832386483,0,0.0,0.0,0.0,0.0,0.0,
26/03/2024,5203.580078125,5235.16015625,5203.419921875,5228.85009765625,3871790000,1.0269765729482032,0,0.0,0.0,0.0,0.0,0.0,
27/03/2024,5248.490234375,5249.259765625,5213.919921875,5226.31005859375,3850500000,1.0330766985331679,0,0.0,0.0,0.0,0.0,0.0,
28/03/2024,5254.35009765625,5264.85009765625,5245.81982421875,5248.02978515625,3998270000,1.0849168214246563,0,0.0,0.0,0.0,0.0,0.0,
01/04/2024,5243.77001953125,5263.9501953125,5229.2001953125,5257.97021484375,3325930000,0.9048746180864464,0,0.0,0.0,0.0,0.0,0.0,
02/04/2024,5205.81005859375,5208.33984375,5184.0498046875,5204.2900390625,3886590000,1.0264019377724067,0,0.0,0.0,0.0,0.0,0.0,
03/04/2024,5211.490234375,5228.75,5194.3701171875,5194.3701171875,3703250000,0.9867681275426949,0,0.0,0.0,0.0,0.0,0.0,
04/04/2024,5147.2099609375,5256.58984375,5146.06005859375,5244.0498046875,4075680000,1.073127987142517,0,0.0,0.0,0.0,0.0,0.0,
05/04/2024,5204.33984375,5222.18017578125,5157.2099609375,5158.9501953125,3386780000,0.9214108213903079,0,0.0,0.0,0.0,0.0,0.0,
08/04/2024,5202.39013671875,5219.56982421875,5197.35009765625,5211.3701171875,3278180000,0.8941882591181464,0,0.0,0.0,0.0,0.0,0.0,
09/04/2024,5209.91015625,5224.81005859375,5160.77978515625,5217.02978515625,3400680000,0.9528612905774698,0,0.0,0.0,0.0,0.0,0.0,
10/04/2024,5160.64013671875,5178.43017578125,5138.7001953125,5167.8798828125,3845930000,1.069071147618452,0,0.0,0.0,0.0,0.0,0.0,
11/04/2024,5199.06005859375,5211.77978515625,5138.77001953125,5172.9501953125,3509380000,1.0072298009006397,0,0.0,0.0,0.0,0.0,0.0,
12/04/2024,5123.41015625,5175.02978515625,5107.93994140625,5171.509765625,3963220000,1.1010540972885512,0,0.0,0.0,0.0,0.0,0.0,
15/04/2024,5061.81982421875,5168.43017578125,5052.47021484375,5149.669921875,3950210000,1.0579359187377004,0,0.0,0.0,0.0,0.0,0.0,
16/04/2024,5051.41015625,5079.83984375,5039.830078125,5064.58984375,4006200000,1.03922502482498,0,0.0,0.0,0.0,0.0,0.0,
17/04/2024,5022.2099609375,5077.9599609375,5007.25,5068.97021484375,3596130000,0.945099484156227,0,0.0,0.0,0.0,0.0,0.0,
18/04/2024,5011.1201171875,5056.66015625,5001.89013671875,5031.52001953125,3619760000,0.9458222196208935,0,0.0,0.0,0.0,0.0,0.0,
19/04/2024,4967.22998046875,5019.02001953125,4953.56005859375,5005.43994140625,3878750000,1.0179885098196688,0,0.0,0.0,0.0,0.0,0.0,
22/04/2024,5010.60009765625,5038.83984375,4969.39990234375,4987.330078125,3820250000,1.009521650179773,0,0.0,0.0,0.0,0.0,0.0,
23/04/2024,5070.5498046875,5076.1201171875,5027.9599609375,5028.85009765625,3751400000,1.0048595623447403,0,0.0,0.0,0.0,0.0,0.0,
24/04/2024,5071.6298828125,5089.47998046875,5047.02001953125,5084.85986328125,3656740000,0.9763335095504329,0,0.0,0.0,0.0,0.0,0.0,
25/04/2024,5048.419921875,5057.75,4990.580078125,5019.8798828125,3958050000,1.038030567752013,0,0.0,0.0,0.0,0.0,0.0,
26/04/2024,5099.9599609375,5114.6201171875,5073.14013671875,5084.64990234375,3604140000,0.9590284067868049,0,0.0,0.0,0.0,0.0,0.0,
29/04/2024,5116.169921875,5123.490234375,5088.64990234375,5114.1298828125,3447450000,0.9359026983708134,0,0.0,0.0,0.0,0.0,0.0,
30/04/2024,5035.68994140625,5110.830078125,5035.31005859375,5103.77978515625,4082470000,1.0887254418270986,0,0.0,0.0,0.0,0.0,0.0,
01/05/2024,5018.39013671875,5096.1201171875,5013.4501953125,5029.02978515625,4544170000,1.1570852524001491,1,1.0,0.0147420759822656,0.16058394160583941,0.6788321167883211,0.16058394160583941,0.0
02/05/2024,5064.2001953125,5073.2099609375,5011.0498046875,5049.31982421875,4381660000,1.092144573075924,0,0.0,0.0,0.0,0.0,0.0,
03/05/2024,5127.7900390625,5139.1201171875,5101.22021484375,5122.77978515625,3924990000,0.9629164593631045,0,0.0,0.0,0.0,0.0,0.0,
06/05/2024,5180.740234375,5181.0,5142.419921875,5142.419921875,3683250000,0.8932754962762908,0,0.0,0.0,0.0,0.0,0.0,
07/05/2024,5187.7001953125,5200.22998046875,5178.9599609375,5187.2001953125,3987890000,0.9716152843100756,0,0.0,0.0,0.0,0.0,0.0,
08/05/2024,5187.669921875,5191.9501953125,5165.85986328125,5168.97998046875,3842100000,0.9692536134156143,0,0.0,0.0,0.0,0.0,0.0,
09/05/2024,5214.080078125,5215.2998046875,5180.41015625,5189.02978515625,3727370000,0.9724115081187127,0,0.0,0.0,0.0,0.0,0.0,
10/05/2024,5222.68017578125,5239.66015625,5209.68017578125,5225.490234375,3617900000,0.9592221230627446,0,0.0,0.0,0.0,0.0,0.0,
13/05/2024,5221.419921875,5237.259765625,5211.16015625,5233.080078125,4255710000,1.0950842906967588,0,0.0,0.0,0.0,0.0,0.0,
14/05/2024,5246.68017578125,5250.3701171875,5217.97998046875,5221.10009765625,4763580000,1.178715334449137,0,0.0,0.0,0.0,0.0,0.0,
15/05/2024,5308.14990234375,5311.759765625,5263.259765625,5263.259765625,4360810000,1.0520463567116052,0,0.0,0.0,0.0,0.0,0.0,
16/05/2024,5297.10009765625,5325.490234375,5296.18994140625,5310.06982421875,3817470000,0.9169790545205081,0,0.0,0.0,0.0,0.0,0.0,
17/05/2024,5303.27001953125,5305.4501953125,5283.58984375,5303.10009765625,3578120000,0.8611314473791244,0,0.0,0.0,0.0,0.0,0.0,
20/05/2024,5308.1298828125,5325.31982421875,5302.39990234375,5305.35009765625,3420100000,0.8575943526806312,0,0.0,0.0,0.0,0.0,0.0,
21/05/2024,5321.41015625,5324.31982421875,5297.8701171875,5298.68994140625,3662240000,0.9719970656211615,0,0.0,0.0,0.0,0.0,0.0,
22/05/2024,5307.009765625,5323.18017578125,5286.009765625,5319.27978515625,3847130000,1.049690969633933,0,0.0,0.0,0.0,0.0,0.0,
23/05/2024,5267.83984375,5341.8798828125,5256.93017578125,5340.259765625,3869520000,1.0528097181765794,0,0.0,0.0,0.0,0.0,0.0,
24/05/2024,5304.72021484375,5311.64990234375,5278.39013671875,5281.4501953125,3005510000,0.8440310033980174,0,0.0,0.0,0.0,0.0,0.0,
28/05/2024,5306.0400390625,5315.91015625,5280.89013671875,5315.91015625,3751540000,1.0342833070687265,0,0.0,0.0,0.0,0.0,0.0,
29/05/2024,5266.9501953125,5282.27001953125,5262.7001953125,5278.72998046875,3552750000,0.9854269698138014,0,0.0,0.0,0.0,0.0,0.0,
30/05/2024,5235.47998046875,5260.2099609375,5222.10009765625,5259.77001953125,3818750000,1.0608776385467997,0,0.0,0.0,0.0,0.0,0.0,
31/05/2024,5277.509765625,5280.330078125,5191.68017578125,5243.2099609375,5437160000,1.3894614608925513,0,0.0,0.0,0.0,0.0,0.0,
03/06/2024,5283.39990234375,5302.10986328125,5234.31982421875,5297.14990234375,4046920000,0.9819227529125856,0,0.0,0.0,0.0,0.0,0.0,
04/06/2024,5291.33984375,5298.7998046875,5257.6298828125,5278.240234375,3707900000,0.9015740526408954,0,0.0,0.0,0.0,0.0,0.0,
05/06/2024,5354.02978515625,5354.16015625,5297.64013671875,5314.47998046875,3591460000,0.8716209296196181,0,0.0,0.0,0.0,0.0,0.0,
06/06/2024,5352.9599609375,5362.35009765625,5335.35986328125,5357.7998046875,3609990000,0.8850865205117531,0,0.0,0.0,0.0,0.0,0.0,
07/06/2024,5346.990234375,5375.080078125,5331.330078125,5343.81005859375,3692760000,0.9900675799223874,0,0.0,0.0,0.0,0.0,0.0,
10/06/2024,5360.7900390625,5365.7900390625,5331.52001953125,5341.22021484375,3622280000,0.9938000668335126,0,0.0,0.0,0.0,0.0,0.0,
11/06/2024,5375.31982421875,5375.9501953125,5327.25,5353.0,3568030000,0.9864873383424055,0,0.0,0.0,0.0,0.0,0.0,
12/06/2024,5421.02978515625,5447.25,5409.1298828125,5409.1298828125,3962840000,1.0735970611024117,1,1.5869565217391304,0.0721063883975148,0.14420062695924765,0.6269592476489029,0.22884012539184953,0.0
13/06/2024,5433.740234375,5441.93017578125,5402.509765625,5441.93017578125,3530380000,0.9605801823980793,0,0.0,0.0,0.0,0.0,0.0,
14/06/2024,5431.60009765625,5432.39013671875,5403.75,5424.080078125,3438650000,0.9487407144173604,0,0.0,0.0,0.0,0.0,0.0,
17/06/2024,5473.22998046875,5488.5,5420.39990234375,5431.10986328125,3447840000,0.9605220490156421,0,0.0,0.0,0.0,0.0,0.0,
18/06/2024,5487.02978515625,5490.3798828125,5471.31982421875,5476.14990234375,3544330000,0.9887084608157536,0,0.0,0.0,0.0,0.0,0.0,
20/06/2024,5473.169921875,5505.52978515625,5455.56005859375,5499.990234375,3847060000,1.0801336009245148,0,0.0,0.0,0.0,0.0,0.0,
21/06/2024,5464.6201171875,5478.31005859375,5452.02978515625,5466.77001953125,6773800000,1.6088502200299453,0,0.0,0.0,0.0,0.0,0.0,
24/06/2024,5447.8701171875,5490.66015625,5447.58984375,5459.580078125,3696750000,0.8673834267646123,0,0.0,0.0,0.0,0.0,0.0,
25/06/2024,5469.2998046875,5472.8798828125,5446.56005859375,5460.72998046875,3591960000,0.837134507012711,0,0.0,0.0,0.0,0.0,0.0,
26/06/2024,5477.89990234375,5483.14013671875,5451.8701171875,5460.7099609375,3563920000,0.8298418189125288,0,0.0,0.0,0.0,0.0,0.0,
27/06/2024,5482.8701171875,5490.81005859375,5467.5400390625,5473.58984375,3589530000,0.8459504071463182,0,0.0,0.0,0.0,0.0,0.0,
28/06/2024,5460.47998046875,5523.64013671875,5451.1201171875,5488.47998046875,7199220000,1.6632996601880288,0,0.0,0.0,0.0,0.0,0.0,
01/07/2024,5475.08984375,5479.5498046875,5446.52978515625,5471.080078125,3488760000,0.8138609897920954,0,0.0,0.0,0.0,0.0,0.0,
02/07/2024,5509.009765625,5509.68994140625,5458.43017578125,5461.83984375,3329950000,0.7864272428155368,0,0.0,0.0,0.0,0.0,0.0,
03/07/2024,5537.02001953125,5539.27001953125,5507.419921875,5507.43994140625,2179470000,0.5507347526877591,0,0.0,0.0,0.0,0.0,0.0,
05/07/2024,5567.18994140625,5570.330078125,5531.6298828125,5537.91015625,3253080000,0.8362467147340322,0,0.0,0.0,0.0,0.0,0.0,
08/07/2024,5572.85009765625,5583.10986328125,5562.509765625,5572.75,3185670000,1.0318340499050005,0,0.0,0.0,0.0,0.0,0.0,
09/07/2024,5576.97998046875,5590.75,5574.56982421875,5584.240234375,3232920000,1.0647852031705234,0,0.0,0.0,0.0,0.0,0.0,
10/07/2024,5633.91015625,5635.39013671875,5586.43994140625,5591.259765625,3336100000,1.0983233293211934,0,0.0,0.0,0.0,0.0,0.0,
11/07/2024,5584.5400390625,5642.4501953125,5576.52978515625,5635.2099609375,4020950000,1.1806377696033525,0,0.0,0.0,0.0,0.0,0.0,
12/07/2024,5615.35009765625,5655.56005859375,5590.43994140625,5590.759765625,3700280000,1.0586796002728325,0,0.0,0.0,0.0,0.0,0.0,
15/07/2024,5631.22021484375,5666.93994140625,5614.75,5638.16015625,3620470000,1.0106991790391453,0,0.0,0.0,0.0,0.0,0.0,
16/07/2024,5667.2001953125,5669.669921875,5639.02001953125,5644.08984375,4041760000,1.079555288692683,0,0.0,0.0,0.0,0.0,0.0,
17/07/2024,5588.27001953125,5622.490234375,5584.81005859375,5610.06982421875,4246450000,1.0816274756226596,0,0.0,0.0,0.0,0.0,0.0,
18/07/2024,5544.58984375,5614.0498046875,5522.81005859375,5608.56005859375,4007510000,1.0214656357642329,0,0.0,0.0,0.0,0.0,0.0,
19/07/2024,5505.0,5557.5,5497.0400390625,5543.3701171875,3760570000,0.9555866921180113,0,0.0,0.0,0.0,0.0,0.0,
22/07/2024,5564.41015625,5570.35986328125,5529.0400390625,5544.5400390625,3375180000,0.8684829300099272,0,0.0,0.0,0.0,0.0,0.0,
23/07/2024,5555.740234375,5585.33984375,5550.89990234375,5565.2998046875,3500210000,0.9264756018024428,0,0.0,0.0,0.0,0.0,0.0,
24/07/2024,5427.1298828125,5508.0400390625,5419.97998046875,5505.83984375,3945550000,1.0612582051124804,0,0.0,0.0,0.0,0.0,0.0,
25/07/2024,5399.22021484375,5491.58984375,5390.9501953125,5428.7001953125,4592120000,1.1975092874953777,0,0.0,0.0,0.0,0.0,0.0,
26/07/2024,5459.10009765625,5488.31982421875,5430.7001953125,5433.669921875,3638770000,0.9549660058902478,0,0.0,0.0,0.0,0.0,0.0,
29/07/2024,5463.5400390625,5487.740234375,5444.43994140625,5476.5498046875,3379970000,0.8868230567645259,0,0.0,0.0,0.0,0.0,0.0,
30/07/2024,5436.43994140625,5489.4599609375,5401.7001953125,5478.72998046875,3777740000,0.9769604559807388,0,0.0,0.0,0.0,0.0,0.0,
31/07/2024,5522.2998046875,5551.509765625,5493.75,5505.58984375,4546910000,1.1404047350682276,1,1.2105263157894737,0.0411357245329845,0.13286713286713286,0.7062937062937062,0.16083916083916083,0.0
01/08/2024,5446.68017578125,5566.16015625,5410.419921875,5537.83984375,4703620000,1.1731475167618513,0,0.0,0.0,0.0,0.0,0.0,
02/08/2024,5346.56005859375,5383.89013671875,5302.02978515625,5376.6298828125,5156450000,1.1955771216743667,0,0.0,0.0,0.0,0.0,0.0,
05/08/2024,5186.330078125,5250.89013671875,5119.259765625,5151.14013671875,5333250000,1.1338669961735643,0,0.0,0.0,0.0,0.0,0.0,
06/08/2024,5240.02978515625,5312.33984375,5193.56005859375,5206.419921875,4690190000,0.9599077707219115,0,0.0,0.0,0.0,0.0,0.0,
07/08/2024,5199.5,5330.64013671875,5195.5400390625,5293.1298828125,4558260000,0.9324733847016807,0,0.0,0.0,0.0,0.0,0.0,
08/08/2024,5319.31005859375,5328.02978515625,5233.85009765625,5252.56982421875,4016830000,0.8454711391043057,0,0.0,0.0,0.0,0.0,0.0,
09/08/2024,5344.16015625,5358.669921875,5300.83984375,5314.66015625,3516400000,0.7950285169340351,0,0.0,0.0,0.0,0.0,0.0,
12/08/2024,5344.39013671875,5371.2001953125,5324.3701171875,5351.8798828125,3360160000,0.8341243898273445,0,0.0,0.0,0.0,0.0,0.0,
13/08/2024,5434.43017578125,5436.5,5376.97998046875,5376.97998046875,3648980000,0.9551988599328922,0,0.0,0.0,0.0,0.0,0.0,
14/08/2024,5455.2099609375,5463.22021484375,5415.91015625,5442.35986328125,3380050000,0.942966965398646,0,0.0,0.0,0.0,0.0,0.0,
15/08/2024,5543.22021484375,5546.22998046875,5501.1298828125,5501.1298828125,3723310000,1.0560244825258525,0,0.0,0.0,0.0,0.0,0.0,
16/08/2024,5554.25,5561.97998046875,5525.169921875,5530.5,3357690000,0.9609769556026581,0,0.0,0.0,0.0,0.0,0.0,
19/08/2024,5608.25,5608.2998046875,5550.740234375,5557.22998046875,3222050000,0.9295047103405939,0,0.0,0.0,0.0,0.0,0.0,
20/08/2024,5597.1201171875,5620.509765625,5585.5,5602.8798828125,2994420000,0.8977413908063069,0,0.0,0.0,0.0,0.0,0.0,
21/08/2024,5620.85009765625,5632.68017578125,5591.56982421875,5603.08984375,3119670000,0.9501259049992873,0,0.0,0.0,0.0,0.0,0.0,
22/08/2024,5570.64013671875,5643.22021484375,5560.9501953125,5637.77001953125,2981530000,0.9510244102846761,0,0.0,0.0,0.0,0.0,0.0,
23/08/2024,5634.60986328125,5641.81982421875,5585.16015625,5602.490234375,3291940000,1.05445940033095,0,0.0,0.0,0.0,0.0,0.0,
26/08/2024,5616.83984375,5651.6201171875,5602.33984375,5639.66015625,2938570000,0.9586797188853285,0,0.0,0.0,0.0,0.0,0.0,
27/08/2024,5625.7998046875,5631.18017578125,5593.47998046875,5602.89013671875,2798990000,0.9249373789712306,0,0.0,0.0,0.0,0.0,0.0,
28/08/2024,5592.18017578125,5627.02978515625,5560.9501953125,5624.509765625,3053450000,1.0134601393476574,0,0.0,0.0,0.0,0.0,0.0,
29/08/2024,5591.9599609375,5646.9501953125,5583.7099609375,5607.2998046875,3065640000,1.0118565490253548,0,0.0,0.0,0.0,0.0,0.0,
30/08/2024,5648.39990234375,5651.3701171875,5581.7900390625,5612.740234375,4185850000,1.304612747389746,0,0.0,0.0,0.0,0.0,0.0,
03/09/2024,5528.93017578125,5623.89013671875,5504.330078125,5623.89013671875,3866350000,1.1391532726625606,0,0.0,0.0,0.0,0.0,0.0,
04/09/2024,5520.06982421875,5552.990234375,5503.66015625,5506.68017578125,3478140000,0.9853406030676345,0,0.0,0.0,0.0,0.0,0.0,
05/09/2024,5503.41015625,5546.2998046875,5480.5400390625,5520.080078125,3521650000,0.9718848436578074,0,0.0,0.0,0.0,0.0,0.0,
06/09/2024,5408.419921875,5522.47021484375,5402.6201171875,5507.330078125,3822800000,1.0126735184868283,0,0.0,0.0,0.0,0.0,0.0,
09/09/2024,5471.0498046875,5484.2001953125,5434.490234375,5442.06982421875,3825940000,1.0332068044729428,0,0.0,0.0,0.0,0.0,0.0,
10/09/2024,5495.52001953125,5497.91015625,5441.72021484375,5490.509765625,3848180000,1.0402336415503082,0,0.0,0.0,0.0,0.0,0.0,
11/09/2024,5554.1298828125,5560.41015625,5406.9599609375,5496.419921875,3839450000,1.0179886329529824,0,0.0,0.0,0.0,0.0,0.0,
12/09/2024,5595.759765625,5600.7099609375,5535.5,5557.47998046875,3655070000,0.9622940651156521,0,0.0,0.0,0.0,0.0,0.0,
13/09/2024,5626.02001953125,5636.27001953125,5601.64990234375,5603.33984375,3500790000,0.9375728128818073,0,0.0,0.0,0.0,0.0,0.0,
16/09/2024,5633.08984375,5636.0498046875,5604.52978515625,5615.2099609375,3437070000,0.9400888156599141,0,0.0,0.0,0.0,0.0,0.0,
17/09/2024,5634.580078125,5670.81005859375,5614.0498046875,5655.509765625,3443600000,0.9631919480778117,0,0.0,0.0,0.0,0.0,0.0,
18/09/2024,5618.259765625,5689.75,5615.080078125,5641.68017578125,3691390000,1.0411232677042765,1,1.148936170212766,0.0459505661140614,0.16607773851590105,0.6431095406360424,0.19081272084805653,0.0
19/09/2024,5713.64013671875,5733.56982421875,5686.419921875,5702.6298828125,4024530000,1.1119095692304632,0,0.0,0.0,0.0,0.0,0.0,
20/09/2024,5702.5498046875,5715.14013671875,5674.490234375,5709.64013671875,7867260000,1.7510934234336502,0,0.0,0.0,0.0,0.0,0.0,
23/09/2024,5718.56982421875,5725.35986328125,5704.22021484375,5711.89990234375,3529550000,0.7823856983826712,0,0.0,0.0,0.0,0.0,0.0,
24/09/2024,5732.93017578125,5735.31982421875,5698.990234375,5727.66015625,3872710000,0.8424267710341852,0,0.0,0.0,0.0,0.0,0.0,
25/09/2024,5722.259765625,5741.02978515625,5712.06005859375,5733.64990234375,3624910000,0.790810316000377,0,0.0,0.0,0.0,0.0,0.0,
26/09/2024,5745.3701171875,5767.3701171875,5721.009765625,5762.22021484375,4391180000,0.9428956338270718,0,0.0,0.0,0.0,0.0,0.0,
27/09/2024,5738.169921875,5763.77978515625,5727.33984375,5755.35986328125,3898530000,1.00909929553841,0,0.0,0.0,0.0,0.0,0.0,
30/09/2024,5762.47998046875,5765.14013671875,5703.52978515625,5726.52001953125,4425730000,1.0947699160839577,0,0.0,0.0,0.0,0.0,0.0,
01/10/2024,5708.75,5757.72998046875,5681.27978515625,5757.72998046875,4025180000,0.9882335495319788,0,0.0,0.0,0.0,0.0,0.0,
02/10/2024,5709.5400390625,5719.6298828125,5674.0,5698.14013671875,3829050000,0.9307514413211296,0,0.0,0.0,0.0,0.0,0.0,
03/10/2024,5699.93994140625,5718.77978515625,5677.3701171875,5698.18994140625,3597450000,0.9095522134472496,0,0.0,0.0,0.0,0.0,0.0,
04/10/2024,5751.06982421875,5753.2099609375,5702.830078125,5737.47998046875,3479400000,0.8987534619598994,0,0.0,0.0,0.0,0.0,0.0,
07/10/2024,5695.93994140625,5739.33984375,5686.85009765625,5737.7998046875,3637790000,0.9795399504654834,0,0.0,0.0,0.0,0.0,0.0,
08/10/2024,5751.1298828125,5757.60009765625,5714.56005859375,5719.14013671875,3393400000,0.9459170913453632,0,0.0,0.0,0.0,0.0,0.0,
09/10/2024,5792.0400390625,5796.7998046875,5745.02001953125,5751.7998046875,3650340000,1.0277795609734672,0,0.0,0.0,0.0,0.0,0.0,
10/10/2024,5780.0498046875,5795.02978515625,5764.759765625,5778.35986328125,3208790000,0.9236734961761042,0,0.0,0.0,0.0,0.0,0.0,
11/10/2024,5815.02978515625,5822.1298828125,5775.08984375,5775.08984375,3208720000,0.9382748973041761,0,0.0,0.0,0.0,0.0,0.0,
14/10/2024,5859.85009765625,5871.41015625,5829.56982421875,5829.81005859375,3005250000,0.9125345398232776,0,0.0,0.0,0.0,0.0,0.0,
15/10/2024,5815.259765625,5870.35986328125,5804.47998046875,5866.740234375,3882120000,1.1448155789190586,0,0.0,0.0,0.0,0.0,0.0,
16/10/2024,5842.47021484375,5846.52001953125,5808.33984375,5816.580078125,3467230000,1.0336296387276258,0,0.0,0.0,0.0,0.0,0.0,
17/10/2024,5841.47021484375,5878.4599609375,5840.25,5875.6201171875,3480010000,1.0209301820712267,0,0.0,0.0,0.0,0.0,0.0,
18/10/2024,5864.669921875,5872.169921875,5846.10986328125,5859.43017578125,3374490000,0.9804376754159136,0,0.0,0.0,0.0,0.0,0.0,
21/10/2024,5853.97998046875,5866.919921875,5824.7900390625,5857.81982421875,3407010000,0.967303697831906,0,0.0,0.0,0.0,0.0,0.0,
22/10/2024,5851.2001953125,5863.0400390625,5821.169921875,5832.7001953125,3342080000,0.9788867787253337,0,0.0,0.0,0.0,0.0,0.0,
23/10/2024,5797.419921875,5834.85009765625,5762.41015625,5834.5,3532650000,1.030754121090741,0,0.0,0.0,0.0,0.0,0.0,
24/10/2024,5809.85986328125,5817.7998046875,5784.919921875,5817.7998046875,3543030000,1.029994895129209,0,0.0,0.0,0.0,0.0,0.0,
25/10/2024,5808.1201171875,5862.81982421875,5799.97998046875,5826.75,3501280000,1.0104091815503244,0,0.0,0.0,0.0,0.0,0.0,
28/10/2024,5823.52001953125,5842.919921875,5823.080078125,5833.93017578125,3691280000,1.0480445556923441,0,0.0,0.0,0.0,0.0,0.0,
29/10/2024,5832.919921875,5847.18994140625,5802.169921875,5819.68017578125,3879100000,1.0687792260463518,0,0.0,0.0,0.0,0.0,0.0,
30/10/2024,5813.669921875,5850.93994140625,5811.27978515625,5832.64990234375,3851120000,1.0427703956663694,0,0.0,0.0,0.0,0.0,0.0,
31/10/2024,5705.4501953125,5775.33984375,5702.85986328125,5775.33984375,4425660000,1.1436735984916613,0,0.0,0.0,0.0,0.0,0.0,
01/11/2024,5728.7998046875,5772.52001953125,5723.22021484375,5723.22021484375,3796450000,0.9663320540369107,0,0.0,0.0,0.0,0.0,0.0,
04/11/2024,5712.68994140625,5741.43017578125,5696.509765625,5725.14990234375,3602060000,0.9210361458475564,0,0.0,0.0,0.0,0.0,0.0,
05/11/2024,5782.759765625,5783.43994140625,5722.10009765625,5722.43017578125,3768310000,0.9690360838527845,0,0.0,0.0,0.0,0.0,0.0,
06/11/2024,5929.0400390625,5936.14013671875,5864.89013671875,5864.89013671875,6329530000,1.4436472750445786,0,0.0,0.0,0.0,0.0,0.0,
07/11/2024,5973.10009765625,5983.83984375,5947.2099609375,5947.2099609375,4925740000,1.0984123246316468,1,1.375,0.0523104914556084,0.12648221343873517,0.6996047430830039,0.17391304347826086,0.0
08/11/2024,5995.5400390625,6012.4501953125,5976.759765625,5976.759765625,4666740000,1.001773970714886,0,0.0,0.0,0.0,0.0,0.0,
11/11/2024,6001.35009765625,6017.31005859375,5986.68994140625,6008.85986328125,4333000000,0.9018320531883187,0,0.0,0.0,0.0,0.0,0.0,
12/11/2024,5983.990234375,6009.919921875,5960.080078125,6003.60009765625,4243400000,0.8660562052802611,0,0.0,0.0,0.0,0.0,0.0,
13/11/2024,5985.3798828125,6008.18994140625,5965.91015625,5985.75,4220180000,0.9424647573413086,0,0.0,0.0,0.0,0.0,0.0,
14/11/2024,5949.169921875,5993.8798828125,5942.27978515625,5989.68017578125,4184570000,0.9665075903471424,0,0.0,0.0,0.0,0.0,0.0,
15/11/2024,5870.6201171875,5915.31982421875,5853.009765625,5912.7900390625,4590960000,1.0640961871601804,0,0.0,0.0,0.0,0.0,0.0,
18/11/2024,5893.6201171875,5908.1201171875,5865.9501953125,5874.169921875,3983860000,0.9385726879885332,0,0.0,0.0,0.0,0.0,0.0,
19/11/2024,5916.97998046875,5923.509765625,5855.2900390625,5870.0498046875,4036940000,0.9604211165412335,0,0.0,0.0,0.0,0.0,0.0,
20/11/2024,5917.10986328125,5920.669921875,5860.56005859375,5914.33984375,3772620000,0.9170667438055905,0,0.0,0.0,0.0,0.0,0.0,
21/11/2024,5948.7099609375,5963.31982421875,5887.259765625,5940.580078125,4230120000,1.0260059666739432,0,0.0,0.0,0.0,0.0,0.0,
22/11/2024,5969.33984375,5972.89990234375,5944.35986328125,5944.35986328125,4141420000,1.0268852504542534,0,0.0,0.0,0.0,0.0,0.0,
25/11/2024,5987.3701171875,6020.75,5963.91015625,5992.27978515625,5633150000,1.2911628866451976,0,0.0,0.0,0.0,0.0,0.0,
26/11/2024,6021.6298828125,6025.419921875,5992.27001953125,6000.02978515625,3835170000,0.887258195264958,0,0.0,0.0,0.0,0.0,0.0,
27/11/2024,5998.740234375,6020.16015625,5984.8701171875,6014.10986328125,3363340000,0.7931208496830667,0,0.0,0.0,0.0,0.0,0.0,
29/11/2024,6032.3798828125,6044.169921875,6003.97998046875,6003.97998046875,2444420000,0.629437363203296,0,0.0,0.0,0.0,0.0,0.0,
02/12/2024,6047.14990234375,6053.580078125,6035.330078125,6040.10986328125,4412470000,1.1205675379852758,0,0.0,0.0,0.0,0.0,0.0,
03/12/2024,6049.8798828125,6052.06982421875,6033.39013671875,6042.97021484375,4095000000,1.1280743124118477,0,0.0,0.0,0.0,0.0,0.0,
04/12/2024,6086.490234375,6089.83984375,6061.06005859375,6069.39013671875,4003390000,1.0927105862777873,0,0.0,0.0,0.0,0.0,0.0,
05/12/2024,6075.10986328125,6094.5498046875,6072.89990234375,6089.02978515625,4212020000,1.0987515195150073,0,0.0,0.0,0.0,0.0,0.0,
06/12/2024,6090.27001953125,6099.97021484375,6079.97998046875,6081.3798828125,3924830000,0.9504274323883859,0,0.0,0.0,0.0,0.0,0.0,
09/12/2024,6052.85009765625,6088.509765625,6048.6298828125,6083.009765625,4556460000,1.0957401270699365,0,0.0,0.0,0.0,0.0,0.0,
10/12/2024,6034.91015625,6065.39990234375,6029.89013671875,6057.58984375,4048410000,0.9757504298603382,0,0.0,0.0,0.0,0.0,0.0,
11/12/2024,6084.18994140625,6092.58984375,6060.14990234375,6060.14990234375,4269950000,1.0160901061172196,0,0.0,0.0,0.0,0.0,0.0,
12/12/2024,6051.25,6079.68017578125,6051.25,6074.2900390625,3678010000,0.8980542698726319,0,0.0,0.0,0.0,0.0,0.0,
13/12/2024,6051.08984375,6078.580078125,6035.77001953125,6068.169921875,3584960000,0.8901076036645531,0,0.0,0.0,0.0,0.0,0.0,
16/12/2024,6074.080078125,6085.18994140625,6059.14013671875,6063.7900390625,4391100000,1.0992903717774953,0,0.0,0.0,0.0,0.0,0.0,
17/12/2024,6050.60986328125,6057.68017578125,6035.18994140625,6052.5498046875,4544500000,1.1101193442417918,0,0.0,0.0,0.0,0.0,0.0,
18/12/2024,5872.16015625,6070.669921875,5867.7900390625,6047.64990234375,5246960000,1.2233225292170442,1,1.123076923076923,0.0322720582258295,0.19696969696969696,0.5818181818181818,0.22121212121212122,0.0
19/12/2024,5867.080078125,5935.52001953125,5866.06982421875,5912.7099609375,4896880000,1.080302147861845,0,0.0,0.0,0.0,0.0,0.0,
20/12/2024,5930.85009765625,5982.06005859375,5832.2998046875,5842.0,8223220000,1.505937516710826,0,0.0,0.0,0.0,0.0,0.0,
23/12/2024,5974.06982421875,5978.25,5902.56982421875,5940.25,3593280000,0.6778535542942346,0,0.0,0.0,0.0,0.0,0.0,
24/12/2024,6040.0400390625,6040.10009765625,5981.43994140625,5984.6298828125,1757720000,0.3705446398229872,0,0.0,0.0,0.0,0.0,0.0,
26/12/2024,6037.58984375,6049.75,6007.3701171875,6024.97021484375,2904530000,0.6794021977363942,0,0.0,0.0,0.0,0.0,0.0,
27/12/2024,5970.83984375,6006.169921875,5932.9501953125,6006.169921875,3159610000,0.8044485384726627,0,0.0,0.0,0.0,0.0,0.0,
30/12/2024,5906.93994140625,5940.7900390625,5869.16015625,5920.669921875,3433250000,1.1561017726500988,0,0.0,0.0,0.0,0.0,0.0,
31/12/2024,5881.6298828125,5929.740234375,5868.85986328125,5919.740234375,3128350000,1.0874817324899573,0,0.0,0.0,0.0,0.0,0.0,
02/01/2025,5868.5498046875,5935.08984375,5829.52978515625,5903.259765625,3621680000,1.1145400315865535,0,0.0,0.0,0.0,0.0,0.0,
03/01/2025,5942.47021484375,5949.33984375,5888.66015625,5891.06982421875,3667340000,1.0779807210131784,0,0.0,0.0,0.0,0.0,0.0,
06/01/2025,5975.3798828125,6021.0400390625,5960.009765625,5982.81005859375,4940120000,1.3145091678135081,0,0.0,0.0,0.0,0.0,0.0,
07/01/2025,5909.02978515625,6000.68017578125,5890.68017578125,5993.259765625,4517330000,1.1364455124625028,0,0.0,0.0,0.0,0.0,0.0,
08/01/2025,5918.25,5927.89013671875,5874.77978515625,5910.66015625,4441740000,1.048163105802708,0,0.0,0.0,0.0,0.0,0.0,
10/01/2025,5827.0400390625,5890.35009765625,5807.77978515625,5890.35009765625,4751930000,1.0645738998120837,0,0.0,0.0,0.0,0.0,0.0,
13/01/2025,5836.22021484375,5838.60986328125,5773.31005859375,5782.02001953125,4421200000,0.958117779226363,0,0.0,0.0,0.0,0.0,0.0,
14/01/2025,5842.91015625,5871.919921875,5805.419921875,5859.27001953125,4142280000,0.9298264201902805,0,0.0,0.0,0.0,0.0,0.0,
15/01/2025,5949.91015625,5960.60986328125,5905.2099609375,5905.2099609375,4544570000,1.0188832968936925,0,0.0,0.0,0.0,0.0,0.0,
16/01/2025,5937.33984375,5964.68994140625,5930.72021484375,5963.60986328125,4285810000,0.9676353835198473,0,0.0,0.0,0.0,0.0,0.0,
17/01/2025,5996.66015625,6014.9599609375,5978.43994140625,5995.39990234375,4366830000,1.0033758120721357,0,0.0,0.0,0.0,0.0,0.0,
21/01/2025,6049.240234375,6051.509765625,6006.8798828125,6014.1201171875,4702920000,1.0667889763415161,0,0.0,0.0,0.0,0.0,0.0,
22/01/2025,6086.3701171875,6100.81005859375,6076.1298828125,6081.39013671875,4323040000,0.9726425167966586,0,0.0,0.0,0.0,0.0,0.0,
23/01/2025,6118.7099609375,6118.72998046875,6074.669921875,6076.31982421875,4432250000,1.0022794239027446,0,0.0,0.0,0.0,0.0,0.0,
24/01/2025,6101.240234375,6128.18017578125,6088.740234375,6121.43017578125,4214250000,0.9560766249729461,0,0.0,0.0,0.0,0.0,0.0,
27/01/2025,6012.27978515625,6017.169921875,5962.919921875,5969.0400390625,5198750000,1.1365271011022153,0,0.0,0.0,0.0,0.0,0.0,
28/01/2025,6067.7001953125,6074.5400390625,5994.6298828125,6026.97021484375,4473640000,0.9879104828961135,0,0.0,0.0,0.0,0.0,0.0,
29/01/2025,6039.31005859375,6062.830078125,6012.9599609375,6057.7001953125,4115310000,0.9171956209715524,1,1.5,0.0555369245031705,0.1048951048951049,0.7377622377622378,0.15734265734265734,0.0
30/01/2025,6071.169921875,6086.64013671875,6027.4599609375,6050.75,4634620000,1.0237019124363806,0,0.0,0.0,0.0,0.0,0.0,
31/01/2025,6040.52978515625,6120.91015625,6030.93017578125,6096.7900390625,4843770000,1.0409505851649332,0,0.0,0.0,0.0,0.0,0.0,
03/02/2025,5994.56982421875,6022.1298828125,5923.93017578125,5969.64990234375,4797210000,1.0490497298219297,0,0.0,0.0,0.0,0.0,0.0,
04/02/2025,6037.8798828125,6042.47998046875,5990.8701171875,5998.14013671875,4410160000,0.9670949652801382,0,0.0,0.0,0.0,0.0,0.0,
05/02/2025,6061.47998046875,6062.85986328125,6007.06005859375,6020.4501953125,4756250000,1.0144714553060936,0,0.0,0.0,0.0,0.0,0.0,
06/02/2025,6083.56982421875,6084.02978515625,6046.830078125,6072.22021484375,4847120000,1.024565717066217,0,0.0,0.0,0.0,0.0,0.0,
07/02/2025,6025.990234375,6101.27978515625,6019.9599609375,6083.1298828125,4766900000,1.0108942201170261,0,0.0,0.0,0.0,0.0,0.0,
10/02/2025,6066.43994140625,6073.3798828125,6044.83984375,6046.39990234375,4458760000,0.9593191501080718,0,0.0,0.0,0.0,0.0,0.0,
11/02/2025,6068.5,6076.27978515625,6042.33984375,6049.31982421875,4324880000,0.9339416107257911,0,0.0,0.0,0.0,0.0,0.0,
12/02/2025,6051.97021484375,6063.0,6003.0,6025.080078125,4627960000,1.0049588241272114,0,0.0,0.0,0.0,0.0,0.0,
13/02/2025,6115.06982421875,6116.91015625,6050.9501953125,6060.58984375,4763800000,1.0382132567353752,0,0.0,0.0,0.0,0.0,0.0,
14/02/2025,6114.6298828125,6127.47021484375,6107.6201171875,6115.52001953125,4335190000,0.9629223401074783,0,0.0,0.0,0.0,0.0,0.0,
18/02/2025,6129.580078125,6129.6298828125,6099.509765625,6121.60009765625,4684980000,1.0302632603254371,0,0.0,0.0,0.0,0.0,0.0,
19/02/2025,6144.14990234375,6147.43017578125,6111.14990234375,6117.759765625,4562330000,0.992922078883063,0,0.0,0.0,0.0,0.0,0.0,
20/02/2025,6117.52001953125,6134.5,6084.58984375,6134.5,4813690000,1.03922540553774,0,0.0,0.0,0.0,0.0,0.0,
21/02/2025,6013.1298828125,6114.81982421875,6008.56005859375,6114.10009765625,5434560000,1.1402410750815648,0,0.0,0.0,0.0,0.0,0.0,
24/02/2025,5983.25,6043.64990234375,5977.830078125,6026.68994140625,4990120000,1.0189874244864754,0,0.0,0.0,0.0,0.0,0.0,
25/02/2025,5955.25,5992.64990234375,5908.490234375,5982.72998046875,5374690000,1.0674492033688456,0,0.0,0.0,0.0,0.0,0.0,
26/02/2025,5956.06005859375,6009.81982421875,5932.68994140625,5970.8701171875,4869580000,0.9554700768837138,0,0.0,0.0,0.0,0.0,0.0,
27/02/2025,5861.56982421875,5993.68994140625,5858.77978515625,5981.8798828125,5057680000,0.9829658995367835,0,0.0,0.0,0.0,0.0,0.0,
28/02/2025,5954.5,5959.39990234375,5837.66015625,5856.740234375,6441140000,1.2047075528902067,0,0.0,0.0,0.0,0.0,0.0,
03/03/2025,5849.72021484375,5986.08984375,5810.91015625,5968.330078125,5613850000,1.0260376343260613,0,0.0,0.0,0.0,0.0,0.0,
04/03/2025,5778.14990234375,5865.080078125,5732.58984375,5811.97998046875,6138110000,1.09139961223825,0,0.0,0.0,0.0,0.0,0.0,
05/03/2025,5842.6298828125,5860.58984375,5742.35009765625,5781.35986328125,5285970000,0.9261688874871876,0,0.0,0.0,0.0,0.0,0.0,
06/03/2025,5738.52001953125,5812.080078125,5711.64013671875,5785.8701171875,5165080000,0.9015942173183704,0,0.0,0.0,0.0,0.0,0.0,
07/03/2025,5770.2001953125,5783.009765625,5666.2900390625,5726.009765625,5705140000,1.0221279447043248,0,0.0,0.0,0.0,0.0,0.0,
10/03/2025,5614.56005859375,5705.3701171875,5564.02001953125,5705.3701171875,6409370000,1.1164722141802772,0,0.0,0.0,0.0,0.0,0.0,
11/03/2025,5572.06982421875,5636.2998046875,5528.41015625,5603.64990234375,6221240000,1.0805716508955494,0,0.0,0.0,0.0,0.0,0.0,
12/03/2025,5599.2998046875,5642.18994140625,5546.08984375,5624.83984375,5219830000,0.9087238942280574,0,0.0,0.0,0.0,0.0,0.0,
13/03/2025,5521.52001953125,5597.77978515625,5504.64990234375,5594.4501953125,5018980000,0.8782252465129822,0,0.0,0.0,0.0,0.0,0.0,
14/03/2025,5638.93994140625,5645.27001953125,5563.85009765625,5563.85009765625,4863180000,0.8767984249583523,0,0.0,0.0,0.0,0.0,0.0,
17/03/2025,5675.1201171875,5703.52001953125,5631.1201171875,5635.60009765625,5031770000,0.9546139252513755,0,0.0,0.0,0.0,0.0,0.0,
18/03/2025,5614.66015625,5654.52978515625,5597.759765625,5654.52978515625,4666270000,0.9407791038962453,0,0.0,0.0,0.0,0.0,0.0,
19/03/2025,5675.2900390625,5715.330078125,5622.2001953125,5632.3701171875,4660090000,0.9612281866264801,1,1.0263157894736843,0.0084909242548471,0.11987381703470032,0.7570977917981072,0.12302839116719243,0.0
20/03/2025,5662.89013671875,5711.14990234375,5632.330078125,5646.919921875,4678420000,0.9787600110963597,0,0.0,0.0,0.0,0.0,0.0,
21/03/2025,5667.56005859375,5670.83984375,5603.10009765625,5630.72998046875,9367460000,1.6489678746064376,0,0.0,0.0,0.0,0.0,0.0,
24/03/2025,5767.56982421875,5775.14013671875,5718.080078125,5718.080078125,4517990000,0.8099592581344793,0,0.0,0.0,0.0,0.0,0.0,
25/03/2025,5776.64990234375,5786.9501953125,5760.419921875,5775.9599609375,4467340000,0.8066324080126249,0,0.0,0.0,0.0,0.0,0.0,
26/03/2025,5712.2001953125,5783.6201171875,5694.41015625,5771.66015625,4183140000,0.7685540900297085,0,0.0,0.0,0.0,0.0,0.0,
27/03/2025,5693.31005859375,5732.27978515625,5670.93994140625,5695.64013671875,4403460000,0.8172902207511009,0,0.0,0.0,0.0,0.0,0.0,
28/03/2025,5580.93994140625,5685.89013671875,5572.419921875,5679.2001953125,4513330000,1.0217968907769255,0,0.0,0.0,0.0,0.0,0.0,
31/03/2025,5611.85009765625,5627.56005859375,5488.72998046875,5527.91015625,5257250000,1.1516671544461834,0,0.0,0.0,0.0,0.0,0.0,
01/04/2025,5633.06982421875,5650.56982421875,5558.52001953125,5597.52978515625,4434500000,0.9728330689093564,0,0.0,0.0,0.0,0.0,0.0,
02/04/2025,5670.97021484375,5695.31005859375,5571.47998046875,5580.759765625,4243830000,0.9285317015259249,0,0.0,0.0,0.0,0.0,0.0,
03/04/2025,5396.52001953125,5499.52978515625,5390.830078125,5492.740234375,7210470000,1.4050358972040633,0,0.0,0.0,0.0,0.0,0.0,
04/04/2025,5074.080078125,5292.14013671875,5069.89990234375,5292.14013671875,8853500000,1.4756054674153445,0,0.0,0.0,0.0,0.0,0.0,
07/04/2025,5062.25,5246.56982421875,4835.0400390625,4953.7900390625,8691980000,1.2998605024543672,0,0.0,0.0,0.0,0.0,0.0,
08/04/2025,4982.77001953125,5267.47021484375,4910.419921875,5193.56982421875,7408140000,1.0173802842897919,0,0.0,0.0,0.0,0.0,0.0,
09/04/2025,5456.89990234375,5481.33984375,4948.43017578125,4965.27978515625,9489600000,1.1391067634103966,0,0.0,0.0,0.0,0.0,0.0,
10/04/2025,5268.0498046875,5353.14990234375,5115.27001953125,5353.14990234375,6677140000,0.8119019386017049,0,0.0,0.0,0.0,0.0,0.0,
11/04/2025,5363.35986328125,5381.4599609375,5220.77001953125,5255.56005859375,5602550000,0.7397197368535713,0,0.0,0.0,0.0,0.0,0.0,
14/04/2025,5405.97021484375,5459.4599609375,5358.02001953125,5441.9599609375,5031440000,0.7353999123619108,0,0.0,0.0,0.0,0.0,0.0,
15/04/2025,5396.6298828125,5450.41015625,5386.43994140625,5411.990234375,4317110000,0.693671218824957,0,0.0,0.0,0.0,0.0,0.0,
16/04/2025,5275.7001953125,5367.240234375,5220.7900390625,5335.75,4607750000,0.8781353400424379,0,0.0,0.0,0.0,0.0,0.0,
17/04/2025,5282.7001953125,5328.31005859375,5255.580078125,5305.4501953125,4714880000,0.9711898418578438,0,0.0,0.0,0.0,0.0,0.0,
21/04/2025,5158.2001953125,5232.93994140625,5101.6298828125,5232.93994140625,4226340000,0.9228816046453939,0,0.0,0.0,0.0,0.0,0.0,
22/04/2025,5287.759765625,5309.60986328125,5207.669921875,5207.669921875,4666950000,1.0355797688992558,0,0.0,0.0,0.0,0.0,0.0,
23/04/2025,5375.85986328125,5469.68994140625,5356.169921875,5395.919921875,5371390000,1.138618604664966,0,0.0,0.0,0.0,0.0,0.0,
24/04/2025,5484.77001953125,5489.39990234375,5371.9599609375,5381.3798828125,4697710000,0.9920294865075239,0,0.0,0.0,0.0,0.0,0.0,
25/04/2025,5525.2099609375,5528.10986328125,5455.85986328125,5489.72998046875,4236580000,0.9130965728219831,0,0.0,0.0,0.0,0.0,0.0,
28/04/2025,5528.75,5553.66015625,5468.64013671875,5529.22021484375,4257880000,0.916441352342243,0,0.0,0.0,0.0,0.0,0.0,
29/04/2025,5560.830078125,5571.9501953125,5505.7001953125,5508.8701171875,4747150000,1.0182336788540547,0,0.0,0.0,0.0,0.0,0.0,
30/04/2025,5569.06005859375,5581.83984375,5433.240234375,5499.43994140625,5449490000,1.1649780386432658,0,0.0,0.0,0.0,0.0,0.0,
01/05/2025,5604.14013671875,5658.91015625,5597.35009765625,5625.14013671875,4935270000,1.0444410207746684,0,0.0,0.0,0.0,0.0,0.0,
02/05/2025,5686.669921875,5700.7001953125,5642.27978515625,5645.8798828125,4854380000,1.0011437801335332,0,0.0,0.0,0.0,0.0,0.0,
05/05/2025,5650.3798828125,5683.3798828125,5634.47998046875,5655.31982421875,4358260000,0.8951202630568238,0,0.0,0.0,0.0,0.0,0.0,
06/05/2025,5606.91015625,5649.580078125,5586.0400390625,5605.8701171875,4717260000,0.9700444094221347,0,0.0,0.0,0.0,0.0,0.0,
07/05/2025,5631.27978515625,5654.72998046875,5578.64013671875,5614.18017578125,4987440000,1.0454704956816046,1,0.7843137254901961,-0.0098350499182117,0.16558441558441558,0.7045454545454546,0.12987012987012986,0.0
08/05/2025,5663.93994140625,5720.10009765625,5635.3798828125,5663.60009765625,5627400000,1.1463555939072894,0,0.0,0.0,0.0,0.0,0.0,
09/05/2025,5659.91015625,5691.68994140625,5644.14990234375,5679.64990234375,4645090000,0.9543875293039578,0,0.0,0.0,0.0,0.0,0.0,
12/05/2025,5844.18994140625,5845.3701171875,5786.080078125,5807.2001953125,6014580000,1.1570162401406292,0,0.0,0.0,0.0,0.0,0.0,
13/05/2025,5886.5498046875,5906.64013671875,5845.02001953125,5854.14990234375,5516290000,1.0295119966555684,0,0.0,0.0,0.0,0.0,0.0,
14/05/2025,5892.580078125,5906.5498046875,5872.10986328125,5896.740234375,5233450000,0.9678379217074795,0,0.0,0.0,0.0,0.0,0.0,
15/05/2025,5916.93017578125,5924.2099609375,5865.16015625,5869.81982421875,4991290000,0.9452950111171294,0,0.0,0.0,0.0,0.0,0.0,
16/05/2025,5958.3798828125,5958.6201171875,5907.35986328125,5929.08984375,4850850000,0.9115925230188457,0,0.0,0.0,0.0,0.0,0.0,
19/05/2025,5963.60009765625,5968.60986328125,5895.68994140625,5902.8798828125,4144010000,0.8376512832164115,0,0.0,0.0,0.0,0.0,0.0,
20/05/2025,5940.4599609375,5953.06005859375,5909.259765625,5944.66015625,4416850000,0.9343302399472002,0,0.0,0.0,0.0,0.0,0.0,
21/05/2025,5844.60986328125,5938.3701171875,5830.91015625,5910.18017578125,5254250000,1.1104946686533725,0,0.0,0.0,0.0,0.0,0.0,
22/05/2025,5842.009765625,5878.080078125,5825.81982421875,5841.259765625,5157050000,1.0823674254428806,0,0.0,0.0,0.0,0.0,0.0,
23/05/2025,5802.81982421875,5829.509765625,5767.41015625,5781.89013671875,4662820000,0.9864235129456425,0,0.0,0.0,0.0,0.0,0.0,
27/05/2025,5921.5400390625,5924.330078125,5854.06982421875,5854.06982421875,5366380000,1.0794352575797501,0,0.0,0.0,0.0,0.0,0.0,
28/05/2025,5888.5498046875,5939.919921875,5881.8798828125,5925.5400390625,4665050000,0.9290873930266416,0,0.0,0.0,0.0,0.0,0.0,
29/05/2025,5912.169921875,5943.1298828125,5873.7998046875,5939.9599609375,4569750000,0.9356170189242478,0,0.0,0.0,0.0,0.0,0.0,
30/05/2025,5911.68994140625,5922.14013671875,5843.66015625,5903.669921875,6378540000,1.2437418446066575,0,0.0,0.0,0.0,0.0,0.0,
02/06/2025,5935.93994140625,5937.39990234375,5861.43017578125,5896.68017578125,4832240000,0.9360467008317075,0,0.0,0.0,0.0,0.0,0.0,
03/06/2025,5970.3701171875,5981.35009765625,5929.0,5938.56005859375,5026680000,0.9866969008639203,0,0.0,0.0,0.0,0.0,0.0,
04/06/2025,5970.81005859375,5990.47998046875,5966.10986328125,5978.93994140625,4767050000,0.9320015515600452,0,0.0,0.0,0.0,0.0,0.0,
05/06/2025,5939.2998046875,5999.7001953125,5921.2001953125,5985.669921875,5091850000,0.9755862503429598,0,0.0,0.0,0.0,0.0,0.0,
06/06/2025,6000.35986328125,6016.8701171875,5978.6298828125,5987.06005859375,4355710000,0.9046679070331605,0,0.0,0.0,0.0,0.0,0.0,
09/06/2025,6005.8798828125,6021.31005859375,5994.18017578125,6004.6298828125,4642360000,0.971869877510347,0,0.0,0.0,0.0,0.0,0.0,
10/06/2025,6038.81005859375,6043.009765625,6000.27978515625,6009.91015625,4882880000,1.0284142486157242,0,0.0,0.0,0.0,0.0,0.0,
11/06/2025,6022.240234375,6059.39990234375,6002.31982421875,6049.3798828125,5111550000,1.0611766562103606,0,0.0,0.0,0.0,0.0,0.0,
12/06/2025,6045.259765625,6045.43017578125,6003.8798828125,6009.89990234375,4669500000,0.9867086467754205,0,0.0,0.0,0.0,0.0,0.0,
13/06/2025,5976.97021484375,6026.16015625,5963.2099609375,6000.56005859375,5258910000,1.0703983684236236,0,0.0,0.0,0.0,0.0,0.0,
16/06/2025,6033.10986328125,6050.830078125,6004.0,6004.0,5111710000,1.0209310732567591,0,0.0,0.0,0.0,0.0,0.0,
17/06/2025,5982.72021484375,6023.25,5974.7998046875,6012.14990234375,4955700000,0.9869014556283673,0,0.0,0.0,0.0,0.0,0.0,
18/06/2025,5980.8701171875,6018.25,5971.89013671875,5987.93017578125,5106470000,1.0171323014752838,1,0.9166666666666666,0.017087287761064,0.14035087719298245,0.7309941520467836,0.1286549707602339,0.0
20/06/2025,5967.83984375,6018.2001953125,5952.56005859375,5999.669921875,7451500000,1.3361466259316626,0,0.0,0.0,0.0,0.0,0.0,
23/06/2025,6025.169921875,6028.77001953125,5943.22998046875,5969.669921875,5597000000,0.9915889446602306,0,0.0,0.0,0.0,0.0,0.0,
24/06/2025,6092.18017578125,6101.759765625,6059.25,6061.2099609375,5443690000,0.9532152007609346,0,0.0,0.0,0.0,0.0,0.0,
25/06/2025,6092.16015625,6108.509765625,6080.08984375,6104.22998046875,5171110000,0.8987054814828204,0,0.0,0.0,0.0,0.0,0.0,
26/06/2025,6141.02001953125,6146.52001953125,6107.27001953125,6112.08984375,5308140000,0.9160987510458576,0,0.0,0.0,0.0,0.0,0.0,
27/06/2025,6173.06982421875,6187.68017578125,6132.35009765625,6150.7001953125,7889350000,1.341302357180333,0,0.0,0.0,0.0,0.0,0.0,
30/06/2025,6204.9501953125,6215.080078125,6174.97021484375,6193.35986328125,5782900000,0.976999978712757,0,0.0,0.0,0.0,0.0,0.0,
01/07/2025,6198.009765625,6210.77978515625,6177.97021484375,6187.25,6275310000,1.03121391956633,0,0.0,0.0,0.0,0.0,0.0,
02/07/2025,6227.419921875,6227.60009765625,6188.2900390625,6193.8798828125,5645710000,0.9135036232974483,0,0.0,0.0,0.0,0.0,0.0,
03/07/2025,6279.35009765625,6284.64990234375,6246.4599609375,6246.4599609375,3378110000,0.5830081273311799,0,0.0,0.0,0.0,0.0,0.0,
07/07/2025,6229.97998046875,6262.06982421875,6201.0,6259.0400390625,5236740000,0.9948679212592382,0,0.0,0.0,0.0,0.0,0.0,
08/07/2025,6225.52001953125,6242.7001953125,6217.75,6234.02978515625,5739030000,1.0921126245960975,0,0.0,0.0,0.0,0.0,0.0,
09/07/2025,6263.259765625,6269.16015625,6231.43017578125,6243.330078125,4813340000,0.9699257604805237,0,0.0,0.0,0.0,0.0,0.0,
10/07/2025,6280.4599609375,6290.22021484375,6251.43994140625,6266.7998046875,5367350000,1.0938341287416082,0,0.0,0.0,0.0,0.0,0.0,
11/07/2025,6259.75,6269.43994140625,6237.60009765625,6255.68017578125,4656210000,0.9019233577928978,0,0.0,0.0,0.0,0.0,0.0,
14/07/2025,6268.56005859375,6273.31005859375,6239.22021484375,6255.14990234375,4722250000,0.9333181280234388,0,0.0,0.0,0.0,0.0,0.0,
15/07/2025,6243.759765625,6302.0400390625,6241.68017578125,6295.2900390625,5133670000,1.0395066258126857,0,0.0,0.0,0.0,0.0,0.0,
16/07/2025,6263.7001953125,6268.1201171875,6201.58984375,6254.5,5177460000,1.0331389227894547,0,0.0,0.0,0.0,0.0,0.0,
17/07/2025,6297.35986328125,6304.68994140625,6262.27001953125,6263.39990234375,5512290000,1.0936267453063024,0,0.0,0.0,0.0,0.0,0.0,
18/07/2025,6296.7900390625,6315.60986328125,6285.27001953125,6312.9501953125,5184700000,1.0075059161605526,0,0.0,0.0,0.0,0.0,0.0,
21/07/2025,6305.60009765625,6336.080078125,6303.7900390625,6304.740234375,5010840000,0.9629208853851191,0,0.0,0.0,0.0,0.0,0.0,
22/07/2025,6309.6201171875,6316.1201171875,6281.7099609375,6306.60009765625,5662040000,1.0664047947571376,0,0.0,0.0,0.0,0.0,0.0,
23/07/2025,6358.91015625,6360.64013671875,6317.490234375,6326.89990234375,5642510000,1.0444303685939558,0,0.0,0.0,0.0,0.0,0.0,
24/07/2025,6363.35009765625,6381.31005859375,6360.56982421875,6368.60009765625,5282720000,0.9862146653021098,0,0.0,0.0,0.0,0.0,0.0,
25/07/2025,6388.64013671875,6395.81982421875,6368.52978515625,6370.009765625,4470720000,0.8574838226341573,0,0.0,0.0,0.0,0.0,0.0,
28/07/2025,6389.77001953125,6401.06982421875,6375.7900390625,6397.68994140625,4565620000,0.8909010088742375,0,0.0,0.0,0.0,0.0,0.0,
29/07/2025,6370.85986328125,6409.259765625,6363.919921875,6405.6201171875,5076120000,1.0136957522838568,0,0.0,0.0,0.0,0.0,0.0,
30/07/2025,6362.89990234375,6396.5400390625,6336.3798828125,6381.22998046875,5375070000,1.084985012262694,1,0.9714285714285714,0.0122491889687176,0.13513513513513514,0.7335907335907336,0.13127413127413126,0.0
31/07/2025,6339.39013671875,6427.02001953125,6327.64013671875,6427.02001953125,6077080000,1.1885727965339585,0,0.0,0.0,0.0,0.0,0.0,
01/08/2025,6238.009765625,6287.27978515625,6212.68994140625,6287.27978515625,5827150000,1.082266881220042,0,0.0,0.0,0.0,0.0,0.0,
04/08/2025,6329.93994140625,6330.68994140625,6271.7099609375,6271.7099609375,4842580000,0.8902456062945805,0,0.0,0.0,0.0,0.0,0.0,
05/08/2025,6299.18994140625,6346.0,6289.3701171875,6336.6298828125,5517410000,0.998109936977397,0,0.0,0.0,0.0,0.0,0.0,
06/08/2025,6345.06005859375,6352.830078125,6301.10986328125,6309.2998046875,5408560000,0.9772346688695535,0,0.0,0.0,0.0,0.0,0.0,
07/08/2025,6340.0,6389.7099609375,6310.31982421875,6374.31982421875,5306090000,0.9861964575591439,0,0.0,0.0,0.0,0.0,0.0,
08/08/2025,6389.4501953125,6395.16015625,6355.22021484375,6355.22021484375,4769910000,0.9228077099427152,0,0.0,0.0,0.0,0.0,0.0,
11/08/2025,6373.4501953125,6407.25,6364.06005859375,6389.669921875,4652400000,0.9067461021260705,0,0.0,0.0,0.0,0.0,0.0,
12/08/2025,6445.759765625,6446.5498046875,6385.759765625,6395.169921875,5135300000,1.0159954036560244,0,0.0,0.0,0.0,0.0,0.0,
13/08/2025,6466.580078125,6480.27978515625,6445.02001953125,6462.669921875,5195950000,1.0367163946822882,0,0.0,0.0,0.0,0.0,0.0,
14/08/2025,6468.5400390625,6473.919921875,6441.06982421875,6453.4599609375,4462050000,0.9213168695729738,0,0.0,0.0,0.0,0.0,0.0,
15/08/2025,6449.7998046875,6481.33984375,6441.85009765625,6477.3798828125,4575060000,0.9523137486074545,0,0.0,0.0,0.0,0.0,0.0,
18/08/2025,6449.14990234375,6455.35009765625,6437.7001953125,6445.02001953125,4162290000,0.8844400813407195,0,0.0,0.0,0.0,0.0,0.0,
19/08/2025,6411.3701171875,6456.47998046875,6400.22021484375,6446.240234375,4377440000,0.9611119234841229,0,0.0,0.0,0.0,0.0,0.0,
20/08/2025,6395.77978515625,6408.39990234375,6343.85986328125,6406.6201171875,4470390000,1.0138212374071482,0,0.0,0.0,0.0,0.0,0.0,
21/08/2025,6370.169921875,6393.64990234375,6352.7099609375,6380.830078125,4013560000,0.9291190134239312,0,0.0,0.0,0.0,0.0,0.0,
22/08/2025,6466.91015625,6478.89013671875,6384.58984375,6384.58984375,5046860000,1.143347648041235,0,0.0,0.0,0.0,0.0,0.0,
25/08/2025,6439.31982421875,6466.89013671875,6438.06005859375,6457.669921875,4059070000,0.9238883031703458,0,0.0,0.0,0.0,0.0,0.0,
26/08/2025,6465.93994140625,6468.3701171875,6429.2099609375,6435.490234375,4867680000,1.0837508616252167,0,0.0,0.0,0.0,0.0,0.0,
27/08/2025,6481.39990234375,6487.06005859375,6457.83984375,6462.259765625,4143680000,0.9361773271248054,0,0.0,0.0,0.0,0.0,0.0,
28/08/2025,6501.85986328125,6508.22998046875,6466.9599609375,6483.83984375,4283760000,0.9561516089647584,0,0.0,0.0,0.0,0.0,0.0,
29/08/2025,6460.259765625,6491.759765625,6444.56982421875,6489.27978515625,4234840000,0.9807851487537884,0,0.0,0.0,0.0,0.0,0.0,
02/09/2025,6415.5400390625,6416.5400390625,6360.580078125,6401.509765625,4784000000,1.0719746741501732,0,0.0,0.0,0.0,0.0,0.0,
03/09/2025,6448.259765625,6453.669921875,6416.169921875,6445.81982421875,4465360000,1.0189470071614903,0,0.0,0.0,0.0,0.0,0.0,
04/09/2025,6502.080078125,6502.5400390625,6445.97998046875,6456.60009765625,4670770000,1.0407830567951037,0,0.0,0.0,0.0,0.0,0.0,
05/09/2025,6481.5,6532.64990234375,6443.97998046875,6529.080078125,5066120000,1.0908445727569205,0,0.0,0.0,0.0,0.0,0.0,
08/09/2025,6495.14990234375,6508.669921875,6483.2900390625,6498.08984375,5211500000,1.076856319285884,0,0.0,0.0,0.0,0.0,0.0,
09/09/2025,6512.60986328125,6518.22998046875,6483.080078125,6503.330078125,4798350000,0.9908991785099186,0,0.0,0.0,0.0,0.0,0.0,
10/09/2025,6532.0400390625,6555.97021484375,6516.33984375,6550.2900390625,5253010000,1.0506125061250613,0,0.0,0.0,0.0,0.0,0.0,
11/09/2025,6587.47021484375,6592.89013671875,6545.7998046875,6554.41015625,5426460000,1.053458997400161,0,0.0,0.0,0.0,0.0,0.0,
12/09/2025,6584.2900390625,6600.2099609375,6579.490234375,6590.66015625,4641640000,0.9161989912739193,0,0.0,0.0,0.0,0.0,0.0,
15/09/2025,6615.27978515625,6619.6201171875,6602.06982421875,6603.490234375,5045020000,1.0024089510293874,0,0.0,0.0,0.0,0.0,0.0,
16/09/2025,6606.759765625,6626.990234375,6600.10986328125,6624.1298828125,5359510000,1.0416669905977072,0,0.0,0.0,0.0,0.0,0.0,
17/09/2025,6600.35009765625,6624.39013671875,6551.14990234375,6604.8701171875,5805340000,1.1046020678157407,0,0.0,0.0,0.0,0.0,0.0,
18/09/2025,6631.9599609375,6656.7998046875,6611.89013671875,6626.85009765625,5292400000,1.0121668870494123,0,0.0,0.0,0.0,0.0,0.0,
19/09/2025,6664.35986328125,6671.81982421875,6630.31005859375,6647.10986328125,9125960000,1.4897955252392971,0,0.0,0.0,0.0,0.0,0.0,
22/09/2025,6693.75,6698.8798828125,6648.06982421875,6654.27978515625,5642620000,0.9035180169750492,0,0.0,0.0,0.0,0.0,0.0,
23/09/2025,6656.919921875,6699.52001953125,6645.580078125,6692.43994140625,5633620000,0.8942271001151113,0,0.0,0.0,0.0,0.0,0.0,
24/09/2025,6637.97021484375,6672.66015625,6621.759765625,6669.7900390625,5459180000,0.8761665518598385,0,0.0,0.0,0.0,0.0,0.0,
25/09/2025,6604.72021484375,6619.0,6569.22021484375,6608.18994140625,5874670000,0.9255515415434498,0,0.0,0.0,0.0,0.0,0.0,
26/09/2025,6643.7001953125,6648.97021484375,6604.43017578125,6615.3798828125,5103110000,0.9207002439270817,0,0.0,0.0,0.0,0.0,0.0,
29/09/2025,6661.2099609375,6677.31005859375,6644.490234375,6661.580078125,5358760000,0.9768299200782812,0,0.0,0.0,0.0,0.0,0.0,
30/09/2025,6688.4599609375,6691.25,6641.0,6656.18994140625,6057210000,1.0873559801428432,0,0.0,0.0,0.0,0.0,0.0,
01/10/2025,6711.2001953125,6718.47998046875,6656.2001953125,6664.919921875,6037950000,1.0618341499101356,0,0.0,0.0,0.0,0.0,0.0,
02/10/2025,6715.35009765625,6731.93994140625,6693.22998046875,6731.31005859375,5416130000,0.968094058733443,0,0.0,0.0,0.0,0.0,0.0,
03/10/2025,6715.7900390625,6750.8701171875,6705.669921875,6722.14013671875,5713110000,0.9993839029694408,0,0.0,0.0,0.0,0.0,0.0,
06/10/2025,6740.27978515625,6749.52001953125,6717.77978515625,6733.85986328125,5604460000,0.9720224802506933,0,0.0,0.0,0.0,0.0,0.0,
07/10/2025,6714.58984375,6754.490234375,6699.9599609375,6746.14013671875,5546150000,0.9792692228916088,0,0.0,0.0,0.0,0.0,0.0,
08/10/2025,6753.72021484375,6755.64013671875,6718.08984375,6723.8701171875,5383130000,0.9729844723887303,0,0.0,0.0,0.0,0.0,0.0,
09/10/2025,6735.10986328125,6764.580078125,6716.169921875,6760.5,5385020000,0.9744219265652306,0,0.0,0.0,0.0,0.0,0.0,
10/10/2025,6552.509765625,6762.39990234375,6550.77978515625,6740.490234375,6596610000,1.1566762065510636,0,0.0,0.0,0.0,0.0,0.0,
13/10/2025,6654.72021484375,6668.68017578125,6620.7099609375,6622.52978515625,5303960000,0.939922813750338,0,0.0,0.0,0.0,0.0,0.0,
14/10/2025,6644.31005859375,6680.7001953125,6555.06982421875,6602.490234375,5666920000,0.9999632971056944,0,0.0,0.0,0.0,0.0,0.0,
15/10/2025,6671.06005859375,6724.1201171875,6612.10986328125,6688.27001953125,5633060000,0.9852978268406053,0,0.0,0.0,0.0,0.0,0.0,
16/10/2025,6629.06982421875,6709.33984375,6593.990234375,6689.02001953125,6048180000,1.033921814724947,0,0.0,0.0,0.0,0.0,0.0,
17/10/2025,6664.009765625,6678.8798828125,6603.759765625,6613.27001953125,5358120000,0.9564573527395696,0,0.0,0.0,0.0,0.0,0.0,
20/10/2025,6735.1298828125,6744.35009765625,6690.0498046875,6690.0498046875,4672170000,0.8532568498216663,0,0.0,0.0,0.0,0.0,0.0,
21/10/2025,6735.35009765625,6752.16015625,6722.02978515625,6736.75,5245020000,0.9728655929634913,0,0.0,0.0,0.0,0.0,0.0,
22/10/2025,6699.39990234375,6741.75,6655.68994140625,6741.33984375,5710010000,1.0560989143100228,0,0.0,0.0,0.0,0.0,0.0,
23/10/2025,6738.43994140625,6749.52978515625,6700.14013671875,6703.64990234375,5565750000,1.0481216011256798,0,0.0,0.0,0.0,0.0,0.0,
24/10/2025,6791.68994140625,6807.10986328125,6772.06982421875,6772.06982421875,5058220000,0.963427534848923,0,0.0,0.0,0.0,0.0,0.0,
27/10/2025,6875.16015625,6877.27978515625,6843.93994140625,6845.4599609375,5290650000,0.9845029615197816,0,0.0,0.0,0.0,0.0,0.0,
28/10/2025,6890.89013671875,6911.2998046875,6870.72998046875,6897.740234375,5695930000,1.0424255578948602,0,0.0,0.0,0.0,0.0,0.0,
29/10/2025,6890.58984375,6920.33984375,6851.91015625,6910.9501953125,6280130000,1.1258474156958524,0,0.0,0.0,0.0,0.0,0.0,
30/10/2025,6822.33984375,6880.75,6820.68994140625,6860.5,6052700000,1.0664562192121048,0,0.0,0.0,0.0,0.0,0.0,
31/10/2025,6840.2001953125,6879.169921875,6814.259765625,6879.169921875,6398280000,1.0765103209569789,0,0.0,0.0,0.0,0.0,0.0,
03/11/2025,6851.97021484375,6882.31982421875,6820.6201171875,6882.31982421875,6065720000,0.9946164269813556,0,0.0,0.0,0.0,0.0,0.0,
04/11/2025,6771.5498046875,6820.2099609375,6766.7099609375,6788.52001953125,5739510000,0.9397835496984904,0,0.0,0.0,0.0,0.0,0.0,
05/11/2025,6796.2900390625,6829.77978515625,6763.10986328125,6769.77001953125,5939600000,0.9835139378609151,0,0.0,0.0,0.0,0.0,0.0,
06/11/2025,6720.31982421875,6796.68017578125,6707.509765625,6787.58984375,6051900000,1.0021357833628801,0,0.0,0.0,0.0,0.0,0.0,
07/11/2025,6728.7998046875,6730.10986328125,6631.43994140625,6696.18017578125,5926070000,0.9968895931742635,0,0.0,0.0,0.0,0.0,0.0,
10/11/2025,6832.43017578125,6841.31982421875,6770.56005859375,6785.35986328125,5366050000,0.9244437109298687,0,0.0,0.0,0.0,0.0,0.0,
11/11/2025,6846.60986328125,6855.1298828125,6806.8701171875,6815.64013671875,4983490000,0.8814997359121608,0,0.0,0.0,0.0,0.0,0.0,
12/11/2025,6850.919921875,6869.91015625,6829.6201171875,6867.77001953125,5293610000,0.9582540461791557,0,0.0,0.0,0.0,0.0,0.0,
13/11/2025,6737.490234375,6828.0498046875,6724.72021484375,6826.47021484375,5473720000,1.012042329717109,0,0.0,0.0,0.0,0.0,0.0,
14/11/2025,6734.10986328125,6774.31005859375,6646.8701171875,6672.14013671875,5042660000,0.9638284785697603,0,0.0,0.0,0.0,0.0,0.0,
17/11/2025,6672.41015625,6754.5,6638.89990234375,6713.60986328125,5204220000,1.000900079622428,0,0.0,0.0,0.0,0.0,0.0,
18/11/2025,6617.31982421875,6666.6298828125,6574.31982421875,6641.18994140625,5159390000,0.9856095454962253,0,0.0,0.0,0.0,0.0,0.0,
19/11/2025,6642.16015625,6689.75,6603.5,6625.83984375,5021610000,0.9693628965006023,0,0.0,0.0,0.0,0.0,0.0,
20/11/2025,6538.759765625,6770.35009765625,6534.0498046875,6737.93017578125,5596080000,1.0751784125090877,0,0.0,0.0,0.0,0.0,0.0,
21/11/2025,6602.990234375,6660.0498046875,6521.919921875,6555.77001953125,5929930000,1.1017575190728925,0,0.0,0.0,0.0,0.0,0.0,
24/11/2025,6705.1201171875,6715.75,6630.7001953125,6636.5400390625,6039740000,1.0883689080703145,0,0.0,0.0,0.0,0.0,0.0,
25/11/2025,6765.8798828125,6776.39990234375,6659.97998046875,6697.02978515625,5003330000,0.9067062114068187,0,0.0,0.0,0.0,0.0,0.0,
26/11/2025,6812.60986328125,6831.43994140625,6783.8701171875,6793.5498046875,4485000000,0.8288953089515518,0,0.0,0.0,0.0,0.0,0.0,
28/11/2025,6849.08984375,6850.85986328125,6819.75,6822.52001953125,2558540000,0.5326620737208607,0,0.0,0.0,0.0,0.0,0.0,
01/12/2025,6812.6298828125,6843.64990234375,6799.93994140625,6812.2998046875,4549370000,1.0048979544954537,0,0.0,0.0,0.0,0.0,0.0,
02/12/2025,6829.3701171875,6851.5498046875,6806.7099609375,6830.9599609375,4582290000,1.081824375912776,0,0.0,0.0,0.0,0.0,0.0,
03/12/2025,6849.72021484375,6862.419921875,6810.43017578125,6815.2900390625,4736780000,1.1325517717595368,0,0.0,0.0,0.0,0.0,0.0,
04/12/2025,6857.1201171875,6866.47021484375,6827.1201171875,6866.47021484375,4872440000,1.1437964038457384,0,0.0,0.0,0.0,0.0,0.0,
05/12/2025,6870.39990234375,6895.77978515625,6858.2900390625,6866.31982421875,4944560000,1.0437973708742587,0,0.0,0.0,0.0,0.0,0.0,
