Date,Open,High,Low,Close,Volume,VIX_Close,DXY_Close,US02Y_Yield,US10Y_Yield,Yield_Curve_10Y_2Y,Volume_ratio_vs_5days,Announcement,hawkish_dovish_ratio,net_sentiment_score,negative_proportion,neutral_proportion,positive_proportion,sentiment_label
02/01/2018,2695.81005859375,2695.889892578125,2682.360107421875,2683.72998046875,3397430000,9.770000457763672,91.8499984741211,1.92,2.4649999141693115,0.5449999141693116,1.1279784078391322,0,0.0,0.0,0.0,0.0,0.0,
03/01/2018,2713.06005859375,2714.3701171875,2697.77001953125,2697.85009765625,3544030000,9.149999618530273,92.16000366210938,1.94,2.447000026702881,0.5070000267028809,1.0884849620829815,0,0.0,0.0,0.0,0.0,0.0,
04/01/2018,2723.989990234375,2729.2900390625,2719.070068359375,2719.31005859375,3697340000,9.220000267028809,91.8499984741211,1.96,2.453000068664551,0.4930000686645508,1.0678201101559437,0,0.0,0.0,0.0,0.0,0.0,
05/01/2018,2743.14990234375,2743.449951171875,2727.919921875,2731.330078125,3239280000,9.220000267028809,91.94999694824219,1.96,2.4760000705718994,0.5160000705718994,1.06100767619278,0,0.0,0.0,0.0,0.0,0.0,
08/01/2018,2747.7099609375,2748.510009765625,2737.60009765625,2742.669921875,3246160000,9.520000457763672,92.33000183105469,1.96,2.4800000190734863,0.5200000190734864,0.9478260057088664,0,0.0,0.0,0.0,0.0,0.0,
09/01/2018,2751.2900390625,2759.139892578125,2747.860107421875,2751.14990234375,3467460000,10.079999923706055,92.52999877929688,1.98,2.5460000038146973,0.5660000038146973,1.008318468885274,0,0.0,0.0,0.0,0.0,0.0,
10/01/2018,2748.22998046875,2750.800048828125,2736.06005859375,2745.550048828125,3579900000,9.819999694824219,92.33000183105469,1.98,2.549999952316284,0.5699999523162842,1.0388482043674632,0,0.0,0.0,0.0,0.0,0.0,
11/01/2018,2767.56005859375,2767.56005859375,2752.780029296875,2752.969970703125,3645690000,9.880000114440918,91.8499984741211,1.98,2.5309998989105225,0.5509998989105225,1.0611206223597067,0,0.0,0.0,0.0,0.0,0.0,
12/01/2018,2786.239990234375,2787.85009765625,2769.639892578125,2770.179931640625,3587220000,10.15999984741211,90.97000122070312,1.99,2.552000045776367,0.5620000457763672,1.0233744122448212,0,0.0,0.0,0.0,0.0,0.0,
16/01/2018,2776.419921875,2807.5400390625,2768.639892578125,2798.9599609375,4362880000,11.65999984741211,90.38999938964844,2.03,2.5439999103546143,0.5139999103546145,1.1701026918734228,0,0.0,0.0,0.0,0.0,0.0,
17/01/2018,2802.56005859375,2807.0400390625,2778.3798828125,2784.989990234375,3790340000,11.90999984741211,90.54000091552734,2.05,2.578000068664551,0.528000068664551,0.9992444386094508,0,0.0,0.0,0.0,0.0,0.0,
18/01/2018,2798.030029296875,2805.830078125,2792.56005859375,2802.39990234375,3703300000,12.220000267028809,90.5,2.05,2.6110000610351562,0.5610000610351564,0.9699870556637888,0,0.0,0.0,0.0,0.0,0.0,
19/01/2018,2810.300048828125,2810.330078125,2798.080078125,2802.60009765625,3724230000,11.270000457763672,90.56999969482422,2.06,2.63700008392334,0.5770000839233398,0.9714722007599136,0,0.0,0.0,0.0,0.0,0.0,
22/01/2018,2832.969970703125,2833.030029296875,2808.1201171875,2809.159912109375,3489480000,11.029999732971191,90.4000015258789,2.08,2.6649999618530273,0.5849999618530273,0.9149024421834452,0,0.0,0.0,0.0,0.0,0.0,
23/01/2018,2839.1298828125,2842.239990234375,2830.590087890625,2835.050048828125,3541140000,11.100000381469727,90.12000274658203,2.06,2.624000072479248,0.564000072479248,0.970255621150024,0,0.0,0.0,0.0,0.0,0.0,
24/01/2018,2837.5400390625,2852.969970703125,2824.81005859375,2845.419921875,4079270000,11.470000267028809,89.20999908447266,2.08,2.6540000438690186,0.5740000438690185,1.100279866346018,0,0.0,0.0,0.0,0.0,0.0,
25/01/2018,2839.25,2848.56005859375,2830.93994140625,2846.239990234375,3873100000,11.579999923706055,89.38999938964844,2.08,2.621000051498413,0.541000051498413,1.0351885528688924,0,0.0,0.0,0.0,0.0,0.0,
26/01/2018,2872.8701171875,2872.8701171875,2846.179931640625,2847.47998046875,3474680000,11.079999923706055,89.06999969482422,2.13,2.6619999408721924,0.5319999408721925,0.941256399101295,0,0.0,0.0,0.0,0.0,0.0,
29/01/2018,2853.530029296875,2870.6201171875,2851.47998046875,2867.22998046875,3587420000,13.84000015258789,89.30999755859375,2.11,2.6989998817443848,0.5889998817443849,0.9666672235512602,0,0.0,0.0,0.0,0.0,0.0,
30/01/2018,2822.429931640625,2837.75,2818.27001953125,2832.739990234375,4012070000,14.789999961853027,89.19000244140625,2.13,2.7260000705718994,0.5960000705718995,1.05433515499928,0,0.0,0.0,0.0,0.0,0.0,
31/01/2018,2823.81005859375,2839.260009765625,2813.0400390625,2832.409912109375,4276270000,13.539999961853027,89.12999725341797,2.14,2.7200000286102295,0.5800000286102294,1.1122483163870962,0,0.0,0.0,0.0,0.0,0.0,
01/02/2018,2821.97998046875,2835.9599609375,2812.699951171875,2816.449951171875,3977380000,13.470000267028809,88.66999816894531,2.16,2.7730000019073486,0.6130000019073485,1.0289261799830502,0,0.0,0.0,0.0,0.0,0.0,
02/02/2018,2762.1298828125,2808.919921875,2759.969970703125,2808.919921875,4340220000,17.309999465942383,89.19999694824219,2.15,2.8540000915527344,0.7040000915527345,1.0746651374511225,0,0.0,0.0,0.0,0.0,0.0,
05/02/2018,2648.93994140625,2763.389892578125,2638.169921875,2741.06005859375,5310840000,37.31999969482422,89.55000305175781,2.08,2.7939999103546143,0.7139999103546142,1.2115922138197308,0,0.0,0.0,0.0,0.0,0.0,
06/02/2018,2695.139892578125,2701.0400390625,2593.070068359375,2614.780029296875,5917350000,29.979999542236328,89.58999633789062,2.1,2.7679998874664307,0.6679998874664306,1.2419895676528394,0,0.0,0.0,0.0,0.0,0.0,
07/02/2018,2681.659912109375,2727.669921875,2681.330078125,2690.949951171875,4646300000,27.729999542236328,90.26000213623047,2.15,2.8440001010894775,0.6940001010894776,0.9602932198086234,0,0.0,0.0,0.0,0.0,0.0,
08/02/2018,2581.0,2685.27001953125,2580.56005859375,2685.010009765625,5333840000,33.459999084472656,90.2300033569336,2.13,2.8510000705718994,0.7210000705718995,1.0438635460720862,0,0.0,0.0,0.0,0.0,0.0,
09/02/2018,2619.550048828125,2638.669921875,2532.68994140625,2601.780029296875,5690110000,29.059999465942383,90.44000244140625,2.05,2.8289999961853027,0.7789999961853029,1.0577026028275245,0,0.0,0.0,0.0,0.0,0.0,
12/02/2018,2656.0,2672.610107421875,2622.449951171875,2636.75,4069220000,25.610000610351562,90.20999908447266,2.09,2.8570001125335693,0.7670001125335695,0.7930094220562018,0,0.0,0.0,0.0,0.0,0.0,
13/02/2018,2662.93994140625,2668.840087890625,2637.080078125,2646.27001953125,3503540000,24.969999313354492,89.69999694824219,2.1,2.8399999141693115,0.7399999141693114,0.7536760514236323,0,0.0,0.0,0.0,0.0,0.0,
14/02/2018,2698.6298828125,2702.10009765625,2648.8701171875,2651.2099609375,4011940000,19.260000228881836,89.12000274658203,2.17,2.9130001068115234,0.7430001068115235,0.8872577531166169,0,0.0,0.0,0.0,0.0,0.0,
15/02/2018,2731.199951171875,2731.510009765625,2689.820068359375,2713.4599609375,3696140000,19.1299991607666,88.58999633789062,2.19,2.8910000324249268,0.7010000324249268,0.8812523991521605,0,0.0,0.0,0.0,0.0,0.0,
16/02/2018,2732.219970703125,2754.419921875,2725.110107421875,2727.139892578125,3646920000,19.459999084472656,89.0999984741211,2.21,2.877000093460083,0.667000093460083,0.9633786565341064,0,0.0,0.0,0.0,0.0,0.0,
20/02/2018,2716.260009765625,2737.60009765625,2706.760009765625,2722.989990234375,3646920000,20.600000381469727,89.72000122070312,2.25,2.8929998874664307,0.6429998874664307,0.985363238741431,0,0.0,0.0,0.0,0.0,0.0,
21/02/2018,2701.330078125,2747.75,2701.2900390625,2720.530029296875,3789040000,20.020000457763672,90.08000183105469,2.26,2.943000078201294,0.6830000782012942,1.0082082022419292,0,0.0,0.0,0.0,0.0,0.0,
22/02/2018,2703.9599609375,2731.260009765625,2697.77001953125,2710.419921875,3720620000,18.719999313354492,89.75,2.25,2.9170000553131104,0.6670000553131104,1.0055925412602624,0,0.0,0.0,0.0,0.0,0.0,
23/02/2018,2747.300048828125,2747.760009765625,2713.739990234375,2715.800048828125,3200360000,16.489999771118164,89.87999725341797,2.25,2.871000051498413,0.6210000514984131,0.8887982910331451,0,0.0,0.0,0.0,0.0,0.0,
26/02/2018,2779.60009765625,2780.639892578125,2753.780029296875,2757.3701171875,3436590000,15.800000190734863,89.81999969482422,2.22,2.8589999675750732,0.638999967575073,0.965685279986602,0,0.0,0.0,0.0,0.0,0.0,
27/02/2018,2744.280029296875,2789.14990234375,2744.219970703125,2780.449951171875,3752070000,18.59000015258789,90.36000061035156,2.27,2.9079999923706055,0.6379999923706055,1.0481415389291278,0,0.0,0.0,0.0,0.0,0.0,
28/02/2018,2713.830078125,2761.52001953125,2713.5400390625,2753.780029296875,4244570000,19.850000381469727,90.61000061035156,2.25,2.868000030517578,0.6180000305175781,1.1562932972871074,0,0.0,0.0,0.0,0.0,0.0,
01/03/2018,2677.669921875,2730.889892578125,2659.64990234375,2715.219970703125,4514490000,22.469999313354492,90.31999969482422,2.22,2.803999900817871,0.5839999008178709,1.1788362070766365,0,0.0,0.0,0.0,0.0,0.0,
02/03/2018,2691.25,2696.25,2647.320068359375,2658.889892578125,3891250000,19.59000015258789,89.94000244140625,2.25,2.8570001125335693,0.6070001125335693,0.9807086759040414,0,0.0,0.0,0.0,0.0,0.0,
05/03/2018,2720.93994140625,2728.090087890625,2675.75,2681.06005859375,3733640000,18.729999542236328,90.08000183105469,2.24,2.88100004196167,0.6410000419616697,0.9271047605236784,0,0.0,0.0,0.0,0.0,0.0,
06/03/2018,2728.1201171875,2732.080078125,2711.260009765625,2730.179931640625,3389030000,18.360000610351562,89.62000274658203,2.25,2.877000093460083,0.627000093460083,0.8569851383048989,0,0.0,0.0,0.0,0.0,0.0,
07/03/2018,2726.800048828125,2730.60009765625,2701.739990234375,2710.179931640625,3406690000,17.760000228881836,89.63999938964844,2.25,2.882999897003174,0.6329998970031738,0.8995701105354607,0,0.0,0.0,0.0,0.0,0.0,
08/03/2018,2738.969970703125,2740.449951171875,2722.64990234375,2732.75,3206040000,16.540000915527344,90.12000274658203,2.25,2.865999937057495,0.6159999370574951,0.90942975551225,0,0.0,0.0,0.0,0.0,0.0,
09/03/2018,2786.570068359375,2786.570068359375,2751.5400390625,2752.909912109375,3376870000,14.640000343322754,90.08999633789062,2.27,2.8940000534057617,0.6240000534057617,0.9866809020661782,0,0.0,0.0,0.0,0.0,0.0,
12/03/2018,2783.02001953125,2796.97998046875,2779.260009765625,2790.5400390625,3216960000,15.779999732971191,89.9000015258789,2.27,2.869999885559082,0.599999885559082,0.9692213413322456,0,0.0,0.0,0.0,0.0,0.0,
13/03/2018,2765.31005859375,2801.89990234375,2758.679931640625,2792.31005859375,3324290000,16.350000381469727,89.66000366210938,2.26,2.8480000495910645,0.5880000495910647,1.0054806619139367,0,0.0,0.0,0.0,0.0,0.0,
14/03/2018,2749.47998046875,2777.110107421875,2744.3798828125,2774.06005859375,3394630000,17.229999542236328,89.69999694824219,2.26,2.816999912261963,0.5569999122619631,1.0275056466000234,0,0.0,0.0,0.0,0.0,0.0,
15/03/2018,2747.330078125,2763.030029296875,2741.469970703125,2754.27001953125,3543710000,16.59000015258789,90.13999938964844,2.29,2.8259999752044678,0.5359999752044677,1.0511430039284642,0,0.0,0.0,0.0,0.0,0.0,
16/03/2018,2752.010009765625,2761.85009765625,2749.969970703125,2750.570068359375,5429140000,15.800000190734863,90.2300033569336,2.31,2.8480000495910645,0.5380000495910644,1.435617304811058,0,0.0,0.0,0.0,0.0,0.0,
19/03/2018,2712.919921875,2741.3798828125,2694.590087890625,2741.3798828125,3327460000,19.020000457763672,89.9000015258789,2.31,2.8450000286102295,0.5350000286102294,0.8747620171794547,0,0.0,0.0,0.0,0.0,0.0,
20/03/2018,2716.93994140625,2724.219970703125,2710.050048828125,2715.050048828125,3272590000,18.200000762939453,90.37000274658203,2.34,2.878999948501587,0.5389999485015871,0.8626821731664587,0,0.0,0.0,0.0,0.0,0.0,
21/03/2018,2711.929931640625,2739.139892578125,2709.7900390625,2714.989990234375,3434780000,17.860000610351562,89.77999877929688,2.31,2.9070000648498535,0.5970000648498535,0.9035242596676712,0,0.0,0.0,0.0,0.0,0.0,
22/03/2018,2643.68994140625,2695.679931640625,2641.590087890625,2691.360107421875,3765460000,23.34000015258789,89.86000061035156,2.29,2.8320000171661377,0.5420000171661377,0.979087783673255,0,0.0,0.0,0.0,0.0,0.0,
23/03/2018,2588.260009765625,2657.669921875,2585.889892578125,2646.7099609375,3829380000,24.8700008392334,89.44000244140625,2.28,2.8299999237060547,0.5499999237060549,1.0860611684733747,0,0.0,0.0,0.0,0.0,0.0,
26/03/2018,2658.550048828125,2661.360107421875,2601.81005859375,2619.35009765625,3538080000,21.030000686645508,89.02999877929688,2.33,2.8429999351501465,0.5129999351501464,0.9915982307462492,0,0.0,0.0,0.0,0.0,0.0,
27/03/2018,2612.6201171875,2674.780029296875,2596.1201171875,2667.570068359375,3761320000,22.5,89.37000274658203,2.26,2.7860000133514404,0.5260000133514406,1.0260559484358684,0,0.0,0.0,0.0,0.0,0.0,
28/03/2018,2605.0,2632.64990234375,2593.06005859375,2611.300048828125,3875720000,22.8700008392334,90.05999755859375,2.28,2.7750000953674316,0.49500009536743184,1.0324262811428473,0,0.0,0.0,0.0,0.0,0.0,
29/03/2018,2640.8701171875,2659.070068359375,2609.719970703125,2614.409912109375,3572360000,19.969999313354492,90.1500015258789,2.27,2.740999937057495,0.4709999370574951,0.9615080266525128,0,0.0,0.0,0.0,0.0,0.0,
02/04/2018,2581.8798828125,2638.300048828125,2553.800048828125,2633.449951171875,3635780000,23.6200008392334,90.05000305175781,2.25,2.7320001125335693,0.48200011253356934,0.9888833645392602,0,0.0,0.0,0.0,0.0,0.0,
03/04/2018,2614.449951171875,2619.139892578125,2575.489990234375,2592.169921875,3395840000,21.100000381469727,90.19999694824219,2.28,2.7839999198913574,0.5039999198913576,0.9308251402607968,0,0.0,0.0,0.0,0.0,0.0,
04/04/2018,2644.68994140625,2649.860107421875,2573.610107421875,2584.0400390625,3369230000,20.059999465942383,90.13999938964844,2.28,2.7880001068115234,0.5080001068115236,0.9438184809957796,0,0.0,0.0,0.0,0.0,0.0,
05/04/2018,2662.840087890625,2672.080078125,2649.580078125,2657.360107421875,3230430000,18.940000534057617,90.45999908447266,2.3,2.8320000171661377,0.5320000171661379,0.9388797952061309,0,0.0,0.0,0.0,0.0,0.0,
06/04/2018,2604.469970703125,2656.8798828125,2586.27001953125,2645.820068359375,3312390000,21.489999771118164,90.11000061035156,2.27,2.7750000953674316,0.5050000953674316,0.9774712326196154,0,0.0,0.0,0.0,0.0,0.0,
09/04/2018,2613.159912109375,2653.550048828125,2610.7900390625,2617.179931640625,3076140000,21.770000457763672,89.83999633789062,2.29,2.7860000133514404,0.4960000133514404,0.9387617088103476,0,0.0,0.0,0.0,0.0,0.0,
10/04/2018,2656.8701171875,2665.449951171875,2635.780029296875,2638.409912109375,3579130000,20.469999313354492,89.58999633789062,2.32,2.796999931335449,0.4769999313354494,1.0801777233734846,0,0.0,0.0,0.0,0.0,0.0,
11/04/2018,2642.18994140625,2661.429931640625,2639.25,2643.889892578125,3054520000,20.239999771118164,89.56999969482422,2.32,2.7899999618530273,0.4699999618530275,0.939701377194186,0,0.0,0.0,0.0,0.0,0.0,
12/04/2018,2663.989990234375,2674.719970703125,2653.830078125,2653.830078125,3045330000,18.489999771118164,89.75,2.34,2.8340001106262207,0.49400011062622085,0.9476670622890542,0,0.0,0.0,0.0,0.0,0.0,
13/04/2018,2656.300048828125,2680.260009765625,2645.050048828125,2676.89990234375,2988540000,17.40999984741211,89.80000305175781,2.37,2.8289999961853027,0.45899999618530263,0.9491249175858728,0,0.0,0.0,0.0,0.0,0.0,
16/04/2018,2677.840087890625,2686.489990234375,2665.159912109375,2670.10009765625,3020740000,16.559999465942383,89.43000030517578,2.39,2.8320000171661377,0.44200001716613757,0.9627390163090108,0,0.0,0.0,0.0,0.0,0.0,
17/04/2018,2706.389892578125,2713.340087890625,2692.050048828125,2692.739990234375,3286190000,15.25,89.5199966430664,2.41,2.813999891281128,0.4039998912811278,1.0672691441295148,0,0.0,0.0,0.0,0.0,0.0,
18/04/2018,2708.639892578125,2717.489990234375,2703.6298828125,2710.110107421875,3412030000,15.600000381469727,89.62000274658203,2.42,2.867000102996826,0.44700010299682624,1.0829895326744463,0,0.0,0.0,0.0,0.0,0.0,
19/04/2018,2693.1298828125,2702.840087890625,2681.89990234375,2701.159912109375,3375120000,15.960000038146973,89.94000244140625,2.44,2.9140000343322754,0.47400003433227544,1.049306642823122,0,0.0,0.0,0.0,0.0,0.0,
20/04/2018,2670.139892578125,2693.93994140625,2660.610107421875,2692.56005859375,3428260000,16.8799991607666,90.31999969482422,2.46,2.9509999752044678,0.4909999752044678,1.0374620059870454,0,0.0,0.0,0.0,0.0,0.0,
23/04/2018,2670.2900390625,2682.860107421875,2657.989990234375,2675.39990234375,3030390000,16.34000015258789,90.94000244140625,2.49,2.9730000495910645,0.48300004959106424,0.9165230562079943,0,0.0,0.0,0.0,0.0,0.0,
24/04/2018,2634.56005859375,2683.550048828125,2617.320068359375,2680.800048828125,3716020000,18.020000457763672,90.7699966430664,2.48,2.9830000400543213,0.5030000400543213,1.0954072145559852,0,0.0,0.0,0.0,0.0,0.0,
25/04/2018,2639.39990234375,2645.300048828125,2612.669921875,2634.919921875,3563680000,17.84000015258789,91.16999816894531,2.49,3.0239999294281006,0.5339999294281004,1.0411915292456762,0,0.0,0.0,0.0,0.0,0.0,
26/04/2018,2666.93994140625,2676.47998046875,2647.159912109375,2651.64990234375,3690920000,16.239999771118164,91.55999755859375,2.49,2.990000009536743,0.500000009536743,1.0588280518920183,0,0.0,0.0,0.0,0.0,0.0,
27/04/2018,2669.909912109375,2677.35009765625,2659.010009765625,2675.469970703125,3234510000,15.40999984741211,91.54000091552734,2.49,2.9570000171661377,0.4670000171661375,0.938326780973246,0,0.0,0.0,0.0,0.0,0.0,
30/04/2018,2648.050048828125,2682.8701171875,2648.0400390625,2682.510009765625,3749510000,15.930000305175781,91.83999633789062,2.49,2.936000108718872,0.44600010871887186,1.044161843400926,0,0.0,0.0,0.0,0.0,0.0,
01/05/2018,2654.800048828125,2655.27001953125,2625.409912109375,2642.9599609375,3562820000,15.489999771118164,92.44999694824219,2.5,2.9760000705718994,0.4760000705718994,1.000711178421521,0,0.0,0.0,0.0,0.0,0.0,
02/05/2018,2635.669921875,2660.8701171875,2631.699951171875,2654.239990234375,4047020000,15.970000267028809,92.51000213623047,2.49,2.9639999866485596,0.47399998664855936,1.106663574842027,0,0.0,0.0,0.0,0.0,0.0,
03/05/2018,2629.72998046875,2637.139892578125,2594.6201171875,2628.080078125,3867530000,15.899999618530273,92.41000366210938,2.49,2.946000099182129,0.4560000991821287,1.0474644650267395,0,0.0,0.0,0.0,0.0,0.0,
04/05/2018,2663.419921875,2670.929931640625,2615.320068359375,2621.449951171875,3335260000,14.770000457763672,92.56999969482422,2.51,2.944000005722046,0.4340000057220461,0.8984039555783977,0,0.0,0.0,0.0,0.0,0.0,
07/05/2018,2672.6298828125,2683.35009765625,2664.699951171875,2680.340087890625,3266810000,14.75,92.75,2.49,2.950000047683716,0.4600000476837156,0.9034599522994076,0,0.0,0.0,0.0,0.0,0.0,
08/05/2018,2671.919921875,2676.340087890625,2655.199951171875,2670.260009765625,3745100000,14.710000038146973,93.12000274658203,2.51,2.9690001010894775,0.45900010108947775,1.02539629344881,0,0.0,0.0,0.0,0.0,0.0,
09/05/2018,2697.7900390625,2701.27001953125,2674.139892578125,2678.1201171875,3913650000,13.420000076293945,93.04000091552734,2.54,3.003999948501587,0.4639999485015869,1.0794280781207335,0,0.0,0.0,0.0,0.0,0.0,
10/05/2018,2723.070068359375,2726.110107421875,2704.5400390625,2705.02001953125,3380640000,13.229999542236328,92.6500015258789,2.54,2.9709999561309814,0.4309999561309814,0.9581519896879284,0,0.0,0.0,0.0,0.0,0.0,
11/05/2018,2727.719970703125,2732.860107421875,2717.449951171875,2722.699951171875,2874850000,12.649999618530273,92.54000091552734,2.54,2.9709999561309814,0.4309999561309814,0.8366339659101161,0,0.0,0.0,0.0,0.0,0.0,
14/05/2018,2730.1298828125,2742.10009765625,2725.469970703125,2738.469970703125,2994360000,12.930000305175781,92.58999633789062,2.55,2.994999885559082,0.4449998855590822,0.8854547390085519,0,0.0,0.0,0.0,0.0,0.0,
15/05/2018,2711.449951171875,2718.590087890625,2701.909912109375,2718.590087890625,3291190000,14.630000114440918,93.22000122070312,2.58,3.0799999237060547,0.4999999237060546,1.0000765739129696,0,0.0,0.0,0.0,0.0,0.0,
16/05/2018,2722.4599609375,2727.760009765625,2712.169921875,2712.6201171875,3248480000,13.420000076293945,93.38999938964844,2.58,3.0950000286102295,0.5150000286102294,1.0286823158652068,0,0.0,0.0,0.0,0.0,0.0,
17/05/2018,2720.1298828125,2731.9599609375,2711.360107421875,2719.7099609375,3478150000,13.430000305175781,93.47000122070312,2.57,3.1089999675750732,0.5389999675750734,1.0946507937606966,0,0.0,0.0,0.0,0.0,0.0,
18/05/2018,2712.969970703125,2719.5,2709.179931640625,2717.35009765625,3383270000,13.420000076293945,93.63999938964844,2.55,3.066999912261963,0.5169999122619631,1.0317710096398696,0,0.0,0.0,0.0,0.0,0.0,
21/05/2018,2733.010009765625,2739.18994140625,2725.699951171875,2735.389892578125,3053480000,13.079999923706055,93.68000030517578,2.58,3.065000057220459,0.4850000572204589,0.9278516545859296,0,0.0,0.0,0.0,0.0,0.0,
22/05/2018,2724.43994140625,2742.239990234375,2721.8798828125,2738.340087890625,3384140000,13.220000267028809,93.61000061035156,2.59,3.065000057220459,0.4750000572204591,1.0225520198797162,0,0.0,0.0,0.0,0.0,0.0,
23/05/2018,2733.2900390625,2733.330078125,2709.5400390625,2713.97998046875,3333160000,12.579999923706055,94.01000213623047,2.53,3.003000020980835,0.47300002098083516,1.0020201777275406,0,0.0,0.0,0.0,0.0,0.0,
24/05/2018,2727.760009765625,2731.969970703125,2707.3798828125,2730.93994140625,3285750000,12.529999732971191,93.77999877929688,2.5,2.9809999465942383,0.4809999465942383,0.9993278507037798,0,0.0,0.0,0.0,0.0,0.0,
25/05/2018,2721.330078125,2727.360107421875,2714.989990234375,2723.60009765625,3015260000,13.220000267028809,94.19000244140625,2.48,2.930999994277954,0.4509999942779541,0.9380597929664336,0,0.0,0.0,0.0,0.0,0.0,
29/05/2018,2689.860107421875,2710.669921875,2676.81005859375,2705.110107421875,3743310000,17.020000457763672,94.83000183105469,2.32,2.7679998874664307,0.4479998874664308,1.116631327998129,0,0.0,0.0,0.0,0.0,0.0,
30/05/2018,2724.010009765625,2729.340087890625,2702.429931640625,2702.429931640625,3566490000,14.9399995803833,94.1500015258789,2.42,2.8420000076293945,0.4220000076293946,1.0524363534637986,0,0.0,0.0,0.0,0.0,0.0,
31/05/2018,2705.27001953125,2722.5,2700.679931640625,2720.97998046875,4241100000,15.430000305175781,93.98999786376953,2.4,2.822000026702881,0.42200002670288095,1.187856089348423,0,0.0,0.0,0.0,0.0,0.0,
01/06/2018,2734.6201171875,2736.929931640625,2718.699951171875,2718.699951171875,3694310000,13.460000038146973,94.19000244140625,2.47,2.8949999809265137,0.4249999809265135,1.0115593957877316,0,0.0,0.0,0.0,0.0,0.0,
04/06/2018,2746.8701171875,2749.159912109375,2740.5400390625,2741.669921875,3410090000,12.739999771118164,94.0199966430664,2.52,2.937000036239624,0.417000036239624,0.9139735088687934,0,0.0,0.0,0.0,0.0,0.0,
05/06/2018,2748.800048828125,2752.610107421875,2739.510009765625,2748.4599609375,3523550000,12.399999618530273,93.88999938964844,2.49,2.9189999103546143,0.42899991035461404,0.955640572502894,0,0.0,0.0,0.0,0.0,0.0,
06/06/2018,2772.35009765625,2772.389892578125,2748.4599609375,2753.25,3662780000,11.640000343322754,93.66000366210938,2.52,2.9749999046325684,0.45499990463256834,0.988240233155603,0,0.0,0.0,0.0,0.0,0.0,
07/06/2018,2770.3701171875,2779.89990234375,2760.159912109375,2774.840087890625,3742080000,12.130000114440918,93.4000015258789,2.5,2.933000087738037,0.4330000877380371,1.037575397289718,0,0.0,0.0,0.0,0.0,0.0,
08/06/2018,2779.030029296875,2779.389892578125,2763.590087890625,2765.840087890625,3138850000,12.180000305175781,93.55000305175781,2.5,2.937000036239624,0.437000036239624,0.8979765239009346,0,0.0,0.0,0.0,0.0,0.0,
11/06/2018,2782.0,2790.2099609375,2780.169921875,2780.179931640625,3262130000,12.350000381469727,93.58000183105469,2.52,2.9570000171661377,0.4370000171661377,0.9412131644564524,0,0.0,0.0,0.0,0.0,0.0,
12/06/2018,2786.85009765625,2789.800048828125,2778.780029296875,2785.60009765625,3435700000,12.34000015258789,93.80000305175781,2.54,2.9570000171661377,0.41700001716613766,0.9963437140765848,0,0.0,0.0,0.0,0.0,0.0,
13/06/2018,2775.6298828125,2791.469970703125,2774.64990234375,2787.93994140625,3820770000,12.9399995803833,93.70999908447266,2.59,2.9769999980926514,0.3869999980926515,1.0979520711191624,0,0.0,0.0,0.0,0.0,0.0,
14/06/2018,2782.489990234375,2789.06005859375,2776.52001953125,2783.2099609375,3540930000,12.119999885559082,94.7699966430664,2.59,2.946000099182129,0.35600009918212905,1.029437074887286,0,0.0,0.0,0.0,0.0,0.0,
15/06/2018,2779.659912109375,2782.81005859375,2761.72998046875,2777.780029296875,5451990000,11.979999542236328,94.79000091552734,2.55,2.9240000247955322,0.3740000247955324,1.3971207778789143,0,0.0,0.0,0.0,0.0,0.0,
18/06/2018,2773.75,2774.989990234375,2757.1201171875,2765.7900390625,3316120000,12.3100004196167,94.75,2.56,2.9260001182556152,0.3660001182556152,0.8474402149496741,0,0.0,0.0,0.0,0.0,0.0,
19/06/2018,2762.590087890625,2765.050048828125,2743.18994140625,2752.010009765625,3671160000,13.350000381469727,95.08999633789062,2.54,2.8929998874664307,0.35299988746643063,0.9270151916800036,0,0.0,0.0,0.0,0.0,0.0,
20/06/2018,2767.320068359375,2774.860107421875,2763.909912109375,2769.72998046875,3332140000,12.789999961853027,95.05999755859375,2.56,2.927999973297119,0.3679999732971191,0.8626971149016639,0,0.0,0.0,0.0,0.0,0.0,
21/06/2018,2749.760009765625,2769.280029296875,2744.389892578125,2769.280029296875,3336580000,14.640000343322754,94.87000274658203,2.56,2.8970000743865967,0.3370000743865966,0.8730850288282546,0,0.0,0.0,0.0,0.0,0.0,
22/06/2018,2754.8798828125,2764.169921875,2752.679931640625,2760.7900390625,5468110000,13.770000457763672,94.5199966430664,2.56,2.9000000953674316,0.3400000953674316,1.429637771378642,0,0.0,0.0,0.0,0.0,0.0,
25/06/2018,2717.070068359375,2742.93994140625,2698.669921875,2742.93994140625,3663280000,17.329999923706055,94.27999877929688,2.54,2.875,0.33499999999999996,0.9406885118433468,0,0.0,0.0,0.0,0.0,0.0,
26/06/2018,2723.06005859375,2732.909912109375,2715.60009765625,2722.1201171875,3568900000,15.920000076293945,94.68000030517578,2.53,2.880000114440918,0.35000011444091816,0.9212912792135478,0,0.0,0.0,0.0,0.0,0.0,
27/06/2018,2699.6298828125,2746.090087890625,2699.3798828125,2728.449951171875,3803990000,17.90999984741211,95.29000091552734,2.52,2.8269999027252197,0.3069999027252197,0.958625281363812,0,0.0,0.0,0.0,0.0,0.0,
28/06/2018,2716.31005859375,2724.340087890625,2691.989990234375,2698.68994140625,3461100000,16.850000381469727,95.38999938964844,2.52,2.8469998836517334,0.3269998836517334,0.866775388196969,0,0.0,0.0,0.0,0.0,0.0,
29/06/2018,2718.3701171875,2743.260009765625,2718.030029296875,2727.1298828125,3586800000,16.09000015258789,94.62999725341797,2.52,2.8489999771118164,0.3289999771118164,0.9917015362139164,0,0.0,0.0,0.0,0.0,0.0,
02/07/2018,2726.7099609375,2727.260009765625,2698.949951171875,2704.949951171875,3095040000,15.600000381469727,94.87000274658203,2.57,2.865999937057495,0.2959999370574953,0.8834979558490805,0,0.0,0.0,0.0,0.0,0.0,
03/07/2018,2713.219970703125,2736.580078125,2711.159912109375,2733.27001953125,1911460000,16.139999389648438,94.58999633789062,2.53,2.8380000591278076,0.3080000591278078,0.6026652138079591,0,0.0,0.0,0.0,0.0,0.0,
05/07/2018,2736.610107421875,2737.830078125,2716.02001953125,2724.18994140625,2980160000,14.970000267028809,94.47000122070312,2.55,2.8399999141693115,0.2899999141693117,0.9911031649745652,0,0.0,0.0,0.0,0.0,0.0,
06/07/2018,2759.820068359375,2764.409912109375,2733.52001953125,2737.679931640625,2590250000,13.369999885559082,94.04000091552734,2.53,2.8310000896453857,0.30100008964538594,0.9143967223276952,0,0.0,0.0,0.0,0.0,0.0,
09/07/2018,2784.169921875,2784.64990234375,2770.72998046875,2775.6201171875,3070060000,12.6899995803833,94.08000183105469,2.57,2.859999895095825,0.28999989509582536,1.124813786503524,0,0.0,0.0,0.0,0.0,0.0,
10/07/2018,2793.840087890625,2795.580078125,2786.239990234375,2788.56005859375,3080140000,12.640000343322754,94.11000061035156,2.59,2.872999906539917,0.28299990653991713,1.129740384255656,0,0.0,0.0,0.0,0.0,0.0,
11/07/2018,2774.02001953125,2785.909912109375,2770.77001953125,2779.820068359375,2986180000,13.630000114440918,94.72000122070312,2.58,2.8420000076293945,0.26200000762939446,1.0152385394773435,0,0.0,0.0,0.0,0.0,0.0,
12/07/2018,2798.2900390625,2799.219970703125,2781.530029296875,2783.139892578125,2834230000,12.579999923706055,94.80999755859375,2.6,2.8529999256134033,0.25299992561340323,0.973235784150112,0,0.0,0.0,0.0,0.0,0.0,
13/07/2018,2801.31005859375,2804.530029296875,2791.68994140625,2796.929931640625,2619790000,12.180000305175781,94.75,2.59,2.8310000896453857,0.24100008964538588,0.897778676389955,0,0.0,0.0,0.0,0.0,0.0,
16/07/2018,2798.429931640625,2801.18994140625,2793.389892578125,2797.360107421875,2819860000,12.829999923706055,94.51000213623047,2.59,2.8580000400543213,0.26800004005432143,0.9832010711147684,0,0.0,0.0,0.0,0.0,0.0,
17/07/2018,2809.550048828125,2814.18994140625,2789.239990234375,2789.340087890625,3064920000,12.0600004196167,94.97000122070312,2.62,2.864000082015991,0.2440000820159911,1.0697815982989156,0,0.0,0.0,0.0,0.0,0.0,
18/07/2018,2815.6201171875,2816.760009765625,2805.889892578125,2811.35009765625,3111560000,12.100000381469727,95.08000183105469,2.6,2.875,0.2749999999999999,1.0766375370579002,0,0.0,0.0,0.0,0.0,0.0,
19/07/2018,2804.489990234375,2812.050048828125,2799.77001953125,2809.3701171875,3278360000,12.869999885559082,95.16999816894531,2.6,2.8469998836517334,0.2469998836517333,1.100527779064607,0,0.0,0.0,0.0,0.0,0.0,
20/07/2018,2801.830078125,2809.699951171875,2800.010009765625,2804.550048828125,3243250000,12.859999656677246,94.45999908447266,2.6,2.8949999809265137,0.2949999809265136,1.0449995005783626,0,0.0,0.0,0.0,0.0,0.0,
23/07/2018,2806.97998046875,2808.610107421875,2795.139892578125,2799.169921875,2928490000,12.619999885559082,94.66999816894531,2.64,2.9649999141693115,0.3249999141693114,0.9370220483304728,0,0.0,0.0,0.0,0.0,0.0,
24/07/2018,2820.39990234375,2829.989990234375,2811.1201171875,2820.679931640625,3430410000,12.40999984741211,94.61000061035156,2.63,2.9489998817443848,0.31899988174438487,1.0725347000106928,0,0.0,0.0,0.0,0.0,0.0,
25/07/2018,2846.070068359375,2848.030029296875,2817.72998046875,2817.72998046875,3584400000,12.289999961853027,94.36000061035156,2.66,2.936000108718872,0.27600010871887193,1.0884966878045492,0,0.0,0.0,0.0,0.0,0.0,
26/07/2018,2837.43994140625,2845.570068359375,2835.260009765625,2835.489990234375,3667290000,12.140000343322754,94.75,2.69,2.9749999046325684,0.2849999046325684,1.0879686765745966,0,0.0,0.0,0.0,0.0,0.0,
27/07/2018,2818.820068359375,2843.169921875,2808.340087890625,2842.35009765625,3434370000,13.029999732971191,94.68000030517578,2.67,2.9600000381469727,0.2900000381469727,1.0074444293210427,0,0.0,0.0,0.0,0.0,0.0,
30/07/2018,2802.60009765625,2821.739990234375,2798.110107421875,2819.0,3261190000,14.260000228881836,94.36000061035156,2.66,2.9749999046325684,0.3149999046325682,0.9383282904602808,0,0.0,0.0,0.0,0.0,0.0,
31/07/2018,2816.2900390625,2824.4599609375,2808.06005859375,2809.72998046875,3906890000,12.829999923706055,94.48999786376953,2.67,2.9639999866485596,0.29399998664855964,1.0941131860733702,0,0.0,0.0,0.0,0.0,0.0,
01/08/2018,2813.360107421875,2825.830078125,2805.85009765625,2821.169921875,3501350000,13.149999618530273,94.62000274658203,2.67,3.003000020980835,0.33300002098083503,0.9851252793160128,0,0.0,0.0,0.0,0.0,0.0,
02/08/2018,2827.219970703125,2829.909912109375,2796.340087890625,2800.47998046875,3501380000,12.1899995803833,95.16999816894531,2.66,2.9860000610351562,0.3260000610351561,0.9944175521068233,0,0.0,0.0,0.0,0.0,0.0,
03/08/2018,2840.35009765625,2840.3798828125,2827.3701171875,2829.6201171875,3043690000,11.640000343322754,95.13999938964844,2.63,2.953000068664551,0.3230000686645509,0.8840483313485724,0,0.0,0.0,0.0,0.0,0.0,
06/08/2018,2850.39990234375,2853.2900390625,2835.97998046875,2840.2900390625,2879020000,11.270000457763672,95.36000061035156,2.64,2.937999963760376,0.29799996376037585,0.8552054290760697,0,0.0,0.0,0.0,0.0,0.0,
07/08/2018,2858.449951171875,2863.429931640625,2855.919921875,2855.919921875,3185440000,10.930000305175781,95.22000122070312,2.68,2.9730000495910645,0.2930000495910643,0.988599008868541,0,0.0,0.0,0.0,0.0,0.0,
08/08/2018,2857.699951171875,2862.43994140625,2853.090087890625,2856.7900390625,2978070000,10.850000381469727,95.0999984741211,2.68,2.9709999561309814,0.2909999561309813,0.9552689317149528,0,0.0,0.0,0.0,0.0,0.0,
09/08/2018,2853.580078125,2862.47998046875,2851.97998046875,2857.18994140625,3066180000,11.270000457763672,95.5,2.64,2.934999942779541,0.2949999427795409,1.0117803120297777,0,0.0,0.0,0.0,0.0,0.0,
10/08/2018,2833.280029296875,2842.199951171875,2825.81005859375,2838.89990234375,3265590000,13.15999984741211,96.36000061035156,2.61,2.8570001125335693,0.24700011253356946,1.0620288403374465,0,0.0,0.0,0.0,0.0,0.0,
13/08/2018,2821.929931640625,2843.39990234375,2819.8798828125,2835.4599609375,3173630000,14.779999732971191,96.38999938964844,2.61,2.877000093460083,0.26700009346008313,1.01271562603908,0,0.0,0.0,0.0,0.0,0.0,
14/08/2018,2839.9599609375,2843.110107421875,2826.580078125,2827.8798828125,2986500000,13.3100004196167,96.7300033569336,2.63,2.8949999809265137,0.2649999809265138,0.965257204765103,0,0.0,0.0,0.0,0.0,0.0,
15/08/2018,2818.3701171875,2827.949951171875,2802.489990234375,2827.949951171875,3656680000,14.640000343322754,96.69999694824219,2.61,2.8519999980926514,0.2419999980926515,1.1321986205598262,0,0.0,0.0,0.0,0.0,0.0,
16/08/2018,2840.68994140625,2850.489990234375,2831.43994140625,2831.43994140625,3232000000,13.449999809265137,96.6500015258789,2.63,2.871000051498413,0.2410000514984132,0.9905359682243908,0,0.0,0.0,0.0,0.0,0.0,
17/08/2018,2850.1298828125,2855.6298828125,2833.72998046875,2838.320068359375,3037640000,12.640000343322754,96.0999984741211,2.61,2.872999906539917,0.2629999065399171,0.9441610796664274,0,0.0,0.0,0.0,0.0,0.0,
20/08/2018,2857.050048828125,2859.760009765625,2850.6201171875,2853.929931640625,2757150000,12.489999771118164,95.9000015258789,2.6,2.822999954223633,0.22299995422363272,0.8797559918749047,0,0.0,0.0,0.0,0.0,0.0,
21/08/2018,2862.9599609375,2873.22998046875,2861.320068359375,2861.510009765625,3174010000,12.859999656677246,95.26000213623047,2.61,2.8440001010894775,0.23400010108947766,1.0007926858492018,0,0.0,0.0,0.0,0.0,0.0,
22/08/2018,2861.820068359375,2867.5400390625,2856.050048828125,2860.989990234375,2701250000,12.25,95.1500015258789,2.6,2.822999954223633,0.22299995422363272,0.9063350344415702,0,0.0,0.0,0.0,0.0,0.0,
23/08/2018,2856.97998046875,2868.780029296875,2854.030029296875,2860.2900390625,2724450000,12.40999984741211,95.62000274658203,2.61,2.821000099182129,0.21100009918212903,0.946351036854354,0,0.0,0.0,0.0,0.0,0.0,
24/08/2018,2874.68994140625,2876.159912109375,2862.35009765625,2862.35009765625,2603010000,11.989999771118164,95.1500015258789,2.63,2.8259999752044678,0.19599997520446788,0.932318853972136,0,0.0,0.0,0.0,0.0,0.0,
27/08/2018,2896.739990234375,2898.25,2884.68994140625,2884.68994140625,2865070000,12.15999984741211,94.77999877929688,2.67,2.8480000495910645,0.17800004959106452,1.0183084905304955,0,0.0,0.0,0.0,0.0,0.0,
28/08/2018,2897.52001953125,2903.77001953125,2893.5,2901.449951171875,2687770000,12.5,94.72000122070312,2.67,2.884000062942505,0.21400006294250495,0.9894930990939916,0,0.0,0.0,0.0,0.0,0.0,
29/08/2018,2914.0400390625,2916.5,2898.39990234375,2900.6201171875,2805520000,12.25,94.5999984741211,2.67,2.884000062942505,0.21400006294250495,1.0249732935257077,0,0.0,0.0,0.0,0.0,0.0,
30/08/2018,2901.1298828125,2912.4599609375,2895.219970703125,2908.93994140625,2810450000,13.529999732971191,94.72000122070312,2.64,2.859999895095825,0.21999989509582507,1.020362595502991,0,0.0,0.0,0.0,0.0,0.0,
31/08/2018,2901.52001953125,2906.320068359375,2891.72998046875,2898.3701171875,2887220000,12.859999656677246,95.13999938964844,2.62,2.8529999256134033,0.2329999256134032,1.0270396406382172,0,0.0,0.0,0.0,0.0,0.0,
04/09/2018,2896.719970703125,2900.179931640625,2885.1298828125,2896.9599609375,3087420000,13.15999984741211,95.41999816894531,2.66,2.9019999504089355,0.2419999504089354,1.0811520634693852,0,0.0,0.0,0.0,0.0,0.0,
05/09/2018,2888.60009765625,2894.2099609375,2876.919921875,2891.590087890625,3248780000,13.90999984741211,95.12999725341797,2.66,2.9019999504089355,0.2419999504089354,1.094647421491045,0,0.0,0.0,0.0,0.0,0.0,
06/09/2018,2878.050048828125,2892.050048828125,2867.2900390625,2888.639892578125,3144240000,14.649999618530273,95.0199966430664,2.64,2.878999948501587,0.2389999485015868,1.0357811348053216,0,0.0,0.0,0.0,0.0,0.0,
07/09/2018,2871.679931640625,2883.81005859375,2864.1201171875,2868.260009765625,2976580000,14.880000114440918,95.37000274658203,2.71,2.941999912261963,0.23199991226196293,0.9699339947758898,0,0.0,0.0,0.0,0.0,0.0,
10/09/2018,2877.1298828125,2886.929931640625,2875.93994140625,2881.389892578125,2751100000,14.15999984741211,95.1500015258789,2.73,2.937000036239624,0.20700003623962404,0.9044839204319798,0,0.0,0.0,0.0,0.0,0.0,
11/09/2018,2887.889892578125,2892.52001953125,2866.780029296875,2871.570068359375,2904500000,13.220000267028809,95.05999755859375,2.76,2.9769999980926514,0.21699999809265158,0.966542874637276,0,0.0,0.0,0.0,0.0,0.0,
12/09/2018,2888.919921875,2894.64990234375,2879.199951171875,2888.2900390625,3341280000,13.140000343322754,94.80000305175781,2.74,2.9630000591278076,0.2230000591278074,1.105088737043333,0,0.0,0.0,0.0,0.0,0.0,
13/09/2018,2904.179931640625,2906.760009765625,2896.389892578125,2896.85009765625,3274090000,12.369999885559082,94.54000091552734,2.76,2.9630000591278076,0.20300005912780783,1.073644618315729,0,0.0,0.0,0.0,0.0,0.0,
14/09/2018,2904.97998046875,2908.300048828125,2895.77001953125,2906.3798828125,3179410000,12.069999694824219,94.9800033569336,2.78,2.99399995803833,0.21399995803833027,1.0289099685574077,0,0.0,0.0,0.0,0.0,0.0,
17/09/2018,2888.800048828125,2904.64990234375,2886.159912109375,2903.830078125,2967980000,13.680000305175781,94.51000213623047,2.78,3.000999927520752,0.22099992752075215,0.9471917872046548,0,0.0,0.0,0.0,0.0,0.0,
18/09/2018,2904.31005859375,2911.169921875,2890.429931640625,2890.739990234375,3091190000,12.789999961853027,94.62000274658203,2.81,3.0480000972747803,0.23800009727478022,0.9748958461455978,0,0.0,0.0,0.0,0.0,0.0,
19/09/2018,2907.949951171875,2912.360107421875,2903.820068359375,2906.60009765625,3302460000,11.75,94.55000305175781,2.81,3.0829999446868896,0.2729999446868896,1.044082470393857,0,0.0,0.0,0.0,0.0,0.0,
20/09/2018,2930.75,2934.800048828125,2919.72998046875,2919.72998046875,3406520000,11.800000190734863,93.91000366210938,2.81,3.078000068664551,0.26800006866455073,1.0680379945270624,0,0.0,0.0,0.0,0.0,0.0,
21/09/2018,2929.669921875,2940.909912109375,2927.110107421875,2936.760009765625,5652470000,11.680000305175781,94.22000122070312,2.81,3.068000078201294,0.2580000782012939,1.5342778907550343,0,0.0,0.0,0.0,0.0,0.0,
24/09/2018,2919.3701171875,2923.7900390625,2912.6298828125,2921.830078125,3392030000,12.199999809265137,94.26000213623047,2.83,3.078000068664551,0.2480000686645507,0.8999971875336633,0,0.0,0.0,0.0,0.0,0.0,
25/09/2018,2915.56005859375,2923.949951171875,2913.699951171875,2921.75,3330880000,12.420000076293945,94.12999725341797,2.83,3.1019999980926514,0.2719999980926513,0.8726727016258339,0,0.0,0.0,0.0,0.0,0.0,
26/09/2018,2905.969970703125,2931.14990234375,2903.280029296875,2916.97998046875,3417540000,12.890000343322754,94.19000244140625,2.83,3.061000108718872,0.231000108718872,0.890010333634731,0,0.0,0.0,0.0,0.0,0.0,
27/09/2018,2914.0,2927.219970703125,2909.27001953125,2911.64990234375,3101360000,12.40999984741211,95.0,2.83,3.055999994277954,0.22599999427795403,0.8207139938648099,0,0.0,0.0,0.0,0.0,0.0,
28/09/2018,2913.97998046875,2920.530029296875,2907.5,2910.030029296875,3461680000,12.119999885559082,95.19000244140625,2.81,3.055999994277954,0.24599999427795405,1.0362145874903987,0,0.0,0.0,0.0,0.0,0.0,
01/10/2018,2924.590087890625,2937.06005859375,2917.909912109375,2926.2900390625,3375890000,12.0,95.30000305175781,2.82,3.0799999237060547,0.25999992370605485,1.011511713962972,0,0.0,0.0,0.0,0.0,0.0,
02/10/2018,2923.429931640625,2931.419921875,2919.3701171875,2923.800048828125,3432620000,12.050000190734863,95.51000213623047,2.82,3.055999994277954,0.23599999427795426,1.0222769667683,0,0.0,0.0,0.0,0.0,0.0,
03/10/2018,2925.510009765625,2939.860107421875,2921.360107421875,2931.68994140625,3625510000,11.609999656677246,95.76000213623047,2.85,3.1610000133514404,0.31100001335144034,1.0665109142404627,0,0.0,0.0,0.0,0.0,0.0,
04/10/2018,2901.610107421875,2919.780029296875,2883.919921875,2919.35009765625,3510370000,14.220000267028809,95.75,2.87,3.197000026702881,0.32700002670288075,1.0083752392125276,0,0.0,0.0,0.0,0.0,0.0,
05/10/2018,2885.570068359375,2909.639892578125,2869.2900390625,2902.5400390625,3340820000,14.819999694824219,95.62000274658203,2.88,3.2249999046325684,0.34499990463256847,0.9663810853324896,0,0.0,0.0,0.0,0.0,0.0,
08/10/2018,2884.429931640625,2889.449951171875,2862.080078125,2877.530029296875,3381820000,15.6899995803833,95.7699966430664,2.88,3.2330000400543213,0.34499990463256847,0.9779054475297754,0,0.0,0.0,0.0,0.0,0.0,
09/10/2018,2880.340087890625,2894.830078125,2874.27001953125,2882.510009765625,3531690000,15.949999809265137,95.68000030517578,2.88,3.2079999446868896,0.32799994468688976,1.0154247706036903,0,0.0,0.0,0.0,0.0,0.0,
10/10/2018,2785.679931640625,2874.02001953125,2784.860107421875,2873.89990234375,4554260000,22.959999084472656,95.51000213623047,2.88,3.2249999046325684,0.34499990463256847,1.2430454567289846,0,0.0,0.0,0.0,0.0,0.0,
11/10/2018,2728.3701171875,2795.139892578125,2710.510009765625,2776.8701171875,4914090000,24.979999542236328,95.0199966430664,2.85,3.132999897003174,0.28299989700317374,1.2457967172818298,0,0.0,0.0,0.0,0.0,0.0,
12/10/2018,2767.1298828125,2775.77001953125,2729.43994140625,2770.5400390625,4024010000,21.309999465942383,95.22000122070312,2.85,3.1410000324249268,0.29100003242492667,0.98599324606106,0,0.0,0.0,0.0,0.0,0.0,
15/10/2018,2750.7900390625,2775.989990234375,2749.030029296875,2763.830078125,3327160000,21.299999237060547,95.06999969482422,2.85,3.1630001068115234,0.31300010681152335,0.8174354252155032,0,0.0,0.0,0.0,0.0,0.0,
16/10/2018,2809.919921875,2813.4599609375,2766.909912109375,2767.050048828125,3460260000,17.6200008392334,95.05000305175781,2.87,3.1559998989105225,0.28599989891052235,0.8531305566431194,0,0.0,0.0,0.0,0.0,0.0,
17/10/2018,2809.2099609375,2816.93994140625,2781.81005859375,2811.669921875,3347090000,17.399999618530273,95.58000183105469,2.89,3.178999900817871,0.28899990081787097,0.8774598757065761,0,0.0,0.0,0.0,0.0,0.0,
18/10/2018,2768.780029296875,2806.0400390625,2755.179931640625,2802.0,3639300000,20.059999465942383,95.9000015258789,2.87,3.174999952316284,0.3049999523162841,1.0224004962405508,0,0.0,0.0,0.0,0.0,0.0,
19/10/2018,2767.780029296875,2797.77001953125,2760.27001953125,2775.659912109375,3593940000,19.889999389648438,95.70999908447266,2.92,3.197999954223633,0.2779999542236329,1.0346590663730189,0,0.0,0.0,0.0,0.0,0.0,
22/10/2018,2755.8798828125,2778.93994140625,2749.219970703125,2773.93994140625,3331270000,19.639999389648438,96.01000213623047,2.92,3.196000099182129,0.276000099182129,0.9588121248962402,0,0.0,0.0,0.0,0.0,0.0,
23/10/2018,2740.68994140625,2753.590087890625,2691.429931640625,2721.030029296875,4373710000,20.709999084472656,95.95999908447266,2.89,3.1659998893737793,0.2759998893737792,1.1959627701143705,0,0.0,0.0,0.0,0.0,0.0,
24/10/2018,2656.10009765625,2742.590087890625,2651.889892578125,2737.8701171875,4738670000,25.229999542236328,96.43000030517578,2.84,3.124000072479248,0.2840000724792482,1.2041206715085564,0,0.0,0.0,0.0,0.0,0.0,
25/10/2018,2705.570068359375,2722.699951171875,2667.840087890625,2674.8798828125,4663930000,24.219999313354492,96.68000030517578,2.86,3.135999917984009,0.2759999179840089,1.1264704234278449,0,0.0,0.0,0.0,0.0,0.0,
26/10/2018,2658.68994140625,2692.3798828125,2628.159912109375,2667.860107421875,4804330000,24.15999984741211,96.36000061035156,2.81,3.0769999027252197,0.2669999027252197,1.096282797802656,0,0.0,0.0,0.0,0.0,0.0,
29/10/2018,2641.25,2706.85009765625,2603.5400390625,2682.64990234375,4701260000,24.700000762939453,96.58000183105469,2.81,3.0869998931884766,0.2769998931884765,1.0096383886194855,0,0.0,0.0,0.0,0.0,0.0,
30/10/2018,2682.6298828125,2685.429931640625,2635.340087890625,2640.679931640625,5125600000,23.350000381469727,97.01000213623047,2.84,3.109999895095825,0.26999989509582534,1.066332026700741,0,0.0,0.0,0.0,0.0,0.0,
31/10/2018,2711.739990234375,2736.68994140625,2705.60009765625,2705.60009765625,5133380000,21.229999542236328,97.12999725341797,2.87,3.1589999198913574,0.2889999198913573,1.050694885072763,0,0.0,0.0,0.0,0.0,0.0,
01/11/2018,2740.3701171875,2741.669921875,2708.85009765625,2717.580078125,4730250000,19.34000015258789,96.27999877929688,2.84,3.1440000534057617,0.30400005340576186,0.9655612901013356,0,0.0,0.0,0.0,0.0,0.0,
02/11/2018,2723.06005859375,2756.550048828125,2700.43994140625,2745.449951171875,4261230000,19.510000228881836,96.54000091552734,2.91,3.2139999866485596,0.30399998664855943,0.8895457194723385,0,0.0,0.0,0.0,0.0,0.0,
05/11/2018,2738.31005859375,2744.27001953125,2717.93994140625,2726.3701171875,3650910000,19.959999084472656,96.3499984741211,2.91,3.2009999752044678,0.29099997520446763,0.7970942349737156,0,0.0,0.0,0.0,0.0,0.0,
06/11/2018,2755.449951171875,2756.820068359375,2737.080078125,2738.39990234375,3543800000,19.90999984741211,96.31999969482422,2.93,3.2139999866485596,0.2839999866485594,0.8311143236003353,0,0.0,0.0,0.0,0.0,0.0,
07/11/2018,2813.889892578125,2815.14990234375,2774.1298828125,2774.1298828125,3929080000,16.360000610351562,96.0,2.96,3.2130000591278076,0.25300005912780765,0.9766411288538508,0,0.0,0.0,0.0,0.0,0.0,
08/11/2018,2806.830078125,2814.75,2794.989990234375,2806.3798828125,3673550000,16.719999313354492,96.63999938964844,2.98,3.2339999675750732,0.25399996757507326,0.9637527894275384,0,0.0,0.0,0.0,0.0,0.0,
09/11/2018,2781.010009765625,2794.10009765625,2764.239990234375,2794.10009765625,4029030000,17.360000610351562,96.91000366210938,2.94,3.188999891281128,0.24899989128112798,1.0700496165750488,0,0.0,0.0,0.0,0.0,0.0,
12/11/2018,2726.219970703125,2775.989990234375,2722.0,2773.929931640625,3701570000,20.450000762939453,97.54000091552734,2.94,3.186000108718872,0.24899989128112798,0.9804428980618244,0,0.0,0.0,0.0,0.0,0.0,
13/11/2018,2722.179931640625,2754.60009765625,2714.97998046875,2730.050048828125,4112820000,20.020000457763672,97.30000305175781,2.89,3.1449999809265137,0.25499998092651355,1.0574949668441662,0,0.0,0.0,0.0,0.0,0.0,
14/11/2018,2701.580078125,2746.800048828125,2685.75,2737.89990234375,4449060000,21.25,96.80000305175781,2.86,3.119999885559082,0.25999988555908216,1.1141573963376796,0,0.0,0.0,0.0,0.0,0.0,
15/11/2018,2730.199951171875,2735.3798828125,2670.75,2693.52001953125,4204960000,19.979999542236328,96.93000030517578,2.86,3.118000030517578,0.25800003051757825,1.0257280909225737,0,0.0,0.0,0.0,0.0,0.0,
16/11/2018,2736.27001953125,2746.75,2712.159912109375,2718.5400390625,3996970000,18.139999389648438,96.47000122070312,2.81,3.0739998817443848,0.2639998817443847,0.976519859391812,0,0.0,0.0,0.0,0.0,0.0,
19/11/2018,2690.72998046875,2733.159912109375,2681.090087890625,2730.739990234375,3806940000,20.100000381469727,96.19000244140625,2.79,3.056999921798706,0.266999921798706,0.9253284396533914,0,0.0,0.0,0.0,0.0,0.0,
20/11/2018,2641.889892578125,2669.43994140625,2631.52001953125,2654.60009765625,4370820000,22.479999542236328,96.80999755859375,2.79,3.0480000972747803,0.25800009727478024,1.0492276300786172,0,0.0,0.0,0.0,0.0,0.0,
21/11/2018,2649.929931640625,2670.72998046875,2649.820068359375,2657.739990234375,3237400000,20.799999237060547,96.70999908447266,2.81,3.061000108718872,0.251000108718872,0.8251478685166862,0,0.0,0.0,0.0,0.0,0.0,
23/11/2018,2632.56005859375,2647.550048828125,2631.090087890625,2633.360107421875,1651680000,21.520000457763672,96.91999816894531,2.81,3.053999900817871,0.24399990081787104,0.483971633533191,0,0.0,0.0,0.0,0.0,0.0,
26/11/2018,2673.449951171875,2674.35009765625,2649.969970703125,2649.969970703125,3523520000,18.899999618530273,97.06999969482422,2.84,3.072000026702881,0.232000026702881,1.0619178848439697,0,0.0,0.0,0.0,0.0,0.0,
27/11/2018,2682.169921875,2682.530029296875,2655.889892578125,2663.75,3494380000,19.020000457763672,97.37000274658203,2.83,3.055000066757202,0.22500006675720208,1.0733575790340215,0,0.0,0.0,0.0,0.0,0.0,
28/11/2018,2743.7900390625,2744.0,2684.3798828125,2691.449951171875,3984540000,18.489999771118164,96.79000091552734,2.81,3.0439999103546143,0.2339999103546142,1.2536686232657417,0,0.0,0.0,0.0,0.0,0.0,
29/11/2018,2737.800048828125,2753.75,2722.93994140625,2736.969970703125,3599200000,18.790000915527344,96.77999877929688,2.81,3.0350000858306885,0.22500008583068842,1.1072199402952752,0,0.0,0.0,0.0,0.0,0.0,
30/11/2018,2760.169921875,2760.8798828125,2732.760009765625,2737.760009765625,4668310000,18.06999969482422,97.2699966430664,2.8,3.013000011444092,0.21300001144409197,1.2112927122281063,0,0.0,0.0,0.0,0.0,0.0,
03/12/2018,2790.3701171875,2800.179931640625,2773.3798828125,2790.5,4221580000,16.440000534057617,97.04000091552734,2.83,2.992000102996826,0.1620001029968261,1.0570858087510977,0,0.0,0.0,0.0,0.0,0.0,
04/12/2018,2700.06005859375,2785.929931640625,2697.179931640625,2782.429931640625,4515710000,20.739999771118164,96.97000122070312,2.8,2.9240000247955322,0.1240000247955324,1.0757151010941746,0,0.0,0.0,0.0,0.0,0.0,
06/12/2018,2695.949951171875,2696.14990234375,2621.530029296875,2663.510009765625,5180430000,21.190000534057617,96.80999755859375,2.75,2.875999927520752,0.12599992752075195,1.1675402959536592,0,0.0,0.0,0.0,0.0,0.0,
07/12/2018,2633.080078125,2708.5400390625,2623.139892578125,2691.260009765625,4242240000,23.229999542236328,96.51000213623047,2.72,2.8499999046325684,0.12999990463256816,0.9291637079813756,0,0.0,0.0,0.0,0.0,0.0,
10/12/2018,2637.719970703125,2647.510009765625,2583.22998046875,2630.860107421875,4162880000,22.639999389648438,97.22000122070312,2.72,2.8559999465942383,0.13599994659423809,0.9324261608289984,0,0.0,0.0,0.0,0.0,0.0,
11/12/2018,2636.780029296875,2674.35009765625,2621.300048828125,2664.43994140625,3963440000,21.760000228881836,97.38999938964844,2.78,2.878999948501587,0.09899994850158711,0.8981404687124683,0,0.0,0.0,0.0,0.0,0.0,
12/12/2018,2651.070068359375,2685.43994140625,2650.260009765625,2658.22998046875,4029300000,21.459999084472656,97.04000091552734,2.77,2.9059998989105225,0.13599989891052244,0.9336467347505294,0,0.0,0.0,0.0,0.0,0.0,
13/12/2018,2650.5400390625,2670.18994140625,2637.27001953125,2658.699951171875,3978340000,20.649999618530273,97.05999755859375,2.75,2.9110000133514404,0.16100001335144043,0.9762222593025196,0,0.0,0.0,0.0,0.0,0.0,
14/12/2018,2599.949951171875,2635.070068359375,2593.840087890625,2629.679931640625,4064370000,21.6299991607666,97.44000244140625,2.73,2.8910000324249268,0.16100003242492678,1.0061153570616976,0,0.0,0.0,0.0,0.0,0.0,
17/12/2018,2545.93994140625,2601.1298828125,2530.5400390625,2590.75,4661420000,24.520000457763672,97.0999984741211,2.7,2.8570001125335693,0.15700011253356916,1.1261171375188614,0,0.0,0.0,0.0,0.0,0.0,
18/12/2018,2546.159912109375,2573.989990234375,2528.7099609375,2559.89990234375,4519190000,25.579999923706055,97.13999938964844,2.65,2.825000047683716,0.1750000476837159,1.0632077362696928,0,0.0,0.0,0.0,0.0,0.0,
19/12/2018,2506.9599609375,2585.2900390625,2488.9599609375,2547.050048828125,5152830000,25.579999923706055,97.04000091552734,2.63,2.7780001163482666,0.1480001163482667,1.151411212384615,0,0.0,0.0,0.0,0.0,0.0,
20/12/2018,2467.419921875,2509.6298828125,2441.179931640625,2496.77001953125,5619780000,28.3799991607666,96.27999877929688,2.67,2.7890000343322754,0.11900003433227546,1.1699300387757472,0,0.0,0.0,0.0,0.0,0.0,
21/12/2018,2416.6201171875,2504.409912109375,2408.550048828125,2465.3798828125,7657890000,30.110000610351562,96.95999908447266,2.63,2.7920000553131104,0.16200005531311046,1.3867406996676337,0,0.0,0.0,0.0,0.0,0.0,
24/12/2018,2351.10009765625,2410.340087890625,2351.10009765625,2400.56005859375,2613670000,36.06999969482422,96.55000305175781,2.55,2.749000072479248,0.19900007247924822,0.5112140970514049,0,0.0,0.0,0.0,0.0,0.0,
26/12/2018,2467.699951171875,2467.760009765625,2346.580078125,2363.1201171875,4249740000,30.40999984741211,97.05000305175781,2.61,2.796999931335449,0.18699993133544934,0.8400717801241485,0,0.0,0.0,0.0,0.0,0.0,
27/12/2018,2488.830078125,2489.10009765625,2397.93994140625,2442.5,4139010000,29.959999084472656,96.4800033569336,2.56,2.743000030517578,0.18300003051757807,0.8523465110714169,0,0.0,0.0,0.0,0.0,0.0,
28/12/2018,2485.739990234375,2520.27001953125,2472.889892578125,2498.77001953125,3728440000,28.34000015258789,96.38999938964844,2.52,2.7360000610351562,0.21600006103515623,0.8326592596728267,0,0.0,0.0,0.0,0.0,0.0,
31/12/2018,2506.85009765625,2509.239990234375,2482.820068359375,2498.93994140625,3461920000,25.420000076293945,96.16999816894531,2.48,2.686000108718872,0.2060001087188721,0.9514543681614356,0,0.0,0.0,0.0,0.0,0.0,
02/01/2019,2510.030029296875,2519.489990234375,2467.469970703125,2476.9599609375,3733160000,23.219999313354492,96.81999969482422,2.5,2.6610000133514404,0.16100001335144043,0.966525426581132,0,0.0,0.0,0.0,0.0,0.0,
03/01/2019,2447.889892578125,2493.139892578125,2443.9599609375,2491.919921875,3858830000,25.450000762939453,96.30999755859375,2.39,2.553999900817871,0.16399990081787097,1.01970207215549,0,0.0,0.0,0.0,0.0,0.0,
04/01/2019,2531.93994140625,2538.070068359375,2474.330078125,2474.330078125,4234140000,21.3799991607666,96.19000244140625,2.5,2.6589999198913574,0.15899991989135742,1.1132811575637775,0,0.0,0.0,0.0,0.0,0.0,
07/01/2019,2549.68994140625,2566.159912109375,2524.56005859375,2535.610107421875,4133120000,21.399999618530273,95.70999908447266,2.53,2.681999921798706,0.15199992179870625,1.064075954229328,0,0.0,0.0,0.0,0.0,0.0,
08/01/2019,2574.409912109375,2579.820068359375,2547.56005859375,2568.110107421875,4120060000,20.469999313354492,95.9000015258789,2.58,2.7160000801086426,0.1360000801086425,1.0259466087231086,0,0.0,0.0,0.0,0.0,0.0,
09/01/2019,2584.9599609375,2595.320068359375,2568.889892578125,2580.0,4088740000,19.979999542236328,95.22000122070312,2.56,2.7279999256134033,0.16799992561340327,1.000431125393873,0,0.0,0.0,0.0,0.0,0.0,
10/01/2019,2596.639892578125,2597.820068359375,2562.02001953125,2573.510009765625,3721300000,19.5,95.54000091552734,2.56,2.7309999465942383,0.17099994659423823,0.9166955702613542,0,0.0,0.0,0.0,0.0,0.0,
11/01/2019,2596.260009765625,2596.27001953125,2577.39990234375,2588.110107421875,3447460000,18.190000534057617,95.66999816894531,2.55,2.7009999752044678,0.15099997520446795,0.8834802272396451,0,0.0,0.0,0.0,0.0,0.0,
14/01/2019,2582.610107421875,2589.320068359375,2570.409912109375,2580.31005859375,3689370000,19.06999969482422,95.58999633789062,2.53,2.7100000381469727,0.18000003814697285,0.967478770835158,0,0.0,0.0,0.0,0.0,0.0,
15/01/2019,2610.300048828125,2613.080078125,2585.10009765625,2585.10009765625,3601180000,18.600000381469727,95.97000122070312,2.53,2.7109999656677246,0.1809999656677248,0.9707705122640924,0,0.0,0.0,0.0,0.0,0.0,
16/01/2019,2616.10009765625,2625.760009765625,2612.679931640625,2614.75,3882180000,19.040000915527344,96.05999755859375,2.55,2.7309999465942383,0.18099994659423846,1.0583055138922737,0,0.0,0.0,0.0,0.0,0.0,
17/01/2019,2635.9599609375,2645.06005859375,2606.360107421875,2609.280029296875,3802410000,18.059999465942383,96.06999969482422,2.56,2.749000072479248,0.189000072479248,1.0319960266194783,0,0.0,0.0,0.0,0.0,0.0,
18/01/2019,2670.7099609375,2675.469970703125,2647.580078125,2651.27001953125,4009010000,17.799999237060547,96.33999633789062,2.62,2.7839999198913574,0.16399991989135732,1.0558834606764065,0,0.0,0.0,0.0,0.0,0.0,
22/01/2019,2632.89990234375,2657.8798828125,2617.27001953125,2657.8798828125,3923950000,20.799999237060547,96.30000305175781,2.58,2.7300000190734863,0.15000001907348626,1.0208661030151316,0,0.0,0.0,0.0,0.0,0.0,
23/01/2019,2638.699951171875,2653.18994140625,2612.860107421875,2643.47998046875,3358770000,19.520000457763672,96.12000274658203,2.58,2.755000114440918,0.1750001144409179,0.8849898188900693,0,0.0,0.0,0.0,0.0,0.0,
24/01/2019,2642.330078125,2647.199951171875,2627.010009765625,2638.840087890625,3449230000,18.889999389648438,96.5999984741211,2.56,2.7119998931884766,0.1519998931884765,0.9300439995534792,0,0.0,0.0,0.0,0.0,0.0,
25/01/2019,2664.760009765625,2672.3798828125,2657.330078125,2657.43994140625,3821000000,17.420000076293945,95.79000091552734,2.6,2.753000020980835,0.15300002098083487,1.0292555312046787,0,0.0,0.0,0.0,0.0,0.0,
28/01/2019,2643.85009765625,2644.969970703125,2624.06005859375,2644.969970703125,3630820000,18.8700008392334,95.75,2.6,2.74399995803833,0.14399995803833,0.998368325160294,0,0.0,0.0,0.0,0.0,0.0,
29/01/2019,2640.0,2650.929931640625,2631.050048828125,2644.889892578125,3518070000,19.1299991607666,95.81999969482422,2.56,2.7119998931884766,0.1519998931884765,0.9894509415909312,0,0.0,0.0,0.0,0.0,0.0,
30/01/2019,2681.050048828125,2690.43994140625,2648.340087890625,2653.6201171875,3883270000,17.65999984741211,95.33999633789062,2.52,2.694999933242798,0.17499993324279783,1.060864182218825,0,0.0,0.0,0.0,0.0,0.0,
31/01/2019,2704.10009765625,2708.949951171875,2678.64990234375,2685.489990234375,4953800000,16.56999969482422,95.58000183105469,2.45,2.634999990463257,0.18499999046325666,1.2505200192255652,0,0.0,0.0,0.0,0.0,0.0,
01/02/2019,2706.530029296875,2716.659912109375,2696.8798828125,2702.320068359375,3782490000,16.139999389648438,95.58000183105469,2.52,2.690999984741211,0.17099998474121092,0.9566986789556086,0,0.0,0.0,0.0,0.0,0.0,
04/02/2019,2724.8701171875,2724.989990234375,2698.75,2706.489990234375,3369450000,15.729999542236328,95.8499984741211,2.53,2.7239999771118164,0.1939999771118166,0.8636479678147626,0,0.0,0.0,0.0,0.0,0.0,
05/02/2019,2737.699951171875,2738.97998046875,2724.030029296875,2728.340087890625,3597620000,15.569999694824219,96.0999984741211,2.53,2.7019999027252197,0.17199990272521992,0.9183866749920736,0,0.0,0.0,0.0,0.0,0.0,
06/02/2019,2731.610107421875,2738.080078125,2724.14990234375,2735.050048828125,3486590000,15.380000114440918,96.41999816894531,2.52,2.7019999027252197,0.1819999027252197,0.9084416582638308,0,0.0,0.0,0.0,0.0,0.0,
07/02/2019,2706.050048828125,2719.320068359375,2687.260009765625,2717.530029296875,4114040000,16.3700008392334,96.51000213623047,2.48,2.6519999504089355,0.17199995040893556,1.12098021873343,0,0.0,0.0,0.0,0.0,0.0,
08/02/2019,2707.8798828125,2708.070068359375,2681.830078125,2692.360107421875,3649510000,15.720000267028809,96.63999938964844,2.45,2.631999969482422,0.1819999694824217,1.0016654581025306,0,0.0,0.0,0.0,0.0,0.0,
11/02/2019,2709.800048828125,2718.050048828125,2703.7900390625,2712.39990234375,3395330000,15.970000267028809,97.05999755859375,2.48,2.6610000133514404,0.18100001335144045,0.9305797427957654,0,0.0,0.0,0.0,0.0,0.0,
12/02/2019,2744.72998046875,2748.18994140625,2722.610107421875,2722.610107421875,3843020000,15.430000305175781,96.70999908447266,2.5,2.684000015258789,0.18400001525878906,1.0393006676045475,0,0.0,0.0,0.0,0.0,0.0,
13/02/2019,2753.030029296875,2761.85009765625,2748.6298828125,2750.300048828125,3684910000,15.649999618530273,97.12999725341797,2.53,2.7079999446868896,0.17799994468688984,0.9859655018700356,0,0.0,0.0,0.0,0.0,0.0,
14/02/2019,2745.72998046875,2757.89990234375,2731.22998046875,2743.5,3845390000,16.219999313354492,96.9800033569336,2.5,2.6570000648498535,0.15700006484985352,1.0439126383960178,0,0.0,0.0,0.0,0.0,0.0,
15/02/2019,2775.60009765625,2775.659912109375,2760.239990234375,2760.239990234375,3648680000,14.90999984741211,96.91999816894531,2.52,2.6659998893737793,0.14599988937377928,0.9905561772526202,0,0.0,0.0,0.0,0.0,0.0,
19/02/2019,2779.760009765625,2787.330078125,2767.2900390625,2769.280029296875,3535270000,14.880000114440918,96.5199966430664,2.5,2.6470000743865967,0.14700007438659668,0.9525296554935074,0,0.0,0.0,0.0,0.0,0.0,
20/02/2019,2784.699951171875,2789.8798828125,2774.06005859375,2779.050048828125,3904830000,14.020000457763672,96.44999694824219,2.5,2.6540000438690186,0.15400004386901855,1.0486098131594042,0,0.0,0.0,0.0,0.0,0.0,
21/02/2019,2774.8798828125,2781.580078125,2764.550048828125,2780.239990234375,3598260000,14.460000038146973,96.61000061035156,2.53,2.687999963760376,0.15799996376037617,0.9708009149366812,0,0.0,0.0,0.0,0.0,0.0,
22/02/2019,2792.669921875,2794.199951171875,2779.110107421875,2780.669921875,3429350000,13.510000228881836,96.51000213623047,2.48,2.6549999713897705,0.17499997138977053,0.9464771955119092,0,0.0,0.0,0.0,0.0,0.0,
25/02/2019,2796.110107421875,2813.489990234375,2794.989990234375,2804.35009765625,3860260000,14.850000381469727,96.41000366210938,2.51,2.6730000972747803,0.1630000972747805,1.0531062632686543,0,0.0,0.0,0.0,0.0,0.0,
26/02/2019,2793.89990234375,2803.1201171875,2789.469970703125,2792.360107421875,3676200000,15.170000076293945,96.0,2.48,2.635999917984009,0.1559999179840088,0.9952406477916932,0,0.0,0.0,0.0,0.0,0.0,
27/02/2019,2792.3798828125,2795.760009765625,2775.1298828125,2787.5,3771790000,14.699999809265137,96.1500015258789,2.5,2.693000078201294,0.19300007820129395,1.0285282501066215,0,0.0,0.0,0.0,0.0,0.0,
28/02/2019,2784.489990234375,2793.72998046875,2782.510009765625,2788.110107421875,4445780000,14.779999732971191,96.16000366210938,2.52,2.7109999656677246,0.1909999656677246,1.1587582584508047,0,0.0,0.0,0.0,0.0,0.0,
01/03/2019,2803.68994140625,2808.02001953125,2787.3798828125,2798.219970703125,3994950000,13.569999694824219,96.52999877929688,2.55,2.755000114440918,0.20500011444091815,1.0114319828163276,0,0.0,0.0,0.0,0.0,0.0,
04/03/2019,2792.81005859375,2816.8798828125,2767.659912109375,2814.3701171875,3949730000,14.630000114440918,96.68000030517578,2.55,2.7219998836517334,0.17199988365173358,0.9954734366848216,0,0.0,0.0,0.0,0.0,0.0,
05/03/2019,2789.64990234375,2796.43994140625,2782.969970703125,2794.409912109375,3631380000,14.739999771118164,96.8499984741211,2.55,2.7219998836517334,0.17199988365173358,0.9173102659795096,0,0.0,0.0,0.0,0.0,0.0,
06/03/2019,2771.449951171875,2790.27001953125,2768.68994140625,2790.27001953125,3800180000,15.739999771118164,96.87000274658203,2.52,2.691999912261963,0.17199991226196287,0.9585753621477529,0,0.0,0.0,0.0,0.0,0.0,
07/03/2019,2748.929931640625,2767.25,2739.090087890625,2766.530029296875,3932150000,16.59000015258789,97.66999816894531,2.47,2.635999917984009,0.1659999179840086,1.018249061677333,0,0.0,0.0,0.0,0.0,0.0,
08/03/2019,2743.070068359375,2744.1298828125,2722.27001953125,2730.7900390625,3424300000,16.049999237060547,97.37000274658203,2.45,2.625,0.17499999999999982,0.9137441334974228,0,0.0,0.0,0.0,0.0,0.0,
11/03/2019,2783.300048828125,2784.0,2747.610107421875,2747.610107421875,3764850000,14.329999923706055,97.22000122070312,2.47,2.6429998874664307,0.17299988746643047,1.0146279333752315,0,0.0,0.0,0.0,0.0,0.0,
12/03/2019,2791.52001953125,2798.320068359375,2786.72998046875,2787.340087890625,3432340000,13.770000457763672,96.94000244140625,2.45,2.6050000190734863,0.15500001907348615,0.9350478537982828,0,0.0,0.0,0.0,0.0,0.0,
13/03/2019,2810.919921875,2821.239990234375,2799.780029296875,2799.780029296875,3782250000,13.40999984741211,96.55000305175781,2.45,2.6110000610351562,0.16100006103515607,1.031378896797483,0,0.0,0.0,0.0,0.0,0.0,
14/03/2019,2808.47998046875,2815.0,2803.4599609375,2810.3798828125,3505670000,13.5,96.79000091552734,2.46,2.630000114440918,0.170000114440918,0.9787229171703592,0,0.0,0.0,0.0,0.0,0.0,
15/03/2019,2822.47998046875,2830.72998046875,2810.7900390625,2810.7900390625,5969780000,12.880000114440918,96.5999984741211,2.43,2.5929999351501465,0.16299993515014632,1.4592549752161952,0,0.0,0.0,0.0,0.0,0.0,
18/03/2019,2832.93994140625,2835.409912109375,2821.989990234375,2822.610107421875,3620770000,13.100000381469727,96.5199966430664,2.45,2.6019999980926514,0.1519999980926512,0.8913406210781353,0,0.0,0.0,0.0,0.0,0.0,
19/03/2019,2832.570068359375,2852.419921875,2823.27001953125,2840.760009765625,3650740000,13.5600004196167,96.37999725341797,2.46,2.614000082015991,0.15400008201599125,0.8891574493124674,0,0.0,0.0,0.0,0.0,0.0,
20/03/2019,2824.22998046875,2843.5400390625,2812.429931640625,2831.340087890625,3779160000,13.90999984741211,95.76000213623047,2.4,2.5350000858306885,0.13500008583068857,0.9205733962385488,0,0.0,0.0,0.0,0.0,0.0,
21/03/2019,2854.8798828125,2860.31005859375,2817.3798828125,2819.719970703125,3612620000,13.630000114440918,96.5,2.41,2.5369999408721924,0.12699994087219224,0.8754441292546383,0,0.0,0.0,0.0,0.0,0.0,
22/03/2019,2800.7099609375,2846.159912109375,2800.469970703125,2844.52001953125,4253730000,16.479999542236328,96.6500015258789,2.31,2.4549999237060547,0.14499992370605463,1.1243129203225457,0,0.0,0.0,0.0,0.0,0.0,
25/03/2019,2798.360107421875,2809.7900390625,2785.02001953125,2796.010009765625,3406110000,16.329999923706055,96.56999969482422,2.26,2.4200000762939453,0.16000007629394553,0.9106096770674932,0,0.0,0.0,0.0,0.0,0.0,
26/03/2019,2818.4599609375,2829.8701171875,2803.989990234375,2812.659912109375,3288570000,14.680000305175781,96.73999786376953,2.24,2.4140000343322754,0.17400003433227518,0.896547418538194,0,0.0,0.0,0.0,0.0,0.0,
27/03/2019,2805.3701171875,2825.56005859375,2787.719970703125,2819.719970703125,3422400000,15.149999618530273,96.7699966430664,2.22,2.374000072479248,0.15400007247924785,0.9515426145067988,0,0.0,0.0,0.0,0.0,0.0,
28/03/2019,2815.43994140625,2819.7099609375,2798.77001953125,2809.39990234375,3185460000,14.430000305175781,97.19999694824219,2.23,2.3889999389648438,0.15899993896484377,0.9072143456440348,0,0.0,0.0,0.0,0.0,0.0,
29/03/2019,2834.39990234375,2836.030029296875,2819.22998046875,2828.27001953125,3752520000,13.710000038146973,97.27999877929688,2.27,2.4140000343322754,0.14400003433227537,1.1001192607941572,0,0.0,0.0,0.0,0.0,0.0,
01/04/2019,2867.18994140625,2869.39990234375,2848.6298828125,2848.6298828125,3560090000,13.399999618530273,97.25,2.33,2.496999979019165,0.16699997901916497,1.0343662400691729,0,0.0,0.0,0.0,0.0,0.0,
02/04/2019,2867.239990234375,2872.89990234375,2858.75,2868.239990234375,3267210000,13.359999656677246,97.36000061035156,2.3,2.4809999465942383,0.18099994659423846,0.950451137093546,0,0.0,0.0,0.0,0.0,0.0,
03/04/2019,2873.39990234375,2885.25,2865.169921875,2876.090087890625,3570000000,13.739999771118164,97.08999633789062,2.33,2.5169999599456787,0.18699995994567864,1.0296920499697726,0,0.0,0.0,0.0,0.0,0.0,
04/04/2019,2879.389892578125,2881.280029296875,2867.139892578125,2873.989990234375,3038740000,13.579999923706055,97.30999755859375,2.33,2.51200008392334,0.18200008392333977,0.8839425757596914,0,0.0,0.0,0.0,0.0,0.0,
05/04/2019,2892.739990234375,2893.239990234375,2882.989990234375,2884.159912109375,3155970000,12.819999694824219,97.4000015258789,2.35,2.500999927520752,0.15099992752075186,0.951051138469661,0,0.0,0.0,0.0,0.0,0.0,
08/04/2019,2895.77001953125,2895.949951171875,2880.780029296875,2888.4599609375,3056460000,13.180000305175781,97.05000305175781,2.36,2.5190000534057617,0.15900005340576184,0.9498967577841896,0,0.0,0.0,0.0,0.0,0.0,
09/04/2019,2878.199951171875,2886.8798828125,2873.330078125,2886.580078125,3032480000,14.279999732971191,97.01000213623047,2.35,2.499000072479248,0.14900007247924796,0.9563980534451058,0,0.0,0.0,0.0,0.0,0.0,
10/04/2019,2888.2099609375,2889.7099609375,2879.1298828125,2881.3701171875,3092230000,13.300000190734863,96.94999694824219,2.31,2.4769999980926514,0.16699999809265131,1.0055456988478058,0,0.0,0.0,0.0,0.0,0.0,
11/04/2019,2888.320068359375,2893.419921875,2881.989990234375,2891.919921875,2970650000,13.020000457763672,97.18000030517578,2.35,2.503999948501587,0.15399994850158683,0.9703066216612588,0,0.0,0.0,0.0,0.0,0.0,
12/04/2019,2907.409912109375,2910.5400390625,2898.3701171875,2900.860107421875,3726050000,12.010000228881836,96.97000122070312,2.4,2.559999942779541,0.1599999427795411,1.173346928775711,0,0.0,0.0,0.0,0.0,0.0,
15/04/2019,2905.580078125,2909.60009765625,2896.47998046875,2908.320068359375,3114530000,12.319999694824219,96.94000244140625,2.4,2.552999973297119,0.15299997329711923,0.9772031019193096,0,0.0,0.0,0.0,0.0,0.0,
16/04/2019,2907.06005859375,2916.06005859375,2900.7099609375,2912.260009765625,3403120000,12.180000305175781,97.04000091552734,2.41,2.5920000076293945,0.1820000076293944,1.0434806072150016,0,0.0,0.0,0.0,0.0,0.0,
17/04/2019,2900.449951171875,2918.0,2895.449951171875,2916.0400390625,3648100000,12.600000381469727,97.01000213623047,2.4,2.5920000076293945,0.19200000762939462,1.0817229999199405,0,0.0,0.0,0.0,0.0,0.0,
18/04/2019,2905.030029296875,2908.39990234375,2891.89990234375,2904.81005859375,3507100000,12.09000015258789,97.47000122070312,2.38,2.559999942779541,0.17999994277954112,1.0078510710447213,0,0.0,0.0,0.0,0.0,0.0,
22/04/2019,2907.969970703125,2909.510009765625,2896.35009765625,2898.780029296875,3010130000,12.420000076293945,97.27999877929688,2.38,2.5899999141693115,0.20999991416931163,0.9021559697368216,0,0.0,0.0,0.0,0.0,0.0,
23/04/2019,2933.679931640625,2936.31005859375,2908.530029296875,2909.989990234375,3674480000,12.279999732971191,97.56999969482422,2.36,2.569999933242798,0.20999993324279798,1.0655033686270257,0,0.0,0.0,0.0,0.0,0.0,
24/04/2019,2927.25,2936.830078125,2926.050048828125,2934.0,3468480000,13.140000343322754,98.0999984741211,2.32,2.5220000743865967,0.20200007438659684,1.001970731944057,0,0.0,0.0,0.0,0.0,0.0,
25/04/2019,2926.169921875,2933.10009765625,2912.840087890625,2928.989990234375,3440010000,13.25,98.19999694824219,2.33,2.5339999198913574,0.20399991989135735,1.0058391129928306,0,0.0,0.0,0.0,0.0,0.0,
26/04/2019,2939.8798828125,2939.8798828125,2917.56005859375,2925.81005859375,3264390000,12.729999542236328,98.01000213623047,2.28,2.505000114440918,0.22500011444091816,0.968231332185278,0,0.0,0.0,0.0,0.0,0.0,
29/04/2019,2943.030029296875,2949.52001953125,2939.35009765625,2940.580078125,3150390000,13.109999656677246,97.86000061035156,2.3,2.5360000133514404,0.2360000133514406,0.9267079466399964,0,0.0,0.0,0.0,0.0,0.0,
30/04/2019,2945.830078125,2948.219970703125,2924.110107421875,2937.139892578125,3939760000,13.119999885559082,97.4800033569336,2.27,2.509000062942505,0.23900006294250487,1.141097478252659,0,0.0,0.0,0.0,0.0,0.0,
01/05/2019,2923.72998046875,2954.1298828125,2923.360107421875,2952.330078125,3669330000,14.800000190734863,97.69000244140625,2.31,2.510999917984009,0.20099991798400874,1.050548331756746,0,0.0,0.0,0.0,0.0,0.0,
02/05/2019,2917.52001953125,2931.679931640625,2900.5,2922.159912109375,3802290000,14.420000076293945,97.83000183105469,2.35,2.552000045776367,0.2020000457763671,1.066491605595372,0,0.0,0.0,0.0,0.0,0.0,
03/05/2019,2945.639892578125,2947.85009765625,2929.2099609375,2929.2099609375,3357180000,12.869999885559082,97.5199966430664,2.33,2.5309998989105225,0.2009998989105224,0.9367680583962787,0,0.0,0.0,0.0,0.0,0.0,
06/05/2019,2932.469970703125,2937.320068359375,2898.2099609375,2908.889892578125,3203260000,15.4399995803833,97.5199966430664,2.31,2.5,0.18999999999999995,0.8911896513541756,0,0.0,0.0,0.0,0.0,0.0,
07/05/2019,2884.050048828125,2913.030029296875,2862.60009765625,2913.030029296875,3793060000,19.31999969482422,97.62999725341797,2.28,2.447999954223633,0.167999954223633,1.063964786772824,0,0.0,0.0,0.0,0.0,0.0,
08/05/2019,2879.419921875,2897.9599609375,2873.280029296875,2879.610107421875,3543110000,19.399999618530273,97.62000274658203,2.3,2.4820001125335693,0.1820001125335695,1.0009407364299476,0,0.0,0.0,0.0,0.0,0.0,
09/05/2019,2870.719970703125,2875.969970703125,2836.39990234375,2859.840087890625,3659050000,19.100000381469727,97.37000274658203,2.26,2.4570000171661377,0.1970000171661379,1.0421282936671137,0,0.0,0.0,0.0,0.0,0.0,
10/05/2019,2881.39990234375,2891.31005859375,2825.389892578125,2863.10009765625,3566780000,16.040000915527344,97.33000183105469,2.26,2.4549999237060547,0.1949999237060549,1.0038637205422267,0,0.0,0.0,0.0,0.0,0.0,
13/05/2019,2811.8701171875,2840.18994140625,2801.429931640625,2840.18994140625,3900270000,20.549999237060547,97.31999969482422,2.18,2.4049999713897705,0.22499997138977035,1.056281269854682,0,0.0,0.0,0.0,0.0,0.0,
14/05/2019,2834.409912109375,2852.5400390625,2820.1201171875,2820.1201171875,3354860000,18.059999465942383,97.52999877929688,2.2,2.4189999103546143,0.21899991035461408,0.930661054911571,0,0.0,0.0,0.0,0.0,0.0,
15/05/2019,2850.9599609375,2858.679931640625,2815.080078125,2820.3798828125,3140900000,16.440000534057617,97.56999969482422,2.16,2.378999948501587,0.21899994850158677,0.8911942326178962,0,0.0,0.0,0.0,0.0,0.0,
16/05/2019,2876.320068359375,2892.14990234375,2855.800048828125,2855.800048828125,3338470000,15.289999961853027,97.83999633789062,2.2,2.4049999713897705,0.20499997138977033,0.964804338176135,0,0.0,0.0,0.0,0.0,0.0,
17/05/2019,2859.530029296875,2885.47998046875,2854.22998046875,2858.60009765625,3316040000,15.960000038146973,98.0,2.2,2.3929998874664307,0.1929998874664305,0.9724149499077448,0,0.0,0.0,0.0,0.0,0.0,
20/05/2019,2840.22998046875,2853.860107421875,2831.2900390625,2841.93994140625,3293750000,16.309999465942383,97.93000030517578,2.21,2.4159998893737793,0.20599988937377933,1.001503890167976,0,0.0,0.0,0.0,0.0,0.0,
21/05/2019,2864.360107421875,2868.8798828125,2854.02001953125,2854.02001953125,3223050000,14.949999809265137,98.05999755859375,2.26,2.4260001182556152,0.16600011825561545,0.987925609098951,0,0.0,0.0,0.0,0.0,0.0,
22/05/2019,2856.27001953125,2865.469970703125,2851.110107421875,2856.06005859375,3194000000,14.75,98.11000061035156,2.23,2.3929998874664307,0.16299988746643068,0.9758446372234928,0,0.0,0.0,0.0,0.0,0.0,
23/05/2019,2822.239990234375,2836.699951171875,2805.489990234375,2836.699951171875,3899320000,16.920000076293945,97.8499984741211,2.12,2.2960000038146973,0.17600000381469716,1.151861969873852,0,0.0,0.0,0.0,0.0,0.0,
24/05/2019,2826.06005859375,2841.360107421875,2820.18994140625,2832.409912109375,2889230000,15.850000381469727,97.61000061035156,2.16,2.3239998817443848,0.16399988174438462,0.8755587341319506,0,0.0,0.0,0.0,0.0,0.0,
28/05/2019,2802.389892578125,2840.510009765625,2801.580078125,2830.030029296875,4146980000,17.5,97.95999908447266,2.12,2.2679998874664307,0.14799988746643056,1.1949174128573388,0,0.0,0.0,0.0,0.0,0.0,
29/05/2019,2783.02001953125,2792.030029296875,2766.06005859375,2790.25,3701110000,17.899999618530273,98.13999938964844,2.09,2.2360000610351562,0.1460000610351564,1.0378511371437031,0,0.0,0.0,0.0,0.0,0.0,
30/05/2019,2788.860107421875,2799.0,2776.739990234375,2786.93994140625,3276030000,17.299999237060547,98.13999938964844,2.06,2.2269999980926514,0.16699999809265131,0.9144449152471408,0,0.0,0.0,0.0,0.0,0.0,
31/05/2019,2752.06005859375,2768.97998046875,2750.52001953125,2766.14990234375,3982670000,18.709999084472656,97.75,1.95,2.1419999599456787,0.19199995994567876,1.1065418909292166,0,0.0,0.0,0.0,0.0,0.0,
03/06/2019,2744.449951171875,2763.070068359375,2728.81005859375,2751.530029296875,3952360000,18.860000610351562,97.13999938964844,1.82,2.0810000896453857,0.2610000896453857,1.0368668067568596,0,0.0,0.0,0.0,0.0,0.0,
04/06/2019,2803.27001953125,2804.489990234375,2762.639892578125,2762.639892578125,3814130000,16.969999313354492,97.06999969482422,1.88,2.11899995803833,0.23899995803833018,1.0183885764940217,0,0.0,0.0,0.0,0.0,0.0,
05/06/2019,2826.14990234375,2827.280029296875,2800.919921875,2818.090087890625,3570760000,16.09000015258789,97.37000274658203,1.83,2.122999906539917,0.2929999065399169,0.9600907724531416,0,0.0,0.0,0.0,0.0,0.0,
06/06/2019,2843.489990234375,2852.10009765625,2822.449951171875,2828.510009765625,3445140000,15.930000305175781,97.02999877929688,1.88,2.124000072479248,0.24400007247924815,0.9179666891552704,0,0.0,0.0,0.0,0.0,0.0,
07/06/2019,2873.340087890625,2884.969970703125,2852.8701171875,2852.8701171875,3244380000,16.299999237060547,96.61000061035156,1.85,2.0840001106262207,0.23400011062622061,0.899878347590833,0,0.0,0.0,0.0,0.0,0.0,
10/06/2019,2886.72998046875,2904.77001953125,2885.510009765625,2885.830078125,3209890000,15.9399995803833,96.76000213623047,1.9,2.1429998874664307,0.24299988746643075,0.9285565513211412,0,0.0,0.0,0.0,0.0,0.0,
11/06/2019,2885.719970703125,2910.610107421875,2878.530029296875,2903.27001953125,3551000000,15.989999771118164,96.69000244140625,1.93,2.140000104904175,0.21000010490417487,1.0431127824938005,0,0.0,0.0,0.0,0.0,0.0,
12/06/2019,2879.840087890625,2888.570068359375,2874.679931640625,2882.72998046875,3039870000,15.90999984741211,97.0,1.88,2.127000093460083,0.24700009346008311,0.921715701613314,0,0.0,0.0,0.0,0.0,0.0,
13/06/2019,2891.639892578125,2895.239990234375,2881.989990234375,2886.239990234375,3100640000,15.819999694824219,97.01000213623047,1.83,2.0910000801086426,0.2610000801086425,0.9602013653103164,0,0.0,0.0,0.0,0.0,0.0,
14/06/2019,2886.97998046875,2894.449951171875,2879.6201171875,2886.820068359375,2992810000,15.279999732971191,97.56999969482422,1.84,2.0929999351501465,0.2529999351501464,0.9414780602496128,0,0.0,0.0,0.0,0.0,0.0,
17/06/2019,2889.669921875,2897.27001953125,2887.300048828125,2889.75,2828400000,15.350000381469727,97.55999755859375,1.86,2.0859999656677246,0.2259999656677245,0.9116389646689942,0,0.0,0.0,0.0,0.0,0.0,
18/06/2019,2917.75,2930.7900390625,2905.43994140625,2906.7099609375,3441540000,15.149999618530273,97.63999938964844,1.86,2.059999942779541,0.19999994277954092,1.1171466299991042,0,0.0,0.0,0.0,0.0,0.0,
19/06/2019,2926.4599609375,2931.739990234375,2911.429931640625,2920.550048828125,3300220000,14.329999923706055,97.12000274658203,1.74,2.0290000438690186,0.28900004386901856,1.0534672403105032,0,0.0,0.0,0.0,0.0,0.0,
20/06/2019,2954.179931640625,2958.06005859375,2931.5,2949.60009765625,3943060000,14.75,96.62999725341797,1.72,2.000999927520752,0.280999927520752,1.1944301567366593,0,0.0,0.0,0.0,0.0,0.0,
21/06/2019,2950.4599609375,2964.14990234375,2946.8701171875,2952.7099609375,5003540000,15.399999618530273,96.22000122070312,1.77,2.068000078201294,0.2980000782012939,1.351084098946036,0,0.0,0.0,0.0,0.0,0.0,
24/06/2019,2945.35009765625,2954.919921875,2944.050048828125,2951.419921875,3136960000,15.260000228881836,95.9800033569336,1.72,2.0209999084472656,0.30099990844726565,0.8331757441573371,0,0.0,0.0,0.0,0.0,0.0,
25/06/2019,2917.3798828125,2946.52001953125,2916.010009765625,2945.780029296875,3579430000,16.280000686645508,96.16000366210938,1.71,1.99399995803833,0.2839999580383301,0.943782724549272,0,0.0,0.0,0.0,0.0,0.0,
26/06/2019,2913.780029296875,2932.590087890625,2912.989990234375,2926.070068359375,3511350000,16.209999084472656,96.20999908447266,1.77,2.0490000247955322,0.2790000247955322,0.9156377742336894,0,0.0,0.0,0.0,0.0,0.0,
27/06/2019,2924.919921875,2929.300048828125,2918.570068359375,2919.659912109375,3162500000,15.819999694824219,96.19000244140625,1.74,2.005000114440918,0.265000114440918,0.859665604351036,0,0.0,0.0,0.0,0.0,0.0,
28/06/2019,2941.760009765625,2943.97998046875,2929.050048828125,2932.93994140625,5422650000,15.079999923706055,96.12999725341797,1.75,2.0,0.25,1.4412060029054548,0,0.0,0.0,0.0,0.0,0.0,
01/07/2019,2964.330078125,2977.929931640625,2952.219970703125,2971.409912109375,3524860000,14.0600004196167,96.83999633789062,1.78,2.0339999198913574,0.2539999198913574,0.9178945241315593,0,0.0,0.0,0.0,0.0,0.0,
02/07/2019,2973.010009765625,2973.2099609375,2955.919921875,2964.659912109375,3224490000,12.930000305175781,96.7300033569336,1.77,1.9759999513626099,0.20599995136260985,0.8554907313811794,0,0.0,0.0,0.0,0.0,0.0,
03/07/2019,2995.820068359375,2995.840087890625,2977.9599609375,2978.080078125,1963570000,12.569999694824219,96.7699966430664,1.77,1.9529999494552612,0.1829999494552612,0.5675690987491668,0,0.0,0.0,0.0,0.0,0.0,
05/07/2019,2990.409912109375,2994.030029296875,2967.969970703125,2984.25,2434680000,13.279999732971191,97.25,1.87,2.0480000972747803,0.17800009727478017,0.7346539732351655,0,0.0,0.0,0.0,0.0,0.0,
08/07/2019,2975.949951171875,2980.760009765625,2970.090087890625,2979.77001953125,2922360000,13.960000038146973,97.37999725341797,1.88,2.0339999198913574,0.15399991989135753,1.038510415097129,0,0.0,0.0,0.0,0.0,0.0,
09/07/2019,2979.6298828125,2981.89990234375,2963.43994140625,2965.52001953125,3033330000,14.09000015258789,97.48999786376953,1.92,2.053999900817871,0.13399990081787116,1.116966394494798,0,0.0,0.0,0.0,0.0,0.0,
10/07/2019,2993.070068359375,3002.97998046875,2984.6201171875,2989.300048828125,3157800000,13.029999732971191,97.0999984741211,1.82,2.061000108718872,0.241000108718872,1.168539359105489,0,0.0,0.0,0.0,0.0,0.0,
11/07/2019,2999.909912109375,3002.330078125,2988.800048828125,2999.6201171875,3155710000,12.930000305175781,97.05000305175781,1.85,2.119999885559082,0.26999988555908194,1.073087511595579,0,0.0,0.0,0.0,0.0,0.0,
12/07/2019,3013.77001953125,3013.919921875,3001.8701171875,3003.360107421875,2984140000,12.390000343322754,96.80999755859375,1.84,2.1059999465942383,0.2659999465942382,0.9781923172236376,0,0.0,0.0,0.0,0.0,0.0,
15/07/2019,3014.300048828125,3017.800048828125,3008.77001953125,3017.800048828125,2876100000,12.680000305175781,96.93000030517578,1.83,2.0920000076293945,0.26200000762939446,0.9456450548034204,0,0.0,0.0,0.0,0.0,0.0,
16/07/2019,3004.0400390625,3015.02001953125,3001.14990234375,3012.1298828125,3297030000,12.859999656677246,97.4000015258789,1.87,2.121999979019165,0.25199997901916493,1.0655668298560257,0,0.0,0.0,0.0,0.0,0.0,
17/07/2019,2984.419921875,3005.260009765625,2984.25,3005.10009765625,3185650000,13.970000267028809,97.22000122070312,1.83,2.061000108718872,0.231000108718872,1.027719869433621,0,0.0,0.0,0.0,0.0,0.0,
18/07/2019,2995.110107421875,2998.280029296875,2973.090087890625,2978.8701171875,3369820000,13.529999732971191,96.79000091552734,1.77,2.0380001068115234,0.2680001068115234,1.0723209319316682,0,0.0,0.0,0.0,0.0,0.0,
19/07/2019,2976.610107421875,3006.02001953125,2975.860107421875,3004.260009765625,3285890000,14.449999809265137,97.1500015258789,1.8,2.0480000972747803,0.24800009727478023,1.0259115338671416,0,0.0,0.0,0.0,0.0,0.0,
22/07/2019,2985.030029296875,2990.7099609375,2976.64990234375,2981.929931640625,3016200000,13.529999732971191,97.26000213623047,1.8,2.0429999828338623,0.24299998283386226,0.9335427268658628,0,0.0,0.0,0.0,0.0,0.0,
23/07/2019,3005.469970703125,3005.89990234375,2988.56005859375,2994.739990234375,3333810000,12.609999656677246,97.70999908447266,1.83,2.0739998817443848,0.2439998817443847,1.0295021360144323,0,0.0,0.0,0.0,0.0,0.0,
24/07/2019,3019.56005859375,3019.590087890625,2996.820068359375,2998.77001953125,3433220000,12.069999694824219,97.7300033569336,1.83,2.049999952316284,0.2199999523162841,1.0442339956225888,0,0.0,0.0,0.0,0.0,0.0,
25/07/2019,3003.669921875,3016.31005859375,2997.239990234375,3016.260009765625,3657050000,12.739999771118164,97.81999969482422,1.86,2.0739998817443848,0.21399988174438467,1.0932120144659536,0,0.0,0.0,0.0,0.0,0.0,
26/07/2019,3025.860107421875,3027.97998046875,3012.590087890625,3013.25,3260170000,12.15999984741211,98.01000213623047,1.86,2.0810000896453857,0.22100008964538564,0.9760725010403912,0,0.0,0.0,0.0,0.0,0.0,
29/07/2019,3020.969970703125,3025.610107421875,3014.300048828125,3024.469970703125,3224490000,12.829999923706055,98.04000091552734,1.85,2.055000066757202,0.20500006675720206,0.9534980134533976,0,0.0,0.0,0.0,0.0,0.0,
30/07/2019,3013.179931640625,3017.18994140625,3000.93994140625,3007.659912109375,3632770000,13.9399995803833,98.05000305175781,1.85,2.061000108718872,0.21100010871887198,1.0555652411420469,0,0.0,0.0,0.0,0.0,0.0,
31/07/2019,2980.3798828125,3017.39990234375,2958.080078125,3016.219970703125,4626330000,16.1200008392334,98.5199966430664,1.89,2.0209999084472656,0.13099990844726572,1.2570995515958263,0,0.0,0.0,0.0,0.0,0.0,
01/08/2019,2953.56005859375,3013.590087890625,2945.22998046875,2980.320068359375,4793810000,17.8700008392334,98.38999938964844,1.73,1.8940000534057617,0.16400005340576174,1.2268183812009374,0,0.0,0.0,0.0,0.0,0.0,
02/08/2019,2932.050048828125,2945.5,2914.110107421875,2943.89990234375,3882810000,17.610000610351562,98.0999984741211,1.72,1.8550000190734863,0.13500001907348635,0.962988480774754,0,0.0,0.0,0.0,0.0,0.0,
05/08/2019,2844.739990234375,2898.070068359375,2822.1201171875,2898.070068359375,4542850000,24.59000015258789,97.5,1.59,1.7350000143051147,0.14500001430511467,1.0575308318943022,0,0.0,0.0,0.0,0.0,0.0,
06/08/2019,2881.77001953125,2884.39990234375,2847.419921875,2861.179931640625,4156640000,20.170000076293945,97.62999725341797,1.6,1.7389999628067017,0.13899996280670157,0.944586145900182,0,0.0,0.0,0.0,0.0,0.0,
07/08/2019,2883.97998046875,2892.169921875,2825.7099609375,2858.64990234375,4512720000,19.489999771118164,97.54000091552734,1.59,1.684000015258789,0.09400001525878898,1.0308271387735206,0,0.0,0.0,0.0,0.0,0.0,
08/08/2019,2938.090087890625,2938.719970703125,2894.469970703125,2896.2099609375,4118530000,16.90999984741211,97.62000274658203,1.62,1.715999960899353,0.09599996089935292,0.9707309714781356,0,0.0,0.0,0.0,0.0,0.0,
09/08/2019,2918.64990234375,2935.75,2900.14990234375,2930.510009765625,3356850000,17.969999313354492,97.48999786376953,1.63,1.7339999675750732,0.10399996757507335,0.8113197332313721,0,0.0,0.0,0.0,0.0,0.0,
12/08/2019,2882.699951171875,2907.580078125,2873.139892578125,2907.070068359375,3328570000,21.09000015258789,97.37999725341797,1.58,1.6390000581741333,0.05900005817413323,0.8546492609628256,0,0.0,0.0,0.0,0.0,0.0,
13/08/2019,2926.320068359375,2943.31005859375,2877.050048828125,2880.719970703125,3857190000,17.520000457763672,97.80999755859375,1.66,1.6799999475479126,0.019999947547912678,1.005845979891373,0,0.0,0.0,0.0,0.0,0.0,
14/08/2019,2840.60009765625,2894.14990234375,2839.639892578125,2894.14990234375,4325150000,22.100000381469727,97.98999786376953,1.58,1.5809999704360962,0.0009999704360961204,1.1390192607402498,0,0.0,0.0,0.0,0.0,0.0,
15/08/2019,2847.60009765625,2856.669921875,2825.510009765625,2846.199951171875,4041720000,21.18000030517578,98.13999938964844,1.48,1.5290000438690186,0.04900004386901857,1.0687020478617075,0,0.0,0.0,0.0,0.0,0.0,
16/08/2019,2888.679931640625,2893.6298828125,2864.739990234375,2864.739990234375,3524080000,18.469999313354492,98.13999938964844,1.48,1.5390000343322754,0.05900003433227541,0.9236603166898276,0,0.0,0.0,0.0,0.0,0.0,
19/08/2019,2923.64990234375,2931.0,2913.47998046875,2913.47998046875,3221050000,16.8799991607666,98.3499984741211,1.53,1.5980000495910645,0.06800004959106443,0.8490214922197521,0,0.0,0.0,0.0,0.0,0.0,
20/08/2019,2900.510009765625,2923.6298828125,2899.60009765625,2919.010009765625,3067710000,17.5,98.19000244140625,1.5,1.5609999895095825,0.06099998950958252,0.843718079111273,0,0.0,0.0,0.0,0.0,0.0,
21/08/2019,2924.429931640625,2928.72998046875,2917.909912109375,2922.0400390625,3016540000,15.800000190734863,98.30000305175781,1.56,1.5770000219345093,0.017000021934509224,0.8939962420944693,0,0.0,0.0,0.0,0.0,0.0,
22/08/2019,2922.949951171875,2939.080078125,2904.510009765625,2930.93994140625,2893660000,16.68000030517578,98.16999816894531,1.61,1.6100000143051147,1.4305114648394124e-08,0.9201973664126022,0,0.0,0.0,0.0,0.0,0.0,
23/08/2019,2847.110107421875,2927.010009765625,2834.969970703125,2911.070068359375,3942520000,19.8700008392334,97.63999938964844,1.51,1.527999997138977,0.017999997138977042,1.2212386968233395,0,0.0,0.0,0.0,0.0,0.0,
26/08/2019,2878.3798828125,2879.27001953125,2856.0,2866.699951171875,2859790000,19.31999969482422,98.08000183105469,1.54,1.5449999570846558,0.004999957084655726,0.9061312199703172,0,0.0,0.0,0.0,0.0,0.0,
27/08/2019,2869.159912109375,2898.7900390625,2860.590087890625,2893.139892578125,3537490000,20.309999465942383,98.0,1.53,1.4900000095367432,-0.03999999046325686,1.0884584615384616,0,0.0,0.0,0.0,0.0,0.0,
28/08/2019,2887.93994140625,2890.030029296875,2853.050048828125,2861.280029296875,3102480000,19.350000381469727,98.20999908447266,1.5,1.465999960899353,-0.03400003910064697,0.9495872291401658,0,0.0,0.0,0.0,0.0,0.0,
29/08/2019,2924.580078125,2930.5,2905.669921875,2910.3701171875,3177150000,17.8799991607666,98.51000213623047,1.53,1.5160000324249268,-0.013999967575073269,0.955854081638179,0,0.0,0.0,0.0,0.0,0.0,
30/08/2019,2926.4599609375,2940.429931640625,2913.320068359375,2937.090087890625,3009910000,18.979999542236328,98.91999816894531,1.5,1.50600004196167,0.006000041961669922,0.9593754502187186,0,0.0,0.0,0.0,0.0,0.0,
03/09/2019,2906.27001953125,2914.389892578125,2891.85009765625,2909.010009765625,3427830000,19.65999984741211,98.94999694824219,1.47,1.465999960899353,-0.004000039100646946,1.0544015758979162,0,0.0,0.0,0.0,0.0,0.0,
04/09/2019,2937.780029296875,2938.840087890625,2921.860107421875,2924.669921875,3167900000,17.329999923706055,98.44999694824219,1.43,1.4589999914169312,0.028999991416931215,0.9971187143813104,0,0.0,0.0,0.0,0.0,0.0,
05/09/2019,2976.0,2985.860107421875,2960.60009765625,2960.60009765625,3902600000,16.270000457763672,98.41000366210938,1.55,1.565000057220459,0.01500005722045894,1.1694662216466023,0,0.0,0.0,0.0,0.0,0.0,
06/09/2019,2978.7099609375,2985.030029296875,2972.510009765625,2980.330078125,3209340000,15.0,98.38999938964844,1.53,1.5499999523162842,0.019999952316284153,0.9598697897662222,0,0.0,0.0,0.0,0.0,0.0,
09/09/2019,2978.429931640625,2989.429931640625,2969.389892578125,2988.429931640625,4031120000,15.270000457763672,98.27999877929688,1.58,1.621999979019165,0.04199997901916497,1.136244354885536,0,0.0,0.0,0.0,0.0,0.0,
10/09/2019,2979.389892578125,2979.389892578125,2957.010009765625,2971.010009765625,4393040000,15.199999809265137,98.33000183105469,1.67,1.7020000219345093,0.03200002193450935,1.1743584260051323,0,0.0,0.0,0.0,0.0,0.0,
11/09/2019,3000.929931640625,3000.929931640625,2975.31005859375,2981.409912109375,3934370000,14.609999656677246,98.6500015258789,1.68,1.7330000400543213,0.05300004005432135,1.010342842263181,0,0.0,0.0,0.0,0.0,0.0,
12/09/2019,3009.570068359375,3020.739990234375,3000.919921875,3009.080078125,3796990000,14.220000267028809,98.30999755859375,1.72,1.7910000085830688,0.07100000858306887,0.9803814744852274,0,0.0,0.0,0.0,0.0,0.0,
13/09/2019,3007.389892578125,3017.330078125,3002.89990234375,3012.2099609375,3557010000,13.739999771118164,98.26000213623047,1.79,1.902999997138977,0.11299999713897702,0.9022205673244378,0,0.0,0.0,0.0,0.0,0.0,
16/09/2019,2997.9599609375,3002.18994140625,2990.669921875,2996.409912109375,4285860000,14.670000076293945,98.6500015258789,1.74,1.840999960899353,0.10099996089935304,1.0732213267011463,0,0.0,0.0,0.0,0.0,0.0,
17/09/2019,3005.699951171875,3006.2099609375,2993.72998046875,2995.669921875,3673250000,14.4399995803833,98.26000213623047,1.72,1.812000036239624,0.09200003623962405,0.9542158246170408,0,0.0,0.0,0.0,0.0,0.0,
18/09/2019,3006.72998046875,3007.830078125,2978.570068359375,3001.5,3458800000,13.949999809265137,98.5999984741211,1.77,1.7860000133514404,0.016000013351440412,0.921270131808644,0,0.0,0.0,0.0,0.0,0.0,
19/09/2019,3006.7900390625,3021.989990234375,3003.159912109375,3010.360107421875,3265660000,14.050000190734863,98.2699966430664,1.74,1.7740000486373901,0.034000048637390146,0.8951634213385758,0,0.0,0.0,0.0,0.0,0.0,
20/09/2019,2992.070068359375,3016.3701171875,2984.679931640625,3008.419921875,6103440000,15.319999694824219,98.51000213623047,1.69,1.7549999952316284,0.06499999523162847,1.468089927315184,0,0.0,0.0,0.0,0.0,0.0,
23/09/2019,2991.780029296875,2999.14990234375,2982.22998046875,2983.5,3187250000,14.90999984741211,98.5999984741211,1.68,1.7079999446868896,0.02799994468688971,0.8094233152516203,0,0.0,0.0,0.0,0.0,0.0,
24/09/2019,2966.60009765625,3007.97998046875,2957.72998046875,3002.429931640625,3872800000,17.049999237060547,98.33999633789062,1.6,1.6349999904632568,0.03499999046325675,0.9736549015861364,0,0.0,0.0,0.0,0.0,0.0,
25/09/2019,2984.8701171875,2989.820068359375,2952.860107421875,2968.35009765625,3331200000,15.960000038146973,99.04000091552734,1.68,1.7319999933242798,0.05199999332427985,0.8429000498472952,0,0.0,0.0,0.0,0.0,0.0,
26/09/2019,2977.6201171875,2987.280029296875,2963.7099609375,2985.72998046875,3084910000,16.06999969482422,99.20999908447266,1.66,1.684999942779541,0.024999942779541096,0.7877867780751394,0,0.0,0.0,0.0,0.0,0.0,
27/09/2019,2961.7900390625,2987.31005859375,2945.530029296875,2985.469970703125,3246480000,17.219999313354492,99.11000061035156,1.63,1.6749999523162842,0.044999952316284286,0.9706840546707936,0,0.0,0.0,0.0,0.0,0.0,
30/09/2019,2976.739990234375,2983.85009765625,2967.070068359375,2967.070068359375,3249130000,16.239999771118164,99.37999725341797,1.63,1.6749999523162842,0.044999952316284286,0.967894822133728,0,0.0,0.0,0.0,0.0,0.0,
01/10/2019,2940.25,2992.530029296875,2938.699951171875,2983.68994140625,3560750000,18.559999465942383,99.12999725341797,1.56,1.6440000534057617,0.08400005340576167,1.0808184807742858,0,0.0,0.0,0.0,0.0,0.0,
02/10/2019,2887.610107421875,2924.780029296875,2874.929931640625,2924.780029296875,3914180000,20.559999465942383,99.04000091552734,1.48,1.5959999561309814,0.11599995613098146,1.1474865805358403,0,0.0,0.0,0.0,0.0,0.0,
03/10/2019,2910.6298828125,2911.1298828125,2855.93994140625,2885.3798828125,3515130000,19.1200008392334,98.86000061035156,1.39,1.5360000133514404,0.14600001335144053,1.0051459280656674,0,0.0,0.0,0.0,0.0,0.0,
04/10/2019,2952.010009765625,2953.739990234375,2918.56005859375,2918.56005859375,3005600000,17.040000915527344,98.80999755859375,1.4,1.5149999856948853,0.11499998569488534,0.87145160944262,0,0.0,0.0,0.0,0.0,0.0,
07/10/2019,2938.7900390625,2959.75,2935.679931640625,2944.22998046875,2959050000,17.860000610351562,98.98999786376953,1.46,1.5529999732971191,0.09299997329711918,0.8726336221616294,0,0.0,0.0,0.0,0.0,0.0,
08/10/2019,2893.06005859375,2925.469970703125,2892.659912109375,2920.39990234375,3370700000,20.280000686645508,99.13999938964844,1.42,1.5369999408721924,0.11699994087219245,1.0052992425733656,0,0.0,0.0,0.0,0.0,0.0,
09/10/2019,2919.39990234375,2929.320068359375,2907.409912109375,2911.10009765625,2735350000,18.639999389648438,99.12000274658203,1.47,1.5889999866485596,0.1189999866485596,0.8775118168233581,0,0.0,0.0,0.0,0.0,0.0,
10/10/2019,2938.1298828125,2948.4599609375,2917.1201171875,2918.550048828125,3234400000,17.56999969482422,98.70999908447266,1.53,1.6579999923706055,0.12799999237060544,1.056641250302187,0,0.0,0.0,0.0,0.0,0.0,
11/10/2019,2970.27001953125,2993.280029296875,2963.070068359375,2963.070068359375,3581320000,15.579999923706055,98.30000305175781,1.63,1.7519999742507935,0.12199997425079356,1.1275614231506936,0,0.0,0.0,0.0,0.0,0.0,
14/10/2019,2966.14990234375,2972.840087890625,2962.93994140625,2965.81005859375,2559270000,14.569999694824219,98.44999694824219,1.63,1.7330000400543213,0.12199997425079356,0.8265820642540811,0,0.0,0.0,0.0,0.0,0.0,
15/10/2019,2995.679931640625,3003.280029296875,2973.610107421875,2973.610107421875,3345090000,13.539999961853027,98.29000091552734,1.61,1.7710000276565552,0.16100002765655508,1.0821730615065386,0,0.0,0.0,0.0,0.0,0.0,
16/10/2019,2989.68994140625,2997.5400390625,2985.199951171875,2989.679931640625,3230320000,13.680000305175781,98.01000213623047,1.58,1.7480000257492065,0.16800002574920647,1.0126141037215368,0,0.0,0.0,0.0,0.0,0.0,
17/10/2019,2997.949951171875,3008.2900390625,2991.7900390625,3000.77001953125,3103470000,13.789999961853027,97.61000061035156,1.6,1.7569999694824219,0.1569999694824218,0.9809020150485446,0,0.0,0.0,0.0,0.0,0.0,
18/10/2019,2986.199951171875,3000.0,2976.31005859375,2996.840087890625,3268970000,14.25,97.27999877929688,1.58,1.746999979019165,0.16699997901916497,1.0540222813778446,0,0.0,0.0,0.0,0.0,0.0,
21/10/2019,3006.719970703125,3007.330078125,2995.35009765625,2996.47998046875,3271960000,14.0,97.33000183105469,1.62,1.7920000553131104,0.17200005531311024,1.0086308039366676,0,0.0,0.0,0.0,0.0,0.0,
22/10/2019,2995.989990234375,3014.570068359375,2995.0400390625,3010.72998046875,3527540000,14.460000038146973,97.52999877929688,1.6,1.7680000066757202,0.16800000667572013,1.075321327670699,0,0.0,0.0,0.0,0.0,0.0,
23/10/2019,3004.52001953125,3004.780029296875,2991.2099609375,2994.010009765625,3413600000,14.010000228881836,97.47000122070312,1.58,1.7589999437332153,0.17899994373321526,1.029089194563457,0,0.0,0.0,0.0,0.0,0.0,
24/10/2019,3010.2900390625,3016.070068359375,3000.419921875,3014.780029296875,3696510000,13.710000038146973,97.62999725341797,1.58,1.7660000324249268,0.1860000324249267,1.0759067396723128,0,0.0,0.0,0.0,0.0,0.0,
25/10/2019,3022.550048828125,3027.389892578125,3001.93994140625,3003.320068359375,3379060000,12.649999618530273,97.83000183105469,1.63,1.8009999990463257,0.1709999990463258,0.9772469484350156,0,0.0,0.0,0.0,0.0,0.0,
28/10/2019,3039.419921875,3044.080078125,3032.1201171875,3032.1201171875,3524970000,13.109999656677246,97.76000213623047,1.64,1.8530000448226929,0.21300004482269297,1.00474127905651,0,0.0,0.0,0.0,0.0,0.0,
29/10/2019,3036.889892578125,3047.8701171875,3034.81005859375,3035.389892578125,3594430000,13.199999809265137,97.69000244140625,1.64,1.8350000381469727,0.19500003814697275,1.0206479004257587,0,0.0,0.0,0.0,0.0,0.0,
30/10/2019,3046.77001953125,3050.10009765625,3025.9599609375,3039.739990234375,3779660000,12.329999923706055,97.6500015258789,1.61,1.7979999780654907,0.18799997806549062,1.0513874277245203,0,0.0,0.0,0.0,0.0,0.0,
31/10/2019,3037.56005859375,3046.89990234375,3023.18994140625,3046.89990234375,4149310000,13.220000267028809,97.3499984741211,1.52,1.690999984741211,0.17099998474121092,1.1258515159194744,0,0.0,0.0,0.0,0.0,0.0,
01/11/2019,3066.909912109375,3066.949951171875,3050.719970703125,3050.719970703125,3956290000,12.300000190734863,97.23999786376953,1.56,1.7280000448226929,0.16800004482269282,1.0408736594077452,0,0.0,0.0,0.0,0.0,0.0,
04/11/2019,3078.27001953125,3085.199951171875,3074.8701171875,3078.9599609375,4178040000,12.829999923706055,97.51000213623047,1.6,1.7860000133514404,0.18600001335144034,1.0626964557962697,0,0.0,0.0,0.0,0.0,0.0,
05/11/2019,3074.6201171875,3083.949951171875,3072.14990234375,3080.800048828125,4490590000,13.100000381469727,97.9800033569336,1.63,1.8660000562667847,0.23600005626678477,1.0923941891291624,0,0.0,0.0,0.0,0.0,0.0,
06/11/2019,3076.780029296875,3078.340087890625,3065.889892578125,3075.10009765625,4465510000,12.619999885559082,97.94999694824219,1.61,1.8140000104904175,0.20400001049041738,1.0512157870105754,0,0.0,0.0,0.0,0.0,0.0,
07/11/2019,3085.179931640625,3097.77001953125,3080.22998046875,3087.02001953125,4151990000,12.729999542236328,98.13999938964844,1.68,1.9259999990463257,0.24599999904632575,0.9772874277036232,0,0.0,0.0,0.0,0.0,0.0,
08/11/2019,3093.080078125,3093.090087890625,3073.580078125,3081.25,3508160000,12.069999694824219,98.3499984741211,1.68,1.9329999685287476,0.2529999685287476,0.8435392600564866,0,0.0,0.0,0.0,0.0,0.0,
11/11/2019,3087.010009765625,3088.330078125,3075.820068359375,3080.330078125,3041120000,12.6899995803833,98.19999694824219,1.68,1.9429999589920044,0.2529999685287476,0.7735317593350484,0,0.0,0.0,0.0,0.0,0.0,
12/11/2019,3091.840087890625,3102.610107421875,3084.72998046875,3089.280029296875,3495560000,12.680000305175781,98.30999755859375,1.66,1.909000039100647,0.24900003910064705,0.9365277880480154,0,0.0,0.0,0.0,0.0,0.0,
13/11/2019,3094.0400390625,3098.06005859375,3078.800048828125,3084.179931640625,3513720000,13.0,98.37000274658203,1.63,1.8700000047683716,0.2400000047683717,0.991985003289,0,0.0,0.0,0.0,0.0,0.0,
14/11/2019,3096.6298828125,3098.199951171875,3083.260009765625,3090.75,3282090000,13.050000190734863,98.16000366210938,1.58,1.815000057220459,0.2350000572204589,0.974454667723633,0,0.0,0.0,0.0,0.0,0.0,
15/11/2019,3120.4599609375,3120.4599609375,3104.60009765625,3107.919921875,3359800000,12.050000190734863,98.0,1.61,1.8339999914169312,0.22399999141693105,1.0063927717527077,0,0.0,0.0,0.0,0.0,0.0,
18/11/2019,3122.030029296875,3124.169921875,3112.06005859375,3117.909912109375,3440140000,12.460000038146973,97.79000091552734,1.6,1.8079999685287476,0.20799996852874747,1.0064003285880367,0,0.0,0.0,0.0,0.0,0.0,
19/11/2019,3120.179931640625,3127.639892578125,3113.469970703125,3127.449951171875,3613670000,12.859999656677246,97.86000061035156,1.6,1.7860000133514404,0.18600001335144034,1.0499104560176926,0,0.0,0.0,0.0,0.0,0.0,
20/11/2019,3108.4599609375,3118.969970703125,3091.409912109375,3114.659912109375,4041010000,12.779999732971191,97.93000030517578,1.56,1.7380000352859497,0.17800003528594965,1.139165606248284,0,0.0,0.0,0.0,0.0,0.0,
21/11/2019,3103.5400390625,3110.110107421875,3094.550048828125,3108.489990234375,3744010000,13.130000114440918,97.98999786376953,1.6,1.7719999551773071,0.17199995517730704,1.028651607291318,0,0.0,0.0,0.0,0.0,0.0,
22/11/2019,3110.2900390625,3112.8701171875,3099.260009765625,3111.409912109375,3235270000,12.34000015258789,98.2699966430664,1.61,1.7740000486373901,0.16400004863739004,0.8950016874975794,0,0.0,0.0,0.0,0.0,0.0,
25/11/2019,3133.639892578125,3133.830078125,3117.43994140625,3117.43994140625,3514310000,11.869999885559082,98.31999969482422,1.61,1.7640000581741333,0.1540000581741332,0.9682217643885616,0,0.0,0.0,0.0,0.0,0.0,
26/11/2019,3140.52001953125,3142.68994140625,3131.0,3134.85009765625,4600450000,11.539999961853027,98.25,1.58,1.7400000095367432,0.1600000095367431,1.2021003342034644,0,0.0,0.0,0.0,0.0,0.0,
27/11/2019,3153.6298828125,3154.260009765625,3143.409912109375,3145.489990234375,3035470000,11.75,98.41000366210938,1.63,1.7669999599456787,0.13699995994567882,0.8371627253025592,0,0.0,0.0,0.0,0.0,0.0,
29/11/2019,3140.97998046875,3150.300048828125,3139.340087890625,3147.179931640625,1743420000,12.619999885559082,98.2699966430664,1.61,1.7760000228881836,0.1660000228881835,0.540463961629173,0,0.0,0.0,0.0,0.0,0.0,
02/12/2019,3113.8701171875,3144.31005859375,3110.780029296875,3143.85009765625,3285750000,14.90999984741211,97.86000061035156,1.61,1.8359999656677246,0.2259999656677245,1.0154115727406454,0,0.0,0.0,0.0,0.0,0.0,
03/12/2019,3093.199951171875,3094.969970703125,3070.330078125,3087.409912109375,3671580000,15.960000038146973,97.73999786376953,1.53,1.7089999914169312,0.17899999141693113,1.123723500566517,0,0.0,0.0,0.0,0.0,0.0,
04/12/2019,3112.760009765625,3119.3798828125,3102.530029296875,3103.5,3702980000,14.800000190734863,97.6500015258789,1.58,1.781000018119812,0.20100001811981194,1.1992136898284884,0,0.0,0.0,0.0,0.0,0.0,
05/12/2019,3117.429931640625,3119.449951171875,3103.760009765625,3119.2099609375,3360480000,14.520000457763672,97.41000366210938,1.58,1.7970000505447388,0.2170000505447387,1.0658574073803888,0,0.0,0.0,0.0,0.0,0.0,
06/12/2019,3145.909912109375,3150.60009765625,3134.6201171875,3134.6201171875,3483310000,13.619999885559082,97.69999694824219,1.61,1.8420000076293945,0.23200000762939443,0.9949983146805604,0,0.0,0.0,0.0,0.0,0.0,
09/12/2019,3135.9599609375,3148.8701171875,3135.4599609375,3141.860107421875,3400470000,15.859999656677246,97.63999938964844,1.63,1.8289999961853027,0.19899999618530284,0.9650107101383634,0,0.0,0.0,0.0,0.0,0.0,
10/12/2019,3132.52001953125,3142.1201171875,3126.090087890625,3135.360107421875,3346310000,15.680000305175781,97.41000366210938,1.65,1.8329999446868896,0.18299994468688974,0.9675023346854752,0,0.0,0.0,0.0,0.0,0.0,
11/12/2019,3141.6298828125,3143.97998046875,3133.2099609375,3135.75,3257650000,14.989999771118164,97.16000366210938,1.61,1.7899999618530273,0.17999996185302725,0.9667638480504172,0,0.0,0.0,0.0,0.0,0.0,
12/12/2019,3168.570068359375,3176.280029296875,3138.469970703125,3141.22998046875,4003200000,13.9399995803833,97.4000015258789,1.66,1.8969999551773071,0.2369999551773072,1.1443638821012478,0,0.0,0.0,0.0,0.0,0.0,
13/12/2019,3168.800048828125,3182.679931640625,3156.510009765625,3166.64990234375,3757650000,12.630000114440918,97.16999816894531,1.61,1.819000005722046,0.2090000057220458,1.0575825430277486,0,0.0,0.0,0.0,0.0,0.0,
16/12/2019,3191.449951171875,3197.7099609375,3183.6298828125,3183.6298828125,4070200000,12.140000343322754,97.06999969482422,1.65,1.8919999599456787,0.2419999599456788,1.1039321378182056,0,0.0,0.0,0.0,0.0,0.0,
17/12/2019,3192.52001953125,3198.219970703125,3191.030029296875,3195.39990234375,3842940000,12.289999961853027,97.20999908447266,1.63,1.8890000581741333,0.2590000581741334,1.0149516893412298,0,0.0,0.0,0.0,0.0,0.0,
18/12/2019,3191.139892578125,3198.47998046875,3191.139892578125,3195.2099609375,4029950000,12.579999923706055,97.41000366210938,1.63,1.9240000247955322,0.29400002479553233,1.022625424153748,0,0.0,0.0,0.0,0.0,0.0,
19/12/2019,3205.3701171875,3205.47998046875,3192.320068359375,3192.320068359375,3784360000,12.5,97.41999816894531,1.62,1.9079999923706055,0.28799999237060536,0.971090730866149,0,0.0,0.0,0.0,0.0,0.0,
20/12/2019,3221.219970703125,3225.64990234375,3216.030029296875,3223.330078125,6457480000,12.510000228881836,97.70999908447266,1.63,1.9170000553131104,0.28700005531311046,1.4553753381236725,0,0.0,0.0,0.0,0.0,0.0,
23/12/2019,3224.010009765625,3227.780029296875,3222.300048828125,3226.050048828125,3064530000,12.609999656677246,97.66000366210938,1.64,1.934999942779541,0.2949999427795411,0.7234742856927012,0,0.0,0.0,0.0,0.0,0.0,
24/12/2019,3223.3798828125,3226.429931640625,3220.510009765625,3225.449951171875,1296530000,12.670000076293945,97.6500015258789,1.62,1.909999966621399,0.2899999666213988,0.3479151069213781,0,0.0,0.0,0.0,0.0,0.0,
26/12/2019,3239.909912109375,3240.080078125,3227.199951171875,3227.199951171875,2164540000,12.649999618530273,97.58999633789062,1.64,1.9049999713897705,0.2649999713897706,0.6454592949192005,0,0.0,0.0,0.0,0.0,0.0,
27/12/2019,3240.02001953125,3247.929931640625,3234.3701171875,3247.22998046875,2429150000,13.430000305175781,96.91999816894531,1.59,1.8739999532699585,0.2839999532699584,0.7880592230975011,0,0.0,0.0,0.0,0.0,0.0,
30/12/2019,3221.2900390625,3240.919921875,3216.570068359375,3240.090087890625,3021720000,14.819999694824219,96.73999786376953,1.58,1.8949999809265137,0.3149999809265136,1.2615236375993928,0,0.0,0.0,0.0,0.0,0.0,
31/12/2019,3230.780029296875,3231.719970703125,3212.030029296875,3215.179931640625,2894760000,13.779999732971191,96.38999938964844,1.58,1.9190000295639038,0.33900002956390374,1.2258971600870692,0,0.0,0.0,0.0,0.0,0.0,
02/01/2020,3257.85009765625,3258.139892578125,3235.530029296875,3244.669921875,3459930000,12.470000267028809,96.8499984741211,1.58,1.8819999694824219,0.3019999694824218,1.2383340133570984,0,0.0,0.0,0.0,0.0,0.0,
03/01/2020,3234.85009765625,3246.14990234375,3222.340087890625,3226.360107421875,3484700000,14.020000457763672,96.83999633789062,1.53,1.7879999876022339,0.25799998760223386,1.1395162672184775,0,0.0,0.0,0.0,0.0,0.0,
06/01/2020,3246.280029296875,3246.840087890625,3214.639892578125,3217.550048828125,3702460000,13.850000381469727,96.66999816894531,1.54,1.8109999895095825,0.2709999895095825,1.1176515690759905,0,0.0,0.0,0.0,0.0,0.0,
07/01/2020,3237.179931640625,3244.909912109375,3232.429931640625,3241.860107421875,3435910000,13.789999961853027,96.9800033569336,1.54,1.8270000219345093,0.28700002193450924,1.0118855490948158,0,0.0,0.0,0.0,0.0,0.0,
08/01/2020,3253.050048828125,3267.070068359375,3236.669921875,3238.590087890625,3726840000,13.449999809265137,97.30000305175781,1.58,1.8739999532699585,0.2939999532699584,1.046286771807046,0,0.0,0.0,0.0,0.0,0.0,
09/01/2020,3274.699951171875,3275.580078125,3263.669921875,3266.030029296875,3641230000,12.539999961853027,97.44999694824219,1.58,1.8580000400543213,0.2780000400543212,1.0119508824899368,0,0.0,0.0,0.0,0.0,0.0,
10/01/2020,3265.35009765625,3282.989990234375,3260.860107421875,3281.81005859375,3214580000,12.5600004196167,97.36000061035156,1.56,1.8250000476837158,0.26500004768371577,0.9069963241393554,0,0.0,0.0,0.0,0.0,0.0,
13/01/2020,3288.1298828125,3288.1298828125,3268.429931640625,3271.1298828125,3459390000,12.319999694824219,97.3499984741211,1.58,1.8480000495910645,0.2680000495910644,0.9896440944161072,0,0.0,0.0,0.0,0.0,0.0,
14/01/2020,3283.14990234375,3294.25,3277.18994140625,3285.35009765625,3687620000,12.390000343322754,97.37000274658203,1.58,1.8179999589920044,0.23799995899200432,1.03995790105394,0,0.0,0.0,0.0,0.0,0.0,
15/01/2020,3289.2900390625,3298.659912109375,3280.68994140625,3282.27001953125,3721490000,12.420000076293945,97.2300033569336,1.56,1.7879999876022339,0.22799998760223383,1.049826481256534,0,0.0,0.0,0.0,0.0,0.0,
16/01/2020,3316.81005859375,3317.110107421875,3302.820068359375,3302.969970703125,3540580000,12.319999694824219,97.31999969482422,1.58,1.809000015258789,0.229000015258789,1.004496228365731,0,0.0,0.0,0.0,0.0,0.0,
17/01/2020,3329.6201171875,3329.8798828125,3318.860107421875,3323.659912109375,3726220000,12.100000381469727,97.61000061035156,1.58,1.8359999656677246,0.25599996566772454,1.0273389466951195,0,0.0,0.0,0.0,0.0,0.0,
21/01/2020,3320.7900390625,3329.7900390625,3316.610107421875,3321.030029296875,4104840000,12.850000381469727,97.52999877929688,1.53,1.7690000534057617,0.2390000534057617,1.0928317559202907,0,0.0,0.0,0.0,0.0,0.0,
22/01/2020,3321.75,3337.77001953125,3320.0400390625,3330.02001953125,3623780000,12.90999984741211,97.52999877929688,1.53,1.7690000534057617,0.2390000534057617,0.9680497475277704,0,0.0,0.0,0.0,0.0,0.0,
23/01/2020,3325.5400390625,3326.8798828125,3301.8701171875,3315.77001953125,3766710000,12.979999542236328,97.69000244140625,1.51,1.7400000095367432,0.23000000953674316,1.0038066040476217,0,0.0,0.0,0.0,0.0,0.0,
24/01/2020,3295.469970703125,3333.179931640625,3281.530029296875,3333.10009765625,3708780000,14.5600004196167,97.8499984741211,1.49,1.680999994277954,0.1909999942779541,0.979586726697316,0,0.0,0.0,0.0,0.0,0.0,
27/01/2020,3243.6298828125,3258.85009765625,3234.5,3247.159912109375,3831050000,18.229999542236328,97.95999908447266,1.44,1.6050000190734863,0.16500001907348638,1.0063088516198446,0,0.0,0.0,0.0,0.0,0.0,
28/01/2020,3276.239990234375,3285.780029296875,3253.219970703125,3255.35009765625,3531570000,16.280000686645508,98.0199966430664,1.45,1.6410000324249268,0.1910000324249268,0.9564486626233826,0,0.0,0.0,0.0,0.0,0.0,
29/01/2020,3273.39990234375,3293.469970703125,3271.889892578125,3289.4599609375,3600250000,16.389999389648438,97.98999786376953,1.42,1.593999981880188,0.17399998188018806,0.976293444753221,0,0.0,0.0,0.0,0.0,0.0,
30/01/2020,3283.659912109375,3285.909912109375,3242.800048828125,3256.449951171875,3790350000,15.489999771118164,97.87000274658203,1.41,1.5579999685287476,0.14799996852874764,1.0265274618134546,0,0.0,0.0,0.0,0.0,0.0,
31/01/2020,3225.52001953125,3282.330078125,3214.679931640625,3282.330078125,4529700000,18.84000015258789,97.38999938964844,1.33,1.5199999809265137,0.1899999809265136,1.1745368440049535,0,0.0,0.0,0.0,0.0,0.0,
03/02/2020,3248.919921875,3268.43994140625,3235.659912109375,3235.659912109375,3760460000,17.969999313354492,97.80000305175781,1.36,1.5199999809265137,0.15999998092651357,0.9786579764141048,0,0.0,0.0,0.0,0.0,0.0,
04/02/2020,3297.590087890625,3306.919921875,3280.610107421875,3280.610107421875,3996900000,16.049999237060547,97.95999908447266,1.41,1.6030000448226929,0.19300004482269295,1.015593317498117,0,0.0,0.0,0.0,0.0,0.0,
05/02/2020,3334.68994140625,3337.580078125,3313.75,3324.909912109375,4121480000,15.149999618530273,98.2699966430664,1.44,1.6490000486373901,0.2090000486373902,1.0202243786663523,0,0.0,0.0,0.0,0.0,0.0,
06/02/2020,3345.780029296875,3347.9599609375,3334.389892578125,3344.919921875,3887250000,14.960000038146973,98.5,1.44,1.6440000534057617,0.20400005340576177,0.957649345011946,0,0.0,0.0,0.0,0.0,0.0,
07/02/2020,3327.7099609375,3341.419921875,3322.1201171875,3335.5400390625,3733920000,15.470000267028809,98.68000030517578,1.41,1.5779999494552612,0.1679999494552613,0.9574148936333878,0,0.0,0.0,0.0,0.0,0.0,
10/02/2020,3352.090087890625,3352.260009765625,3317.77001953125,3318.280029296875,3462730000,15.039999961853027,98.83000183105469,1.37,1.5470000505447388,0.17700005054473866,0.9016455337595328,0,0.0,0.0,0.0,0.0,0.0,
11/02/2020,3357.75,3375.6298828125,3352.719970703125,3365.8701171875,3762940000,15.180000305175781,98.72000122070312,1.41,1.590000033378601,0.18000003337860115,0.991901233214117,0,0.0,0.0,0.0,0.0,0.0,
12/02/2020,3379.449951171875,3381.469970703125,3369.719970703125,3370.5,3930910000,13.739999771118164,99.05000305175781,1.44,1.6299999952316284,0.18999999523162847,1.0466935601975742,0,0.0,0.0,0.0,0.0,0.0,
13/02/2020,3373.93994140625,3385.090087890625,3360.52001953125,3365.89990234375,3500890000,14.149999618530273,99.06999969482422,1.44,1.6169999837875366,0.17699998378753667,0.9517741725883688,0,0.0,0.0,0.0,0.0,0.0,
14/02/2020,3380.159912109375,3380.68994140625,3366.14990234375,3378.080078125,3419700000,13.680000305175781,99.12000274658203,1.42,1.5880000591278076,0.1680000591278077,0.9458615480188548,0,0.0,0.0,0.0,0.0,0.0,
18/02/2020,3370.2900390625,3375.010009765625,3355.610107421875,3369.0400390625,3750400000,14.829999923706055,99.45999908447266,1.41,1.555999994277954,0.14599999427795418,1.0210815885137037,0,0.0,0.0,0.0,0.0,0.0,
19/02/2020,3386.14990234375,3393.52001953125,3378.830078125,3380.389892578125,3614200000,14.380000114440918,99.5999984741211,1.42,1.5700000524520874,0.15000005245208747,0.9920345189145864,0,0.0,0.0,0.0,0.0,0.0,
20/02/2020,3373.22998046875,3389.14990234375,3341.02001953125,3380.449951171875,4019180000,15.5600004196167,99.87000274658203,1.39,1.524999976158142,0.1349999761581422,1.0978744420048328,0,0.0,0.0,0.0,0.0,0.0,
21/02/2020,3337.75,3360.760009765625,3328.449951171875,3360.5,3908780000,17.079999923706055,99.26000213623047,1.34,1.4709999561309814,0.13099995613098137,1.0444435893900577,0,0.0,0.0,0.0,0.0,0.0,
24/02/2020,3225.889892578125,3259.81005859375,3214.64990234375,3257.610107421875,4851160000,25.030000686645508,99.29000091552734,1.26,1.3769999742507935,0.11699997425079345,1.2041370710077384,0,0.0,0.0,0.0,0.0,0.0,
25/02/2020,3128.2099609375,3246.989990234375,3118.77001953125,3238.93994140625,5596760000,27.850000381469727,98.97000122070312,1.2,1.3300000429153442,0.13000004291534428,1.2725647200919687,0,0.0,0.0,0.0,0.0,0.0,
26/02/2020,3116.389892578125,3182.510009765625,3108.989990234375,3139.89990234375,5484650000,27.559999465942383,99.0,1.16,1.309999942779541,0.1499999427795411,1.1493143697981565,0,0.0,0.0,0.0,0.0,0.0,
27/02/2020,2978.760009765625,3097.070068359375,2977.389892578125,3062.5400390625,7064710000,39.15999984741211,98.44000244140625,1.11,1.2990000247955322,0.18900002479553213,1.3128473659837223,0,0.0,0.0,0.0,0.0,0.0,
28/02/2020,2954.219970703125,2959.719970703125,2855.840087890625,2916.89990234375,8569570000,40.11000061035156,98.12999725341797,0.86,1.1269999742507935,0.26699997425079347,1.357368568609158,0,0.0,0.0,0.0,0.0,0.0,
02/03/2020,3090.22998046875,3090.9599609375,2945.18994140625,2974.280029296875,6381330000,33.41999816894531,97.36000061035156,0.84,1.0880000591278076,0.24800005912780765,0.9640339220872454,0,0.0,0.0,0.0,0.0,0.0,
03/03/2020,3003.3701171875,3136.719970703125,2976.6298828125,3096.4599609375,6376510000,36.81999969482422,97.1500015258789,0.71,1.0099999904632568,0.29999999046325687,0.941133112749533,0,0.0,0.0,0.0,0.0,0.0,
04/03/2020,3130.1201171875,3130.969970703125,3034.3798828125,3045.75,5073020000,31.989999771118164,97.33999633789062,0.67,0.9919999837875366,0.3219999837875366,0.7579558908165333,0,0.0,0.0,0.0,0.0,0.0,
05/03/2020,3023.93994140625,3083.0400390625,2999.830078125,3075.699951171875,5579290000,39.619998931884766,96.81999969482422,0.59,0.9259999990463257,0.3359999990463257,0.8723168933311486,0,0.0,0.0,0.0,0.0,0.0,
06/03/2020,2972.3701171875,2985.929931640625,2901.5400390625,2954.199951171875,6555240000,41.939998626708984,95.94999694824219,0.49,0.7059999704360962,0.2159999704360962,1.0938018827720914,0,0.0,0.0,0.0,0.0,0.0,
09/03/2020,2746.56005859375,2863.889892578125,2734.429931640625,2863.889892578125,8441290000,54.459999084472656,94.9000015258789,0.38,0.49900001287460327,0.11900001287460327,1.3179075326264975,0,0.0,0.0,0.0,0.0,0.0,
10/03/2020,2882.22998046875,2882.590087890625,2734.0,2813.47998046875,7642040000,47.29999923706055,96.41000366210938,0.5,0.7480000257492065,0.24800002574920654,1.1477677970663438,0,0.0,0.0,0.0,0.0,0.0,
11/03/2020,2741.3798828125,2825.60009765625,2707.219970703125,2825.60009765625,7431200000,53.900001525878906,96.51000213623047,0.5,0.8199999928474426,0.3199999928474426,1.042271521324826,0,0.0,0.0,0.0,0.0,0.0,
12/03/2020,2480.639892578125,2660.949951171875,2478.860107421875,2630.860107421875,8850810000,75.47000122070312,97.47000122070312,0.5,0.8489999771118164,0.3489999771118164,1.1370346998939893,0,0.0,0.0,0.0,0.0,0.0,
13/03/2020,2711.02001953125,2711.330078125,2492.3701171875,2569.989990234375,8299070000,57.83000183105469,98.75,0.49,0.9509999752044678,0.4609999752044678,1.0204340847438829,0,0.0,0.0,0.0,0.0,0.0,
16/03/2020,2386.1298828125,2562.97998046875,2380.93994140625,2508.590087890625,7805450000,82.69000244140625,98.08999633789062,0.36,0.7279999852180481,0.3679999852180481,0.9749848670587034,0,0.0,0.0,0.0,0.0,0.0,
17/03/2020,2529.18994140625,2553.929931640625,2367.0400390625,2425.659912109375,8370250000,75.91000366210938,99.58000183105469,0.47,0.996999979019165,0.5269999790191651,1.0268536915821125,0,0.0,0.0,0.0,0.0,0.0,
18/03/2020,2398.10009765625,2453.570068359375,2280.52001953125,2436.5,8799300000,76.44999694824219,101.16000366210938,0.54,1.2660000324249268,0.7260000324249267,1.044430274934908,0,0.0,0.0,0.0,0.0,0.0,
19/03/2020,2409.389892578125,2466.969970703125,2319.780029296875,2393.47998046875,7956100000,72.0,102.76000213623047,0.44,1.11899995803833,0.6789999580383301,0.9648395822767648,0,0.0,0.0,0.0,0.0,0.0,
20/03/2020,2304.919921875,2453.010009765625,2295.56005859375,2431.93994140625,9053950000,66.04000091552734,102.81999969482422,0.37,0.9380000233650208,0.5680000233650208,1.0782349907883877,0,0.0,0.0,0.0,0.0,0.0,
23/03/2020,2237.39990234375,2300.72998046875,2191.860107421875,2290.7099609375,7411380000,61.59000015258789,102.48999786376953,0.28,0.7639999985694885,0.4839999985694885,0.89098405471571,0,0.0,0.0,0.0,0.0,0.0,
24/03/2020,2447.330078125,2449.7099609375,2344.43994140625,2344.43994140625,7563150000,61.66999816894531,101.73999786376953,0.38,0.8159999847412109,0.43599998474121093,0.9272229616211112,0,0.0,0.0,0.0,0.0,0.0,
25/03/2020,2475.56005859375,2571.419921875,2407.530029296875,2457.77001953125,8300010000,63.95000076293945,101.05000305175781,0.34,0.8579999804496765,0.5179999804496764,1.0301718349373792,0,0.0,0.0,0.0,0.0,0.0,
26/03/2020,2630.070068359375,2637.010009765625,2500.719970703125,2501.2900390625,7766990000,61.0,99.41999816894531,0.3,0.8109999895095825,0.5109999895095825,0.9685617930001088,0,0.0,0.0,0.0,0.0,0.0,
27/03/2020,2541.469970703125,2615.909912109375,2520.02001953125,2555.8701171875,6201670000,65.54000091552734,98.37000274658203,0.25,0.7490000128746033,0.49900001287460327,0.8325909159255918,0,0.0,0.0,0.0,0.0,0.0,
30/03/2020,2626.64990234375,2631.800048828125,2545.280029296875,2558.97998046875,5751120000,57.08000183105469,99.18000030517578,0.23,0.6700000166893005,0.44000001668930055,0.808128839269605,0,0.0,0.0,0.0,0.0,0.0,
31/03/2020,2584.590087890625,2641.389892578125,2571.14990234375,2614.68994140625,6576210000,53.540000915527344,99.05000305175781,0.23,0.6980000138282776,0.4680000138282776,0.9504292403746096,0,0.0,0.0,0.0,0.0,0.0,
01/04/2020,2470.5,2522.75,2447.489990234375,2498.080078125,5964000000,57.060001373291016,99.66999816894531,0.23,0.6349999904632568,0.40499999046325685,0.9243648246636158,0,0.0,0.0,0.0,0.0,0.0,
02/04/2020,2526.89990234375,2533.219970703125,2455.7900390625,2458.5400390625,6464190000,50.90999984741211,100.18000030517578,0.23,0.6269999742507935,0.3969999742507935,1.0440530939662158,0,0.0,0.0,0.0,0.0,0.0,
03/04/2020,2488.64990234375,2538.179931640625,2459.9599609375,2514.919921875,6096970000,46.79999923706055,100.58000183105469,0.23,0.5870000123977661,0.35700001239776613,0.9880839439539564,0,0.0,0.0,0.0,0.0,0.0,
06/04/2020,2663.679931640625,2676.85009765625,2574.570068359375,2578.280029296875,6403840000,45.2400016784668,100.69000244140625,0.27,0.6759999990463257,0.40599999904632567,1.0163144444998145,0,0.0,0.0,0.0,0.0,0.0,
07/04/2020,2659.409912109375,2756.889892578125,2657.669921875,2738.64990234375,7050410000,46.70000076293945,99.9800033569336,0.28,0.7360000014305115,0.45600000143051145,1.1023358467213749,0,0.0,0.0,0.0,0.0,0.0,
08/04/2020,2749.97998046875,2760.75,2663.300048828125,2685.0,5875710000,43.349998474121094,100.12000274658203,0.27,0.7639999985694885,0.4939999985694885,0.9212141185383268,0,0.0,0.0,0.0,0.0,0.0,
09/04/2020,2789.820068359375,2818.570068359375,2762.360107421875,2776.989990234375,7899550000,41.66999816894531,99.5199966430664,0.23,0.7289999723434448,0.49899997234344484,1.1851761722210086,0,0.0,0.0,0.0,0.0,0.0,
13/04/2020,2761.6298828125,2782.4599609375,2721.169921875,2782.4599609375,5319530000,41.16999816894531,99.3499984741211,0.25,0.7490000128746033,0.49900001287460327,0.8171562049141848,0,0.0,0.0,0.0,0.0,0.0,
14/04/2020,2846.06005859375,2851.85009765625,2805.10009765625,2805.10009765625,5615730000,37.7599983215332,98.88999938964844,0.23,0.7519999742507935,0.5219999742507935,0.8840625888473669,0,0.0,0.0,0.0,0.0,0.0,
15/04/2020,2783.360107421875,2801.8798828125,2761.5400390625,2795.639892578125,5208000000,40.84000015258789,99.45999908447266,0.2,0.6380000114440918,0.4380000114440918,0.8703639083751469,0,0.0,0.0,0.0,0.0,0.0,
16/04/2020,2799.550048828125,2806.510009765625,2764.320068359375,2799.340087890625,5228810000,40.11000061035156,100.02999877929688,0.2,0.609000027179718,0.409000027179718,0.89315350499904,0,0.0,0.0,0.0,0.0,0.0,
17/04/2020,2874.56005859375,2879.219970703125,2830.8798828125,2842.429931640625,5804810000,38.150001525878906,99.77999877929688,0.2,0.6539999842643738,0.45399998426437377,1.0679684349344,0,0.0,0.0,0.0,0.0,0.0,
20/04/2020,2823.159912109375,2868.97998046875,2820.429931640625,2845.6201171875,5228630000,43.83000183105469,99.95999908447266,0.2,0.6259999871253967,0.4259999871253967,0.9651912170059936,0,0.0,0.0,0.0,0.0,0.0,
21/04/2020,2736.56005859375,2785.5400390625,2727.10009765625,2784.81005859375,5121010000,45.40999984741211,100.26000213623047,0.2,0.5709999799728394,0.37099997997283934,0.9629122501152636,0,0.0,0.0,0.0,0.0,0.0,
22/04/2020,2799.31005859375,2815.10009765625,2775.949951171875,2787.889892578125,5084920000,41.97999954223633,100.38999938964844,0.22,0.6190000176429749,0.3990000176429749,0.9605722796202836,0,0.0,0.0,0.0,0.0,0.0,
23/04/2020,2797.800048828125,2844.89990234375,2794.260009765625,2810.419921875,5773530000,41.380001068115234,100.43000030517578,0.22,0.6129999756813049,0.39299997568130496,1.0686616394389348,0,0.0,0.0,0.0,0.0,0.0,
24/04/2020,2836.739990234375,2842.7099609375,2791.760009765625,2812.639892578125,5382810000,35.93000030517578,100.37999725341797,0.22,0.5960000157356262,0.37600001573562625,1.012152653727403,0,0.0,0.0,0.0,0.0,0.0,
27/04/2020,2878.47998046875,2887.719970703125,2852.889892578125,2854.64990234375,5203930000,33.290000915527344,100.04000091552734,0.24,0.656000018119812,0.416000018119812,0.9794268657165872,0,0.0,0.0,0.0,0.0,0.0,
28/04/2020,2863.389892578125,2921.14990234375,2860.7099609375,2909.9599609375,5691160000,33.56999969482422,99.87000274658203,0.2,0.6100000143051147,0.41000001430511473,1.0486229725073564,0,0.0,0.0,0.0,0.0,0.0,
29/04/2020,2939.510009765625,2954.860107421875,2912.159912109375,2918.4599609375,6645640000,31.229999542236328,99.56999969482422,0.2,0.6269999742507935,0.42699997425079345,1.1578952136925478,0,0.0,0.0,0.0,0.0,0.0,
30/04/2020,2912.429931640625,2930.909912109375,2892.469970703125,2930.909912109375,6544980000,34.150001525878906,99.0199966430664,0.2,0.621999979019165,0.42199997901916503,1.1105036832525013,0,0.0,0.0,0.0,0.0,0.0,
01/05/2020,2830.7099609375,2869.090087890625,2821.610107421875,2869.090087890625,4759810000,37.189998626708984,98.80000305175781,0.2,0.6420000195503235,0.4420000195503235,0.8250518624729247,0,0.0,0.0,0.0,0.0,0.0,
04/05/2020,2842.739990234375,2844.239990234375,2797.85009765625,2815.010009765625,4735930000,35.970001220703125,99.4800033569336,0.19,0.6370000243186951,0.44700002431869507,0.8344510020607862,0,0.0,0.0,0.0,0.0,0.0,
05/05/2020,2868.43994140625,2898.22998046875,2863.550048828125,2868.8798828125,5140290000,33.61000061035156,99.70999908447266,0.19,0.6570000052452087,0.46700000524520874,0.9236271703564748,0,0.0,0.0,0.0,0.0,0.0,
06/05/2020,2848.419921875,2891.110107421875,2847.64990234375,2883.139892578125,4892570000,34.119998931884766,100.08999633789062,0.17,0.7110000252723694,0.5410000252723693,0.9382236731588068,0,0.0,0.0,0.0,0.0,0.0,
07/05/2020,2881.18994140625,2901.919921875,2876.47998046875,2878.260009765625,5178790000,31.440000534057617,99.88999938964844,0.13,0.6309999823570251,0.5009999823570251,1.0480244979336142,0,0.0,0.0,0.0,0.0,0.0,
08/05/2020,2929.800048828125,2932.159912109375,2902.8798828125,2908.830078125,4876030000,27.979999542236328,99.7300033569336,0.16,0.6819999814033508,0.5219999814033508,0.9821355556262767,0,0.0,0.0,0.0,0.0,0.0,
11/05/2020,2930.18994140625,2944.25,2903.43994140625,2915.4599609375,4819730000,27.56999969482422,100.23999786376953,0.17,0.7260000109672546,0.5560000109672546,0.9675293416698084,0,0.0,0.0,0.0,0.0,0.0,
12/05/2020,2870.1201171875,2945.820068359375,2869.590087890625,2939.5,5119630000,33.040000915527344,99.93000030517578,0.17,0.6779999732971191,0.5079999732971191,1.0285854922800286,0,0.0,0.0,0.0,0.0,0.0,
13/05/2020,2820.0,2874.139892578125,2793.14990234375,2865.860107421875,6151650000,35.279998779296875,100.23999786376953,0.16,0.6489999890327454,0.48899998903274533,1.1764113053592102,0,0.0,0.0,0.0,0.0,0.0,
14/05/2020,2852.5,2852.800048828125,2766.639892578125,2794.5400390625,5651130000,32.61000061035156,100.47000122070312,0.16,0.6190000176429749,0.4590000176429748,1.061517377039819,0,0.0,0.0,0.0,0.0,0.0,
15/05/2020,2863.699951171875,2865.010009765625,2816.780029296875,2829.949951171875,5507700000,31.889999389648438,100.4000015258789,0.16,0.6399999856948853,0.4799999856948852,1.0105930897208937,0,0.0,0.0,0.0,0.0,0.0,
18/05/2020,2953.909912109375,2968.090087890625,2913.860107421875,2913.860107421875,6373670000,29.299999237060547,99.66999816894531,0.18,0.7440000176429749,0.5640000176429749,1.106394716249048,0,0.0,0.0,0.0,0.0,0.0,
19/05/2020,2922.93994140625,2964.2099609375,2922.35009765625,2948.590087890625,4984330000,30.530000686645508,99.37000274658203,0.17,0.7110000252723694,0.5410000252723693,0.8693048951322149,0,0.0,0.0,0.0,0.0,0.0,
20/05/2020,2971.610107421875,2980.2900390625,2953.6298828125,2953.6298828125,5005380000,27.989999771118164,99.12000274658203,0.16,0.6800000071525574,0.5200000071525573,0.9093346791554894,0,0.0,0.0,0.0,0.0,0.0,
21/05/2020,2948.510009765625,2978.5,2938.570068359375,2969.949951171875,4976620000,29.530000686645508,99.37000274658203,0.17,0.6769999861717224,0.5069999861717224,0.9268242717253248,0,0.0,0.0,0.0,0.0,0.0,
22/05/2020,2955.449951171875,2956.760009765625,2933.590087890625,2948.050048828125,3970860000,28.15999984741211,99.86000061035156,0.17,0.6570000052452087,0.4870000052452087,0.7844182299613683,0,0.0,0.0,0.0,0.0,0.0,
26/05/2020,2991.77001953125,3021.719970703125,2988.169921875,3004.080078125,5848500000,28.010000228881836,98.91000366210938,0.18,0.6980000138282776,0.5180000138282777,1.1798138361288308,0,0.0,0.0,0.0,0.0,0.0,
27/05/2020,3036.1298828125,3036.25,2969.75,3015.64990234375,6398000000,27.6200008392334,99.05999755859375,0.19,0.6800000071525574,0.49000000715255737,1.221022192908529,0,0.0,0.0,0.0,0.0,0.0,
28/05/2020,3029.72998046875,3068.669921875,3023.39990234375,3046.610107421875,5447020000,28.59000015258789,98.37999725341797,0.17,0.7049999833106995,0.5349999833106994,1.0223002139559323,0,0.0,0.0,0.0,0.0,0.0,
29/05/2020,3044.31005859375,3049.169921875,2998.610107421875,3025.169921875,7297550000,27.510000228881836,98.33999633789062,0.16,0.6480000019073486,0.4880000019073486,1.259852157642809,0,0.0,0.0,0.0,0.0,0.0,
01/06/2020,3055.72998046875,3062.179931640625,3031.5400390625,3038.780029296875,4684170000,28.229999542236328,97.83000183105469,0.14,0.6620000004768372,0.5220000004768371,0.7892387727950979,0,0.0,0.0,0.0,0.0,0.0,
02/06/2020,3080.820068359375,3081.070068359375,3051.639892578125,3064.780029296875,5197150000,26.84000015258789,97.66999816894531,0.17,0.6800000071525574,0.5100000071525573,0.8953227840926905,0,0.0,0.0,0.0,0.0,0.0,
03/06/2020,3122.8701171875,3130.93994140625,3098.89990234375,3098.89990234375,6005560000,25.65999984741211,97.27999877929688,0.19,0.7609999775886536,0.5709999775886536,1.0487697968492689,0,0.0,0.0,0.0,0.0,0.0,
04/06/2020,3112.35009765625,3128.909912109375,3090.409912109375,3111.56005859375,6451290000,25.809999465942383,96.68000030517578,0.19,0.8199999928474426,0.6299999928474427,1.088431460413312,0,0.0,0.0,0.0,0.0,0.0,
05/06/2020,3193.929931640625,3211.719970703125,3163.840087890625,3163.840087890625,8639300000,24.520000457763672,96.94000244140625,0.22,0.9039999842643738,0.6839999842643738,1.394448933369962,0,0.0,0.0,0.0,0.0,0.0,
08/06/2020,3232.389892578125,3233.1298828125,3196.0,3199.919921875,8498300000,25.809999465942383,96.62000274658203,0.22,0.8840000033378601,0.6640000033378601,1.221314915094448,0,0.0,0.0,0.0,0.0,0.0,
09/06/2020,3207.179931640625,3222.7099609375,3193.110107421875,3213.320068359375,6410930000,27.56999969482422,96.31999969482422,0.2,0.8289999961853027,0.6289999961853028,0.8902738979563609,0,0.0,0.0,0.0,0.0,0.0,
10/06/2020,3190.139892578125,3223.27001953125,3181.489990234375,3213.419921875,6598870000,27.56999969482422,95.95999908447266,0.17,0.7480000257492065,0.5780000257492065,0.901517240097938,0,0.0,0.0,0.0,0.0,0.0,
11/06/2020,3002.10009765625,3123.530029296875,2999.489990234375,3123.530029296875,7037320000,40.790000915527344,96.7300033569336,0.19,0.652999997138977,0.46299999713897705,0.9462650249887588,0,0.0,0.0,0.0,0.0,0.0,
12/06/2020,3041.31005859375,3088.419921875,2984.469970703125,3071.0400390625,5845330000,36.09000015258789,97.31999969482422,0.19,0.6990000009536743,0.5090000009536744,0.8498404367453458,0,0.0,0.0,0.0,0.0,0.0,
15/06/2020,3066.590087890625,3079.760009765625,2965.659912109375,2993.760009765625,5757480000,34.400001525878906,96.68000030517578,0.19,0.7020000219345093,0.5120000219345093,0.9095565140270452,0,0.0,0.0,0.0,0.0,0.0,
16/06/2020,3124.739990234375,3153.449951171875,3076.06005859375,3131.0,5845810000,33.66999816894531,96.95999908447266,0.21,0.7559999823570251,0.5459999823570252,0.9403001015608587,0,0.0,0.0,0.0,0.0,0.0,
17/06/2020,3113.489990234375,3141.159912109375,3108.030029296875,3136.1298828125,4560450000,33.470001220703125,97.16000366210938,0.19,0.7329999804496765,0.5429999804496766,0.7850287075261332,0,0.0,0.0,0.0,0.0,0.0,
18/06/2020,3115.340087890625,3120.0,3093.510009765625,3101.639892578125,4448690000,32.939998626708984,97.41999816894531,0.19,0.6940000057220459,0.504000005722046,0.8407155405446266,0,0.0,0.0,0.0,0.0,0.0,
19/06/2020,3097.739990234375,3155.530029296875,3083.110107421875,3140.2900390625,8346650000,35.119998931884766,97.62000274658203,0.19,0.6970000267028809,0.5070000267028809,1.4411110435828762,0,0.0,0.0,0.0,0.0,0.0,
22/06/2020,3117.860107421875,3120.919921875,3079.389892578125,3094.419921875,4686690000,31.770000457763672,97.04000091552734,0.19,0.7039999961853027,0.5139999961853028,0.8402612709492049,0,0.0,0.0,0.0,0.0,0.0,
23/06/2020,3131.2900390625,3154.89990234375,3127.1201171875,3138.699951171875,4711850000,31.3700008392334,96.69000244140625,0.18,0.7089999914169312,0.5289999914169312,0.8805770878956789,0,0.0,0.0,0.0,0.0,0.0,
24/06/2020,3050.330078125,3115.010009765625,3032.1298828125,3114.39990234375,5597680000,33.84000015258789,97.1500015258789,0.19,0.6840000152587891,0.49400001525878906,1.00708272583475,0,0.0,0.0,0.0,0.0,0.0,
25/06/2020,3083.760009765625,3086.25,3024.010009765625,3046.60009765625,4847690000,32.220001220703125,97.43000030517578,0.17,0.6740000247955322,0.5040000247955322,0.8598073255728159,0,0.0,0.0,0.0,0.0,0.0,
26/06/2020,3009.050048828125,3073.72998046875,3004.6298828125,3073.199951171875,8107850000,34.72999954223633,97.5,0.17,0.6359999775886536,0.4659999775886535,1.45032906693532,0,0.0,0.0,0.0,0.0,0.0,
29/06/2020,3053.239990234375,3053.889892578125,2999.739990234375,3018.590087890625,4473970000,31.780000686645508,97.54000091552734,0.16,0.6359999775886536,0.47599997758865353,0.8064392278896458,0,0.0,0.0,0.0,0.0,0.0,
30/06/2020,3100.2900390625,3111.510009765625,3047.830078125,3050.199951171875,4705850000,30.43000030517578,97.38999938964844,0.16,0.652999997138977,0.492999997138977,0.8484194303978215,0,0.0,0.0,0.0,0.0,0.0,
01/07/2020,3115.860107421875,3128.43994140625,3101.169921875,3105.919921875,4449230000,28.6200008392334,97.19999694824219,0.17,0.6819999814033508,0.5119999814033508,0.836806209913337,0,0.0,0.0,0.0,0.0,0.0,
02/07/2020,3130.010009765625,3165.81005859375,3124.52001953125,3143.639892578125,4197720000,27.68000030517578,97.31999969482422,0.16,0.6690000295639038,0.5090000295639038,0.8092888964634917,0,0.0,0.0,0.0,0.0,0.0,
06/07/2020,3179.719970703125,3182.590087890625,3155.2900390625,3155.2900390625,4759160000,27.940000534057617,96.79000091552734,0.16,0.6840000152587891,0.524000015258789,1.053567420070814,0,0.0,0.0,0.0,0.0,0.0,
07/07/2020,3145.320068359375,3184.14990234375,3142.929931640625,3166.43994140625,4571330000,29.43000030517578,96.87999725341797,0.16,0.6499999761581421,0.48999997615814206,1.007642630323908,0,0.0,0.0,0.0,0.0,0.0,
08/07/2020,3169.93994140625,3171.800048828125,3136.530029296875,3153.070068359375,4937310000,28.079999923706055,96.43000030517578,0.16,0.652999997138977,0.492999997138977,1.0773213759696263,0,0.0,0.0,0.0,0.0,0.0,
09/07/2020,3152.050048828125,3179.780029296875,3115.699951171875,3176.169921875,4843650000,29.260000228881836,96.69999694824219,0.16,0.6050000190734863,0.4450000190734863,1.039000959708132,0,0.0,0.0,0.0,0.0,0.0,
10/07/2020,3185.0400390625,3186.820068359375,3136.219970703125,3152.469970703125,4524190000,27.290000915527344,96.6500015258789,0.16,0.6330000162124634,0.47300001621246335,0.9570694933583352,0,0.0,0.0,0.0,0.0,0.0,
13/07/2020,3155.219970703125,3235.320068359375,3149.429931640625,3205.080078125,4902440000,32.189998626708984,96.45999908447266,0.16,0.6399999856948853,0.4799999856948852,1.0308373971568094,0,0.0,0.0,0.0,0.0,0.0,
14/07/2020,3197.52001953125,3200.949951171875,3127.659912109375,3141.110107421875,4507140000,29.520000457763672,96.26000213623047,0.14,0.6150000095367432,0.47500000953674315,0.9502827989186468,0,0.0,0.0,0.0,0.0,0.0,
15/07/2020,3226.56005859375,3238.280029296875,3200.760009765625,3225.97998046875,4686830000,27.760000228881836,96.08000183105469,0.16,0.6299999952316284,0.4699999952316284,0.9987171974386568,0,0.0,0.0,0.0,0.0,0.0,
16/07/2020,3215.570068359375,3220.389892578125,3198.590087890625,3208.360107421875,3972860000,28.0,96.3499984741211,0.16,0.6119999885559082,0.45199998855590817,0.8792057524611104,0,0.0,0.0,0.0,0.0,0.0,
17/07/2020,3224.72998046875,3233.52001953125,3205.64990234375,3224.2099609375,4012850000,25.68000030517578,95.94000244140625,0.14,0.628000020980835,0.48800002098083495,0.9086197339748175,0,0.0,0.0,0.0,0.0,0.0,
20/07/2020,3251.840087890625,3258.610107421875,3215.159912109375,3224.2900390625,3979340000,24.459999084472656,95.83000183105469,0.16,0.6200000047683716,0.46000000476837155,0.940341282346725,0,0.0,0.0,0.0,0.0,0.0,
21/07/2020,3257.300048828125,3277.2900390625,3247.77001953125,3268.52001953125,4556610000,24.84000015258789,95.12000274658203,0.14,0.6069999933242798,0.46699999332427977,1.0742419663068894,0,0.0,0.0,0.0,0.0,0.0,
22/07/2020,3276.02001953125,3279.320068359375,3253.10009765625,3254.860107421875,4267160000,24.31999969482422,94.97000122070312,0.14,0.5950000286102295,0.4550000286102295,1.0263112576856217,0,0.0,0.0,0.0,0.0,0.0,
23/07/2020,3235.659912109375,3279.989990234375,3222.659912109375,3271.639892578125,4296760000,26.079999923706055,94.69000244140625,0.16,0.5820000171661377,0.42200001716613766,1.0175761341977727,0,0.0,0.0,0.0,0.0,0.0,
24/07/2020,3215.6298828125,3227.260009765625,3200.050048828125,3218.580078125,3689410000,25.84000015258789,94.44000244140625,0.14,0.5889999866485596,0.44899998664855956,0.8873347225108325,0,0.0,0.0,0.0,0.0,0.0,
27/07/2020,3239.409912109375,3241.429931640625,3214.25,3219.840087890625,3970310000,24.739999771118164,93.66999816894531,0.15,0.609000027179718,0.459000027179718,0.9553085261245654,0,0.0,0.0,0.0,0.0,0.0,
28/07/2020,3218.43994140625,3243.719970703125,3216.169921875,3234.27001953125,4053180000,25.440000534057617,93.76000213623047,0.14,0.5809999704360962,0.4409999704360962,0.9994614540149788,0,0.0,0.0,0.0,0.0,0.0,
29/07/2020,3258.43994140625,3264.739990234375,3227.219970703125,3227.219970703125,4478200000,24.100000381469727,93.26000213623047,0.12,0.5789999961853027,0.45899999618530274,1.0928911072215448,0,0.0,0.0,0.0,0.0,0.0,
30/07/2020,3246.219970703125,3250.919921875,3204.1298828125,3231.760009765625,4264920000,24.760000228881836,93.0199966430664,0.11,0.5410000085830688,0.43100000858306886,1.042460850155602,0,0.0,0.0,0.0,0.0,0.0,
31/07/2020,3271.1201171875,3272.169921875,3220.260009765625,3270.449951171875,5007530000,24.459999084472656,93.48999786376953,0.11,0.5360000133514404,0.42600001335144044,1.1498800871125106,0,0.0,0.0,0.0,0.0,0.0,
03/08/2020,3294.610107421875,3302.72998046875,3284.530029296875,3288.260009765625,4438940000,24.280000686645508,93.5,0.11,0.5630000233650208,0.45300002336502077,0.9978388483089112,0,0.0,0.0,0.0,0.0,0.0,
04/08/2020,3306.510009765625,3306.840087890625,3286.3701171875,3289.919921875,4414380000,23.760000228881836,93.37999725341797,0.11,0.5149999856948853,0.40499998569488527,0.976461214556558,0,0.0,0.0,0.0,0.0,0.0,
05/08/2020,3327.77001953125,3330.77001953125,3317.3701171875,3317.3701171875,4535060000,22.989999771118164,92.83000183105469,0.11,0.5429999828338623,0.4329999828338623,1.0006385467787366,0,0.0,0.0,0.0,0.0,0.0,
06/08/2020,3349.159912109375,3351.030029296875,3318.139892578125,3323.169921875,4278930000,22.649999618530273,92.79000091552734,0.11,0.5360000133514404,0.42600001335144044,0.9435413877231328,0,0.0,0.0,0.0,0.0,0.0,
07/08/2020,3351.280029296875,3352.5400390625,3328.719970703125,3340.050048828125,4110030000,22.209999084472656,93.44000244140625,0.13,0.5619999766349792,0.43199997663497924,0.9436483059914572,0,0.0,0.0,0.0,0.0,0.0,
10/08/2020,3360.469970703125,3363.2900390625,3335.43994140625,3356.0400390625,4327920000,22.1299991607666,93.58000183105469,0.14,0.5740000009536743,0.4340000009536743,0.9987667494987612,0,0.0,0.0,0.0,0.0,0.0,
11/08/2020,3333.68994140625,3381.010009765625,3326.43994140625,3370.340087890625,4880540000,24.030000686645508,93.62999725341797,0.16,0.6579999923706055,0.49799999237060544,1.1025741353883522,0,0.0,0.0,0.0,0.0,0.0,
12/08/2020,3380.35009765625,3387.889892578125,3355.4599609375,3355.4599609375,3772250000,22.280000686645508,93.44000244140625,0.16,0.6700000166893005,0.5100000166893005,0.8826177474897834,0,0.0,0.0,0.0,0.0,0.0,
13/08/2020,3373.429931640625,3387.239990234375,3363.35009765625,3372.949951171875,3438730000,22.1299991607666,93.33999633789062,0.16,0.7160000205039978,0.5560000205039978,0.837510661502708,0,0.0,0.0,0.0,0.0,0.0,
14/08/2020,3372.85009765625,3378.510009765625,3361.639892578125,3368.659912109375,3200060000,22.049999237060547,93.0999984741211,0.14,0.7089999914169312,0.5689999914169311,0.8155304671372868,0,0.0,0.0,0.0,0.0,0.0,
17/08/2020,3381.989990234375,3387.590087890625,3379.219970703125,3380.860107421875,3460330000,21.350000381469727,92.8499984741211,0.14,0.6830000281333923,0.5430000281333923,0.922660678298904,0,0.0,0.0,0.0,0.0,0.0,
18/08/2020,3389.780029296875,3395.06005859375,3370.14990234375,3387.0400390625,3669550000,21.510000228881836,92.2699966430664,0.14,0.6690000295639038,0.5290000295639038,1.0459970172602122,0,0.0,0.0,0.0,0.0,0.0,
19/08/2020,3374.85009765625,3399.5400390625,3369.659912109375,3392.510009765625,3679480000,22.540000915527344,92.88999938964844,0.14,0.675000011920929,0.5350000119209289,1.0544040485667534,0,0.0,0.0,0.0,0.0,0.0,
20/08/2020,3385.510009765625,3390.800048828125,3354.68994140625,3360.47998046875,3431040000,22.719999313354492,92.79000091552734,0.13,0.6439999938011169,0.5139999938011169,0.983643780037912,0,0.0,0.0,0.0,0.0,0.0,
21/08/2020,3397.159912109375,3399.9599609375,3379.31005859375,3386.010009765625,3505010000,22.540000915527344,93.25,0.16,0.6399999856948853,0.4799999856948852,0.9875821409592678,0,0.0,0.0,0.0,0.0,0.0,
24/08/2020,3431.280029296875,3432.090087890625,3413.1298828125,3418.090087890625,3743410000,22.3700008392334,93.30000305175781,0.14,0.6460000276565552,0.5060000276565552,1.0381928824876625,0,0.0,0.0,0.0,0.0,0.0,
25/08/2020,3443.6201171875,3444.2099609375,3425.840087890625,3435.949951171875,3627650000,22.030000686645508,93.0199966430664,0.15,0.6819999814033508,0.5319999814033508,1.0084318372743248,0,0.0,0.0,0.0,0.0,0.0,
26/08/2020,3478.72998046875,3481.070068359375,3444.14990234375,3449.969970703125,3780530000,23.270000457763672,93.01000213623047,0.16,0.6869999766349792,0.5269999766349792,1.0450589463302011,0,0.0,0.0,0.0,0.0,0.0,
27/08/2020,3484.550048828125,3501.3798828125,3468.35009765625,3485.139892578125,3955890000,24.469999313354492,93.01000213623047,0.16,0.7459999918937683,0.5859999918937683,1.0626976831149406,0,0.0,0.0,0.0,0.0,0.0,
28/08/2020,3508.010009765625,3509.22998046875,3484.320068359375,3494.68994140625,3868510000,22.959999084472656,92.37000274658203,0.14,0.7289999723434448,0.5889999723434448,1.0193170422201951,0,0.0,0.0,0.0,0.0,0.0,
31/08/2020,3500.31005859375,3514.77001953125,3493.25,3509.72998046875,4348280000,26.40999984741211,92.13999938964844,0.14,0.6930000185966492,0.5530000185966492,1.110339382437748,0,0.0,0.0,0.0,0.0,0.0,
01/09/2020,3526.64990234375,3528.030029296875,3494.60009765625,3507.43994140625,4101490000,26.1200008392334,92.33999633789062,0.13,0.671999990940094,0.541999990940094,1.0225757553092292,0,0.0,0.0,0.0,0.0,0.0,
02/09/2020,3580.840087890625,3588.110107421875,3535.22998046875,3543.760009765625,4295640000,26.56999969482422,92.8499984741211,0.14,0.6510000228881836,0.5110000228881836,1.0441613218595602,0,0.0,0.0,0.0,0.0,0.0,
03/09/2020,3455.06005859375,3564.85009765625,3427.409912109375,3564.739990234375,4911830000,33.599998474121094,92.73999786376953,0.13,0.621999979019165,0.49199997901916503,1.1409195962974576,0,0.0,0.0,0.0,0.0,0.0,
04/09/2020,3426.9599609375,3479.14990234375,3349.6298828125,3453.60009765625,4438720000,30.75,92.72000122070312,0.14,0.7210000157356262,0.5810000157356262,1.0044189073477685,0,0.0,0.0,0.0,0.0,0.0,
08/09/2020,3331.840087890625,3379.969970703125,3329.27001953125,3371.8798828125,4694330000,31.459999084472656,93.4800033569336,0.14,0.6840000152587891,0.544000015258789,1.0458800258978584,0,0.0,0.0,0.0,0.0,0.0,
09/09/2020,3398.9599609375,3424.77001953125,3366.840087890625,3369.820068359375,3932520000,28.809999465942383,93.26000213623047,0.14,0.703000009059906,0.563000009059906,0.8827982170372791,0,0.0,0.0,0.0,0.0,0.0,
10/09/2020,3339.18994140625,3425.550048828125,3329.25,3412.56005859375,4208630000,29.709999084472656,93.33999633789062,0.14,0.6850000023841858,0.5450000023841858,0.9484865025423656,0,0.0,0.0,0.0,0.0,0.0,
11/09/2020,3340.969970703125,3368.949951171875,3310.469970703125,3352.699951171875,3710090000,26.8700008392334,93.33000183105469,0.13,0.6690000295639038,0.5390000295639038,0.8840160901321894,0,0.0,0.0,0.0,0.0,0.0,
14/09/2020,3383.5400390625,3402.929931640625,3363.56005859375,3363.56005859375,3839580000,25.850000381469727,93.06999969482422,0.14,0.6710000038146973,0.5310000038146973,0.9417590746204958,0,0.0,0.0,0.0,0.0,0.0,
15/09/2020,3401.199951171875,3419.47998046875,3389.25,3407.72998046875,4057190000,25.59000015258789,93.05000305175781,0.14,0.6790000200271606,0.5390000200271606,1.0272402130645062,0,0.0,0.0,0.0,0.0,0.0,
16/09/2020,3385.489990234375,3428.919921875,3384.449951171875,3411.22998046875,4718900000,26.040000915527344,93.20999908447266,0.14,0.6869999766349792,0.5469999766349792,1.1490236622563417,1,1.794871794871795,0.0955423985293807,0.1153846153846153,0.6775147928994083,0.2071005917159763,0.0
17/09/2020,3357.010009765625,3375.169921875,3328.820068359375,3346.860107421875,4379840000,26.459999084472656,92.97000122070312,0.13,0.6840000152587891,0.5540000152587891,1.057646240630554,0,0.0,0.0,0.0,0.0,0.0,
18/09/2020,3319.469970703125,3362.27001953125,3292.39990234375,3357.3798828125,7076400000,25.829999923706055,92.93000030517578,0.14,0.6940000057220459,0.5540000057220459,1.4698459740004013,0,0.0,0.0,0.0,0.0,0.0,
21/09/2020,3281.06005859375,3285.570068359375,3229.10009765625,3285.570068359375,4836070000,27.780000686645508,93.54000091552734,0.14,0.6710000038146973,0.5310000038146973,0.9645749230106428,0,0.0,0.0,0.0,0.0,0.0,
22/09/2020,3315.570068359375,3320.31005859375,3270.949951171875,3295.75,3974510000,26.860000610351562,93.98999786376953,0.13,0.6639999747276306,0.5339999747276306,0.795356307522857,0,0.0,0.0,0.0,0.0,0.0,
23/09/2020,3236.919921875,3323.35009765625,3232.570068359375,3320.110107421875,4378650000,28.579999923706055,94.38999938964844,0.14,0.6759999990463257,0.5359999990463257,0.88832755066144,0,0.0,0.0,0.0,0.0,0.0,
24/09/2020,3246.590087890625,3278.699951171875,3209.449951171875,3226.139892578125,4601920000,28.510000228881836,94.3499984741211,0.14,0.6660000085830688,0.5260000085830688,0.9252861661080404,0,0.0,0.0,0.0,0.0,0.0,
25/09/2020,3298.4599609375,3306.8798828125,3228.43994140625,3236.659912109375,3803330000,26.3799991607666,94.58000183105469,0.12,0.6589999794960022,0.5389999794960022,0.880625511704843,0,0.0,0.0,0.0,0.0,0.0,
28/09/2020,3351.60009765625,3360.739990234375,3332.909912109375,3333.89990234375,3950910000,26.190000534057617,94.26000213623047,0.14,0.6629999876022339,0.5229999876022339,0.9538966030753304,0,0.0,0.0,0.0,0.0,0.0,
29/09/2020,3335.469970703125,3357.919921875,3327.5400390625,3350.919921875,3661590000,26.270000457763672,93.88999938964844,0.11,0.6449999809265137,0.5349999809265137,0.8976069306348179,0,0.0,0.0,0.0,0.0,0.0,
30/09/2020,3363.0,3393.56005859375,3340.469970703125,3341.2099609375,4738640000,26.3700008392334,93.88999938964844,0.13,0.6769999861717224,0.5469999861717224,1.1414894401194042,0,0.0,0.0,0.0,0.0,0.0,
01/10/2020,3380.800048828125,3397.179931640625,3361.389892578125,3385.8701171875,4076340000,26.700000762939453,93.70999908447266,0.14,0.6769999861717224,0.5369999861717224,1.0074584260343509,0,0.0,0.0,0.0,0.0,0.0,
02/10/2020,3348.419921875,3369.10009765625,3323.68994140625,3338.93994140625,3975180000,27.6299991607666,93.83999633789062,0.13,0.6959999799728394,0.5659999799728394,0.974181797863612,0,0.0,0.0,0.0,0.0,0.0,
05/10/2020,3408.60009765625,3409.570068359375,3367.27001953125,3367.27001953125,3692720000,27.959999084472656,93.51000213623047,0.14,0.7620000243186951,0.622000024318695,0.9165592343705246,0,0.0,0.0,0.0,0.0,0.0,
06/10/2020,3360.969970703125,3431.56005859375,3354.5400390625,3408.739990234375,4453390000,29.479999542236328,93.83000183105469,0.14,0.7419999837875366,0.6019999837875366,1.0635585995022037,0,0.0,0.0,0.0,0.0,0.0,
07/10/2020,3419.43994140625,3426.260009765625,3384.56005859375,3384.56005859375,3814750000,28.059999465942383,93.62999725341797,0.16,0.7850000262260437,0.6250000262260437,0.9530975326273036,0,0.0,0.0,0.0,0.0,0.0,
08/10/2020,3446.830078125,3447.280029296875,3428.14990234375,3434.280029296875,3867640000,26.360000610351562,93.61000061035156,0.13,0.7649999856948853,0.6349999856948852,0.9764952776453668,0,0.0,0.0,0.0,0.0,0.0,
09/10/2020,3477.139892578125,3482.340087890625,3458.070068359375,3459.669921875,3944090000,25.0,93.05999755859375,0.16,0.7749999761581421,0.6149999761581421,0.9973630161754228,0,0.0,0.0,0.0,0.0,0.0,
12/10/2020,3534.219970703125,3549.85009765625,3499.610107421875,3500.02001953125,3435760000,25.06999969482422,93.06999969482422,0.16,0.7770000100135803,0.6149999761581421,0.880258541487003,0,0.0,0.0,0.0,0.0,0.0,
13/10/2020,3511.929931640625,3534.010009765625,3500.860107421875,3534.010009765625,3611100000,26.06999969482422,93.52999877929688,0.16,0.7269999980926514,0.5669999980926513,0.9669132570820216,0,0.0,0.0,0.0,0.0,0.0,
14/10/2020,3488.669921875,3527.93994140625,3480.550048828125,3515.469970703125,3858510000,26.399999618530273,93.37999725341797,0.14,0.722000002861023,0.5820000028610229,1.030744613214654,0,0.0,0.0,0.0,0.0,0.0,
15/10/2020,3483.340087890625,3489.080078125,3440.889892578125,3453.719970703125,3724550000,26.969999313354492,93.86000061035156,0.14,0.7310000061988831,0.591000006198883,1.002624096789008,0,0.0,0.0,0.0,0.0,0.0,
16/10/2020,3483.81005859375,3515.760009765625,3480.449951171875,3493.5,4688030000,27.40999984741211,93.68000030517578,0.14,0.7440000176429749,0.6040000176429748,1.21338703123261,0,0.0,0.0,0.0,0.0,0.0,
19/10/2020,3426.919921875,3502.419921875,3419.929931640625,3493.659912109375,4091080000,29.18000030517578,93.43000030517578,0.16,0.7609999775886536,0.6009999775886535,1.0241387614546842,0,0.0,0.0,0.0,0.0,0.0,
20/10/2020,3443.1201171875,3476.929931640625,3435.64990234375,3439.3798828125,3917850000,29.350000381469727,93.06999969482422,0.14,0.796999990940094,0.656999990940094,0.9659383965104572,0,0.0,0.0,0.0,0.0,0.0,
21/10/2020,3435.56005859375,3464.860107421875,3433.06005859375,3439.909912109375,4103960000,28.649999618530273,92.61000061035156,0.14,0.8159999847412109,0.6759999847412109,0.999723757848176,0,0.0,0.0,0.0,0.0,0.0,
22/10/2020,3453.489990234375,3460.530029296875,3415.340087890625,3438.5,4172060000,28.110000610351562,92.94999694824219,0.16,0.8479999899864197,0.6879999899864196,0.9946273729341276,0,0.0,0.0,0.0,0.0,0.0,
23/10/2020,3465.389892578125,3466.4599609375,3440.449951171875,3464.89990234375,3651600000,27.549999237060547,92.7699966430664,0.18,0.8410000205039978,0.6610000205039979,0.915805392608049,0,0.0,0.0,0.0,0.0,0.0,
26/10/2020,3400.969970703125,3441.419921875,3364.860107421875,3441.419921875,4002210000,32.459999084472656,93.05000305175781,0.16,0.8009999990463257,0.6409999990463257,1.0082311887333937,0,0.0,0.0,0.0,0.0,0.0,
27/10/2020,3390.679931640625,3409.510009765625,3388.7099609375,3403.14990234375,3962400000,33.349998474121094,92.94000244140625,0.16,0.777999997138977,0.617999997138977,0.9959667669235676,0,0.0,0.0,0.0,0.0,0.0,
28/10/2020,3271.030029296875,3342.47998046875,3268.889892578125,3342.47998046875,5139970000,40.279998779296875,93.41000366210938,0.16,0.781000018119812,0.621000018119812,1.2279986276915784,0,0.0,0.0,0.0,0.0,0.0,
29/10/2020,3310.110107421875,3341.050048828125,3259.820068359375,3277.169921875,4911860000,37.59000015258789,93.95999908447266,0.16,0.8349999785423279,0.6749999785423278,1.1334343115482526,0,0.0,0.0,0.0,0.0,0.0,
30/10/2020,3269.9599609375,3304.929931640625,3233.93994140625,3293.590087890625,4843930000,38.02000045776367,94.04000091552734,0.14,0.8600000143051147,0.7200000143051147,1.0594601049764287,0,0.0,0.0,0.0,0.0,0.0,
02/11/2020,3310.239990234375,3330.139892578125,3279.739990234375,3296.199951171875,4314690000,37.130001068115234,94.05000305175781,0.16,0.8489999771118164,0.6889999771118164,0.9309795730779772,0,0.0,0.0,0.0,0.0,0.0,
03/11/2020,3369.159912109375,3389.489990234375,3336.25,3336.25,4241380000,35.54999923706055,93.55000305175781,0.17,0.8820000290870667,0.7120000290870666,0.9042748476344916,0,0.0,0.0,0.0,0.0,0.0,
04/11/2020,3443.43994140625,3486.25,3405.169921875,3406.4599609375,4790400000,29.56999969482422,93.41000366210938,0.14,0.7680000066757202,0.6280000066757202,1.0367816828310303,0,0.0,0.0,0.0,0.0,0.0,
05/11/2020,3510.449951171875,3529.050048828125,3485.739990234375,3485.739990234375,4858150000,27.579999923706055,92.52999877929688,0.14,0.7760000228881836,0.6360000228881836,1.0538949304836964,1,1.6571428571428573,0.0905389468054581,0.1330798479087452,0.6463878326996197,0.2205323193916349,0.0
06/11/2020,3509.43994140625,3521.580078125,3484.340087890625,3508.340087890625,4842460000,24.860000610351562,92.2300033569336,0.16,0.8199999928474426,0.6599999928474426,1.050558248593748,0,0.0,0.0,0.0,0.0,0.0,
09/11/2020,3550.5,3645.989990234375,3547.47998046875,3583.0400390625,8570510000,25.75,92.7300033569336,0.17,0.9580000042915344,0.7880000042915344,1.569523750224335,0,0.0,0.0,0.0,0.0,0.0,
10/11/2020,3545.530029296875,3557.219970703125,3511.909912109375,3543.260009765625,6037470000,24.799999237060547,92.75,0.19,0.972000002861023,0.782000002861023,1.037401985429735,0,0.0,0.0,0.0,0.0,0.0,
11/11/2020,3572.659912109375,3581.159912109375,3557.0,3563.219970703125,4635560000,23.450000762939453,93.04000091552734,0.19,0.9580000042915344,0.782000002861023,0.8007766681695611,0,0.0,0.0,0.0,0.0,0.0,
12/11/2020,3537.010009765625,3569.02001953125,3518.580078125,3562.669921875,4909660000,25.350000381469727,92.95999908447266,0.17,0.8849999904632568,0.7149999904632568,0.8466198044810844,0,0.0,0.0,0.0,0.0,0.0,
13/11/2020,3585.14990234375,3593.659912109375,3552.570068359375,3552.570068359375,4719580000,23.100000381469727,92.76000213623047,0.17,0.8930000066757202,0.7230000066757202,0.8173061270857881,0,0.0,0.0,0.0,0.0,0.0,
16/11/2020,3626.909912109375,3628.510009765625,3600.159912109375,3600.159912109375,5295510000,22.450000762939453,92.56999969482422,0.19,0.906000018119812,0.7160000181198121,1.034368996061377,0,0.0,0.0,0.0,0.0,0.0,
17/11/2020,3609.530029296875,3623.110107421875,3588.679931640625,3610.31005859375,4812180000,22.709999084472656,92.41999816894531,0.18,0.871999979019165,0.6919999790191651,0.987215504037544,0,0.0,0.0,0.0,0.0,0.0,
18/11/2020,3567.7900390625,3619.090087890625,3567.330078125,3612.090087890625,5284810000,23.84000015258789,92.31999969482422,0.16,0.8820000290870667,0.7220000290870666,1.0560436644294122,0,0.0,0.0,0.0,0.0,0.0,
19/11/2020,3581.8701171875,3585.219970703125,3543.840087890625,3559.409912109375,4363370000,23.110000610351562,92.29000091552734,0.18,0.8539999723434448,0.6739999723434449,0.8913768694753315,0,0.0,0.0,0.0,0.0,0.0,
20/11/2020,3557.5400390625,3581.22998046875,3556.85009765625,3579.31005859375,4236370000,23.700000762939453,92.38999938964844,0.16,0.8289999961853027,0.6689999961853027,0.8828625422219851,0,0.0,0.0,0.0,0.0,0.0,
23/11/2020,3577.590087890625,3589.81005859375,3552.77001953125,3566.820068359375,5057550000,22.65999984741211,92.51000213623047,0.16,0.8569999933242798,0.6969999933242798,1.0645555243097244,0,0.0,0.0,0.0,0.0,0.0,
24/11/2020,3635.409912109375,3642.31005859375,3594.52001953125,3594.52001953125,6280290000,21.639999389648438,92.2300033569336,0.16,0.8820000290870667,0.7220000290870666,1.2449831280858,0,0.0,0.0,0.0,0.0,0.0,
25/11/2020,3629.64990234375,3635.5,3617.760009765625,3635.5,4910440000,21.25,91.98999786376953,0.17,0.878000020980835,0.7080000209808349,0.9880948260666242,0,0.0,0.0,0.0,0.0,0.0,
27/11/2020,3638.35009765625,3644.31005859375,3629.330078125,3638.550048828125,2778390000,20.84000015258789,91.79000091552734,0.16,0.8420000076293945,0.6820000076293945,0.597168297866487,0,0.0,0.0,0.0,0.0,0.0,
30/11/2020,3621.6298828125,3634.179931640625,3594.389892578125,3634.179931640625,6308410000,20.56999969482422,91.87000274658203,0.16,0.843999981880188,0.683999981880188,1.2449950819180362,0,0.0,0.0,0.0,0.0,0.0,
01/12/2020,3662.449951171875,3678.449951171875,3645.8701171875,3645.8701171875,5418480000,20.770000457763672,91.30999755859375,0.17,0.9340000152587891,0.764000015258789,1.0543426781044996,0,0.0,0.0,0.0,0.0,0.0,
02/12/2020,3669.010009765625,3670.9599609375,3644.840087890625,3653.780029296875,5041250000,21.170000076293945,91.12000274658203,0.16,0.9480000138282776,0.7880000138282776,1.0306366651306356,0,0.0,0.0,0.0,0.0,0.0,
03/12/2020,3666.719970703125,3682.72998046875,3657.169921875,3668.280029296875,5065340000,21.280000686645508,90.70999908447266,0.16,0.9200000166893005,0.7600000166893005,1.0290441157051455,0,0.0,0.0,0.0,0.0,0.0,
04/12/2020,3699.1201171875,3699.199951171875,3670.93994140625,3670.93994140625,5099620000,20.790000915527344,90.69999694824219,0.16,0.968999981880188,0.808999981880188,0.946719835444119,0,0.0,0.0,0.0,0.0,0.0,
07/12/2020,3691.9599609375,3697.409912109375,3678.8798828125,3694.72998046875,4804500000,21.299999237060547,90.79000091552734,0.14,0.9279999732971191,0.7879999732971191,0.9446820759921964,0,0.0,0.0,0.0,0.0,0.0,
08/12/2020,3702.25,3708.449951171875,3678.830078125,3683.050048828125,4584390000,20.68000030517578,90.97000122070312,0.14,0.9129999876022339,0.7729999876022339,0.931972222109282,0,0.0,0.0,0.0,0.0,0.0,
09/12/2020,3672.820068359375,3712.389892578125,3660.5400390625,3705.97998046875,5232800000,22.270000457763672,91.08999633789062,0.16,0.9409999847412109,0.7809999847412109,1.0555682191825035,0,0.0,0.0,0.0,0.0,0.0,
10/12/2020,3668.10009765625,3678.489990234375,3645.179931640625,3659.1298828125,4658480000,22.520000457763672,90.79000091552734,0.14,0.9079999923706055,0.7679999923706055,0.9553978930909576,0,0.0,0.0,0.0,0.0,0.0,
11/12/2020,3663.4599609375,3665.909912109375,3633.39990234375,3656.080078125,4375470000,23.309999465942383,90.9800033569336,0.11,0.8930000066757202,0.7830000066757202,0.924825961166132,0,0.0,0.0,0.0,0.0,0.0,
14/12/2020,3647.489990234375,3697.610107421875,3645.840087890625,3675.27001953125,4623850000,24.719999313354492,90.70999908447266,0.13,0.8920000195503235,0.7620000195503235,0.9848459999343984,0,0.0,0.0,0.0,0.0,0.0,
15/12/2020,3694.6201171875,3695.2900390625,3659.6201171875,3666.409912109375,4387080000,22.889999389648438,90.47000122070312,0.11,0.9229999780654907,0.8129999780654907,0.9423361778321552,0,0.0,0.0,0.0,0.0,0.0,
16/12/2020,3701.169921875,3711.27001953125,3688.570068359375,3696.25,4067040000,22.5,90.44999694824219,0.13,0.9200000166893005,0.7900000166893005,0.9196487686279616,1,1.1851851851851851,0.0590989705698233,0.147945205479452,0.6767123287671233,0.1753424657534246,0.0
17/12/2020,3722.47998046875,3725.1201171875,3710.8701171875,3713.64990234375,4192810000,21.93000030517578,89.81999969482422,0.13,0.9300000071525574,0.8000000071525574,0.9684841485245712,0,0.0,0.0,0.0,0.0,0.0,
18/12/2020,3709.409912109375,3726.699951171875,3685.840087890625,3722.389892578125,7097100000,21.56999969482422,90.0199966430664,0.13,0.9480000138282776,0.8180000138282776,1.456240756274243,0,0.0,0.0,0.0,0.0,0.0,
21/12/2020,3694.919921875,3702.89990234375,3636.47998046875,3684.280029296875,4748580000,25.15999984741211,90.04000091552734,0.13,0.9409999847412109,0.8109999847412109,0.9693903589695014,0,0.0,0.0,0.0,0.0,0.0,
22/12/2020,3687.260009765625,3698.260009765625,3676.159912109375,3698.080078125,4053310000,24.229999542236328,90.6500015258789,0.13,0.9179999828338623,0.7879999828338623,0.8388875459252183,0,0.0,0.0,0.0,0.0,0.0,
23/12/2020,3690.010009765625,3711.239990234375,3689.280029296875,3693.419921875,3779160000,23.309999465942383,90.41000366210938,0.13,0.9549999833106995,0.8249999833106995,0.7915810675398057,0,0.0,0.0,0.0,0.0,0.0,
24/12/2020,3703.06005859375,3703.820068359375,3689.320068359375,3694.030029296875,1883780000,21.530000686645508,90.33000183105469,0.13,0.9279999732971191,0.7979999732971191,0.4368300982333214,0,0.0,0.0,0.0,0.0,0.0,
28/12/2020,3735.360107421875,3740.510009765625,3723.030029296875,3723.030029296875,3535460000,21.700000762939453,90.33999633789062,0.13,0.9330000281333923,0.8030000281333923,0.9820564002024412,0,0.0,0.0,0.0,0.0,0.0,
29/12/2020,3727.0400390625,3756.1201171875,3723.31005859375,3750.010009765625,3393290000,23.079999923706055,90.01000213623047,0.12,0.9350000023841858,0.8150000023841858,1.0193121057374588,0,0.0,0.0,0.0,0.0,0.0,
30/12/2020,3732.0400390625,3744.6298828125,3730.2099609375,3736.18994140625,3154850000,22.770000457763672,89.62999725341797,0.12,0.9259999990463257,0.8059999990463257,1.0017597516660803,0,0.0,0.0,0.0,0.0,0.0,
31/12/2020,3756.070068359375,3760.199951171875,3726.8798828125,3733.27001953125,3179040000,22.75,89.94000244140625,0.13,0.9169999957084656,0.7869999957084656,1.0494361043731786,0,0.0,0.0,0.0,0.0,0.0,
04/01/2021,3700.64990234375,3769.989990234375,3662.7099609375,3764.610107421875,5015000000,26.969999313354492,89.87999725341797,0.11,0.9169999957084656,0.8069999957084656,1.371894839815206,0,0.0,0.0,0.0,0.0,0.0,
05/01/2021,3726.860107421875,3737.830078125,3695.070068359375,3698.02001953125,4591020000,25.34000015258789,89.44000244140625,0.13,0.9549999833106995,0.8249999833106995,1.187340947178946,0,0.0,0.0,0.0,0.0,0.0,
06/01/2021,3748.139892578125,3783.0400390625,3705.340087890625,3712.199951171875,6064110000,25.06999969482422,89.52999877929688,0.14,1.0420000553131104,0.9020000553131103,1.3779550282175712,0,0.0,0.0,0.0,0.0,0.0,
07/01/2021,3803.7900390625,3811.550048828125,3764.7099609375,3764.7099609375,5099160000,22.3700008392334,89.83000183105469,0.14,1.0709999799728394,0.9309999799728393,1.0646170317512744,0,0.0,0.0,0.0,0.0,0.0,
08/01/2021,3824.679931640625,3826.68994140625,3783.60009765625,3815.050048828125,4773040000,21.559999465942383,90.0999984741211,0.14,1.1050000190734863,0.9650000190734863,0.9343391930180216,0,0.0,0.0,0.0,0.0,0.0,
11/01/2021,3799.610107421875,3817.860107421875,3789.02001953125,3803.139892578125,4465430000,24.079999923706055,90.54000091552734,0.14,1.1319999694824219,0.9919999694824219,0.8933447126287773,0,0.0,0.0,0.0,0.0,0.0,
12/01/2021,3801.18994140625,3810.780029296875,3776.510009765625,3801.6201171875,4994950000,23.329999923706055,90.05000305175781,0.14,1.1380000114440918,0.9980000114440918,0.98338602392674,0,0.0,0.0,0.0,0.0,0.0,
13/01/2021,3809.840087890625,3820.9599609375,3791.5,3802.22998046875,4602510000,22.209999084472656,90.31999969482422,0.14,1.0880000591278076,0.9480000591278076,0.9614565894675976,0,0.0,0.0,0.0,0.0,0.0,
14/01/2021,3795.5400390625,3823.60009765625,3792.860107421875,3814.97998046875,5198480000,23.25,90.23999786376953,0.16,1.128999948501587,0.9689999485015869,1.0814661146248232,0,0.0,0.0,0.0,0.0,0.0,
15/01/2021,3768.25,3788.72998046875,3749.6201171875,3788.72998046875,5369820000,24.34000015258789,90.77999877929688,0.13,1.097000002861023,0.967000002861023,1.0900447765617496,0,0.0,0.0,0.0,0.0,0.0,
19/01/2021,3798.909912109375,3804.530029296875,3780.3701171875,3781.8798828125,5014440000,23.239999771118164,90.5,0.14,1.0920000076293945,0.9520000076293945,0.995710915719494,0,0.0,0.0,0.0,0.0,0.0,
20/01/2021,3851.85009765625,3859.75,3816.219970703125,3816.219970703125,4566190000,21.579999923706055,90.47000122070312,0.13,1.090000033378601,0.9600000333786011,0.9224089588322942,0,0.0,0.0,0.0,0.0,0.0,
21/01/2021,3853.070068359375,3861.449951171875,3845.050048828125,3857.4599609375,4501760000,21.31999969482422,90.12999725341797,0.13,1.1089999675750732,0.9789999675750732,0.9131103429559172,0,0.0,0.0,0.0,0.0,0.0,
22/01/2021,3841.469970703125,3852.31005859375,3830.409912109375,3844.239990234375,5110890000,21.90999984741211,90.23999786376953,0.13,1.090999960899353,0.960999960899353,1.040359319467005,0,0.0,0.0,0.0,0.0,0.0,
25/01/2021,3855.360107421875,3859.22998046875,3797.159912109375,3851.679931640625,7000840000,23.190000534057617,90.38999938964844,0.13,1.0399999618530273,0.9099999618530273,1.3363380789276371,0,0.0,0.0,0.0,0.0,0.0,
26/01/2021,3849.6201171875,3870.89990234375,3847.780029296875,3862.9599609375,6137500000,23.020000457763672,90.16999816894531,0.11,1.0399999618530273,0.9299999618530274,1.1233773032209036,0,0.0,0.0,0.0,0.0,0.0,
27/01/2021,3750.77001953125,3836.830078125,3732.47998046875,3836.830078125,9976520000,37.209999084472656,90.6500015258789,0.12,1.0140000581741333,0.8940000581741333,1.5241795052541425,1,1.173913043478261,0.0481182774252504,0.1364985163204747,0.7032640949554896,0.1602373887240356,0.0
28/01/2021,3787.3798828125,3830.5,3755.75,3755.75,6992770000,30.209999084472656,90.45999908447266,0.12,1.0570000410079956,0.9370000410079956,0.9927688613831588,0,0.0,0.0,0.0,0.0,0.0,
29/01/2021,3714.239990234375,3778.050048828125,3694.1201171875,3778.050048828125,6643370000,33.09000015258789,90.58000183105469,0.11,1.093000054359436,0.983000054359436,0.9038352697885772,0,0.0,0.0,0.0,0.0,0.0,
01/02/2021,3773.860107421875,3784.320068359375,3725.6201171875,3731.169921875,5436230000,30.239999771118164,91.0199966430664,0.11,1.0770000219345093,0.9670000219345093,0.7724904430377768,0,0.0,0.0,0.0,0.0,0.0,
02/02/2021,3826.31005859375,3843.090087890625,3791.840087890625,3791.840087890625,5514090000,25.559999465942383,91.19999694824219,0.11,1.1050000190734863,0.9950000190734863,0.7976872943247371,0,0.0,0.0,0.0,0.0,0.0,
03/02/2021,3830.169921875,3847.510009765625,3816.679931640625,3840.27001953125,4864870000,22.90999984741211,91.12000274658203,0.11,1.13100004196167,1.0210000419616698,0.8259168601214274,0,0.0,0.0,0.0,0.0,0.0,
04/02/2021,3871.739990234375,3872.419921875,3836.659912109375,3836.659912109375,4879240000,21.770000457763672,91.52999877929688,0.11,1.1390000581741333,1.0290000581741332,0.8923980715346517,0,0.0,0.0,0.0,0.0,0.0,
05/02/2021,3886.830078125,3894.56005859375,3874.929931640625,3878.300048828125,4879470000,20.8700008392334,91.04000091552734,0.09,1.1699999570846558,1.0799999570846557,0.9539941111836676,0,0.0,0.0,0.0,0.0,0.0,
08/02/2021,3915.590087890625,3915.77001953125,3892.590087890625,3892.590087890625,4648360000,21.239999771118164,90.93000030517578,0.11,1.159999966621399,1.0499999666213988,0.9376975659272582,0,0.0,0.0,0.0,0.0,0.0,
09/02/2021,3911.22998046875,3918.35009765625,3902.639892578125,3910.489990234375,4568320000,21.6299991607666,90.44000244140625,0.11,1.156999945640564,1.0469999456405639,0.9581103561790014,0,0.0,0.0,0.0,0.0,0.0,
10/02/2021,3909.8798828125,3931.5,3884.93994140625,3920.780029296875,4837070000,21.989999771118164,90.37000274658203,0.11,1.1330000162124634,1.0230000162124633,1.0156594488767643,0,0.0,0.0,0.0,0.0,0.0,
11/02/2021,3916.3798828125,3925.989990234375,3890.389892578125,3916.39990234375,4590960000,21.25,90.41999816894531,0.11,1.1579999923706055,1.0479999923706054,0.9757959682335368,0,0.0,0.0,0.0,0.0,0.0,
12/02/2021,3934.830078125,3937.22998046875,3905.780029296875,3911.64990234375,4135060000,19.969999313354492,90.4800033569336,0.11,1.2000000476837158,1.0900000476837157,0.9076167143039636,0,0.0,0.0,0.0,0.0,0.0,
16/02/2021,3932.590087890625,3950.429931640625,3923.85009765625,3939.610107421875,5058990000,21.459999084472656,90.51000213623047,0.13,1.2990000247955322,1.1690000247955323,1.0907509141713814,0,0.0,0.0,0.0,0.0,0.0,
17/02/2021,3931.330078125,3933.610107421875,3900.429931640625,3918.5,4730650000,21.5,90.94999694824219,0.11,1.3009999990463257,1.1909999990463256,1.0128687309792046,0,0.0,0.0,0.0,0.0,0.0,
18/02/2021,3913.969970703125,3921.97998046875,3885.030029296875,3915.860107421875,4793650000,22.489999771118164,90.58999633789062,0.11,1.2869999408721924,1.1769999408721923,1.0282693910716365,0,0.0,0.0,0.0,0.0,0.0,
19/02/2021,3906.7099609375,3930.409912109375,3903.070068359375,3921.159912109375,4845320000,22.049999237060547,90.36000061035156,0.11,1.3450000286102295,1.2350000286102294,1.0281335632352686,0,0.0,0.0,0.0,0.0,0.0,
22/02/2021,3876.5,3902.919921875,3874.7099609375,3885.550048828125,5917100000,23.450000762939453,90.01000213623047,0.11,1.3700000047683716,1.2600000047683715,1.167278407272868,0,0.0,0.0,0.0,0.0,0.0,
23/02/2021,3881.3701171875,3895.97998046875,3805.590087890625,3857.070068359375,6296610000,23.110000610351562,90.16999816894531,0.11,1.3619999885559082,1.251999988555908,1.1843155090050794,0,0.0,0.0,0.0,0.0,0.0,
24/02/2021,3925.429931640625,3928.64990234375,3859.60009765625,3873.7099609375,6012790000,21.34000015258789,90.18000030517578,0.12,1.3890000581741333,1.2690000581741332,1.078896210973653,0,0.0,0.0,0.0,0.0,0.0,
25/02/2021,3829.340087890625,3925.02001953125,3814.0400390625,3915.800048828125,6547470000,28.889999389648438,90.12999725341797,0.17,1.5180000066757202,1.3480000066757203,1.1052712607223198,0,0.0,0.0,0.0,0.0,0.0,
26/02/2021,3811.14990234375,3861.080078125,3789.5400390625,3839.659912109375,6526070000,27.950000762939453,90.93000030517578,0.14,1.4600000381469727,1.3200000381469725,1.042501862617428,0,0.0,0.0,0.0,0.0,0.0,
01/03/2021,3901.820068359375,3914.5,3842.510009765625,3842.510009765625,5114820000,23.350000381469727,91.04000091552734,0.13,1.4459999799728394,1.3159999799728395,0.8385566677683869,0,0.0,0.0,0.0,0.0,0.0,
02/03/2021,3870.2900390625,3906.409912109375,3868.570068359375,3903.639892578125,5536010000,24.100000381469727,90.79000091552734,0.13,1.4149999618530273,1.2849999618530275,0.9308235890717204,0,0.0,0.0,0.0,0.0,0.0,
03/03/2021,3819.719970703125,3874.469970703125,3818.860107421875,3863.989990234375,6173660000,26.670000076293945,90.94999694824219,0.14,1.4700000286102295,1.3300000286102294,1.0324526398562046,0,0.0,0.0,0.0,0.0,0.0,
04/03/2021,3768.469970703125,3843.669921875,3723.340087890625,3818.530029296875,7195400000,28.56999969482422,91.62999725341797,0.14,1.5499999523162842,1.409999952316284,1.1777989626124044,0,0.0,0.0,0.0,0.0,0.0,
05/03/2021,3841.93994140625,3851.68994140625,3730.18994140625,3793.580078125,6851070000,24.65999984741211,91.9800033569336,0.14,1.5540000200271606,1.4140000200271605,1.1096302155812452,0,0.0,0.0,0.0,0.0,0.0,
08/03/2021,3821.35009765625,3881.06005859375,3819.25,3844.389892578125,5871710000,25.469999313354492,92.30999755859375,0.17,1.5959999561309814,1.4259999561309815,0.9282499442737968,0,0.0,0.0,0.0,0.0,0.0,
09/03/2021,3875.43994140625,3903.760009765625,3851.929931640625,3851.929931640625,5513560000,24.030000686645508,91.95999908447266,0.17,1.5460000038146973,1.3760000038146973,0.872249678852348,0,0.0,0.0,0.0,0.0,0.0,
10/03/2021,3898.81005859375,3917.35009765625,3885.72998046875,3891.989990234375,5847380000,22.559999465942383,91.79000091552734,0.16,1.5199999809265137,1.3599999809265138,0.9347098000199494,0,0.0,0.0,0.0,0.0,0.0,
11/03/2021,3939.340087890625,3960.27001953125,3915.5400390625,3915.5400390625,5312880000,21.90999984741211,91.41999816894531,0.14,1.5269999504089355,1.3869999504089354,0.903655524788581,0,0.0,0.0,0.0,0.0,0.0,
12/03/2021,3943.340087890625,3944.989990234375,3915.2099609375,3924.52001953125,4476280000,20.690000534057617,91.68000030517578,0.14,1.6349999904632568,1.4949999904632567,0.828271681282638,0,0.0,0.0,0.0,0.0,0.0,
15/03/2021,3968.93994140625,3970.080078125,3923.5400390625,3942.9599609375,4900100000,20.030000686645508,91.83000183105469,0.14,1.6069999933242798,1.4669999933242797,0.9405110133511452,0,0.0,0.0,0.0,0.0,0.0,
16/03/2021,3962.7099609375,3981.0400390625,3953.43994140625,3973.590087890625,4613080000,19.790000915527344,91.87000274658203,0.15,1.621000051498413,1.4710000514984132,0.9171235305999432,0,0.0,0.0,0.0,0.0,0.0,
17/03/2021,3974.1201171875,3983.8701171875,3935.739990234375,3949.570068359375,4561660000,19.229999542236328,91.4000015258789,0.13,1.6410000324249268,1.5110000324249269,0.9557618169627892,1,1.425531914893617,0.071008322169048,0.1256684491978609,0.6951871657754011,0.1791443850267379,0.0
18/03/2021,3915.4599609375,3969.6201171875,3910.860107421875,3953.5,5118590000,21.579999923706055,91.8499984741211,0.16,1.7300000190734863,1.5700000190734864,1.0812532134952224,0,0.0,0.0,0.0,0.0,0.0,
19/03/2021,3913.10009765625,3930.1201171875,3886.75,3913.139892578125,7757420000,20.950000762939453,91.91999816894531,0.16,1.7319999933242798,1.5719999933242799,1.4391790982473651,0,0.0,0.0,0.0,0.0,0.0,
22/03/2021,3940.590087890625,3955.31005859375,3914.159912109375,3916.47998046875,4316260000,18.8799991607666,91.80000305175781,0.15,1.684000015258789,1.5340000152587892,0.8184962951809857,0,0.0,0.0,0.0,0.0,0.0,
23/03/2021,3910.52001953125,3949.1298828125,3901.570068359375,3937.60009765625,4669010000,20.299999237060547,92.33999633789062,0.15,1.6380000114440918,1.4880000114440919,0.883514476436006,0,0.0,0.0,0.0,0.0,0.0,
24/03/2021,3889.139892578125,3942.080078125,3889.070068359375,3919.929931640625,4783020000,21.200000762939453,92.52999877929688,0.14,1.6139999628067017,1.4739999628067015,0.897569086070942,0,0.0,0.0,0.0,0.0,0.0,
25/03/2021,3909.52001953125,3919.5400390625,3853.5,3879.340087890625,4948340000,19.809999465942383,92.87999725341797,0.14,1.6139999628067017,1.4739999628067015,0.9345642242120114,0,0.0,0.0,0.0,0.0,0.0,
26/03/2021,3974.5400390625,3978.18994140625,3917.1201171875,3917.1201171875,5483160000,18.860000610351562,92.7699966430664,0.14,1.659999966621399,1.5199999666213988,1.1328941284201226,0,0.0,0.0,0.0,0.0,0.0,
29/03/2021,3971.090087890625,3981.830078125,3943.25,3969.31005859375,4628180000,20.739999771118164,92.94000244140625,0.14,1.7209999561309814,1.5809999561309813,0.94407530115198,0,0.0,0.0,0.0,0.0,0.0,
30/03/2021,3958.550048828125,3968.010009765625,3944.35009765625,3963.340087890625,4121510000,19.610000610351562,93.30000305175781,0.16,1.7259999513626099,1.56599995136261,0.8599302877082116,0,0.0,0.0,0.0,0.0,0.0,
31/03/2021,3972.889892578125,3994.409912109375,3966.97998046875,3967.25,4578050000,19.399999618530273,93.2300033569336,0.16,1.746000051498413,1.5860000514984132,0.9634251768995978,0,0.0,0.0,0.0,0.0,0.0,
01/04/2021,4019.8701171875,4020.6298828125,3992.780029296875,3992.780029296875,4162130000,17.329999923706055,92.93000030517578,0.17,1.6790000200271606,1.5090000200271607,0.9058731042444118,0,0.0,0.0,0.0,0.0,0.0,
05/04/2021,4077.909912109375,4083.419921875,4034.43994140625,4034.43994140625,4005030000,17.90999984741211,92.5999984741211,0.17,1.7200000286102295,1.5500000286102296,0.9316233152980474,0,0.0,0.0,0.0,0.0,0.0,
06/04/2021,4073.93994140625,4086.22998046875,4068.139892578125,4075.570068359375,4081270000,18.1200008392334,92.33999633789062,0.16,1.656000018119812,1.496000018119812,0.9741435813173484,0,0.0,0.0,0.0,0.0,0.0,
07/04/2021,4079.949951171875,4083.1298828125,4068.31005859375,4074.2900390625,4120810000,17.15999984741211,92.45999908447266,0.16,1.652999997138977,1.4929999971389771,0.9836141095101084,0,0.0,0.0,0.0,0.0,0.0,
08/04/2021,4097.169921875,4098.18994140625,4082.5400390625,4089.949951171875,3907100000,16.950000762939453,92.05999755859375,0.14,1.6319999694824219,1.4919999694824218,0.9634628340223136,0,0.0,0.0,0.0,0.0,0.0,
09/04/2021,4128.7998046875,4129.47998046875,4095.510009765625,4096.10986328125,3640390000,16.690000534057617,92.16000366210938,0.16,1.6660000085830688,1.506000008583069,0.9214031162362184,0,0.0,0.0,0.0,0.0,0.0,
12/04/2021,4127.990234375,4131.759765625,4114.81982421875,4124.7099609375,3588900000,16.90999984741211,92.13999938964844,0.18,1.6749999523162842,1.4949999523162842,0.9279172550879154,0,0.0,0.0,0.0,0.0,0.0,
13/04/2021,4141.58984375,4148.0,4124.43017578125,4130.10009765625,3734720000,16.649999618530273,91.8499984741211,0.16,1.6230000257492065,1.4630000257492066,0.983239188033648,0,0.0,0.0,0.0,0.0,0.0,
14/04/2021,4124.66015625,4151.68994140625,4120.8701171875,4141.580078125,3985350000,16.989999771118164,91.69000244140625,0.16,1.6380000114440918,1.4780000114440919,1.0567598584251765,0,0.0,0.0,0.0,0.0,0.0,
15/04/2021,4170.419921875,4173.490234375,4139.759765625,4139.759765625,4033420000,16.56999969482422,91.66999816894531,0.16,1.5299999713897705,1.3699999713897706,1.0623891758741344,0,0.0,0.0,0.0,0.0,0.0,
16/04/2021,4185.47021484375,4191.31005859375,4170.75,4174.14013671875,4163820000,16.25,91.55999755859375,0.16,1.5729999542236328,1.412999954223633,1.0673062578532682,0,0.0,0.0,0.0,0.0,0.0,
19/04/2021,4163.259765625,4180.81005859375,4150.47021484375,4179.7998046875,3810290000,17.290000915527344,91.06999969482422,0.16,1.6009999513626099,1.44099995136261,0.9657256838135404,0,0.0,0.0,0.0,0.0,0.0,
20/04/2021,4134.93994140625,4159.18017578125,4118.3798828125,4159.18017578125,4342650000,18.68000030517578,91.23999786376953,0.15,1.562000036239624,1.4120000362396241,1.067749402154751,0,0.0,0.0,0.0,0.0,0.0,
21/04/2021,4173.419921875,4175.02001953125,4126.35009765625,4128.419921875,3887250000,17.5,91.16000366210938,0.15,1.5640000104904175,1.4140000104904176,0.9604109810386002,0,0.0,0.0,0.0,0.0,0.0,
22/04/2021,4134.97998046875,4179.56982421875,4123.68994140625,4170.4599609375,4245140000,18.709999084472656,91.33000183105469,0.16,1.5540000200271606,1.3940000200271607,1.0379746835443038,0,0.0,0.0,0.0,0.0,0.0,
23/04/2021,4180.169921875,4194.169921875,4138.77978515625,4138.77978515625,3569880000,17.329999923706055,90.86000061035156,0.16,1.5670000314712524,1.4070000314712525,0.8989781523338207,0,0.0,0.0,0.0,0.0,0.0,
26/04/2021,4187.6201171875,4194.18994140625,4182.35986328125,4185.02978515625,3748320000,17.639999389648438,90.80999755859375,0.18,1.5700000524520874,1.3900000524520875,0.9468687289195704,0,0.0,0.0,0.0,0.0,0.0,
27/04/2021,4186.72021484375,4193.35009765625,4176.22021484375,4188.25,3710700000,17.559999465942383,90.91000366210938,0.17,1.621999979019165,1.451999979019165,0.9682803193313184,0,0.0,0.0,0.0,0.0,0.0,
28/04/2021,4183.18017578125,4201.52978515625,4181.77978515625,4185.14013671875,3787360000,17.280000686645508,90.61000061035156,0.17,1.6200000047683716,1.4500000047683717,0.9934632293535628,1,1.3333333333333333,0.0649100025292745,0.1495016611295681,0.6511627906976745,0.1993355481727574,0.0
29/04/2021,4211.47021484375,4218.77978515625,4176.81005859375,4206.14013671875,4298680000,17.610000610351562,90.61000061035156,0.16,1.6399999856948853,1.4799999856948853,1.1244293730453772,0,0.0,0.0,0.0,0.0,0.0,
30/04/2021,4181.169921875,4198.10009765625,4174.85009765625,4198.10009765625,4300880000,18.610000610351562,91.27999877929688,0.16,1.63100004196167,1.47100004196167,1.0835667144010313,0,0.0,0.0,0.0,0.0,0.0,
03/05/2021,4192.66015625,4209.39013671875,4188.02978515625,4191.97998046875,4070220000,18.309999465942383,90.94999694824219,0.16,1.6069999933242798,1.4469999933242799,1.0090867440439828,0,0.0,0.0,0.0,0.0,0.0,
04/05/2021,4164.66015625,4179.0400390625,4128.58984375,4179.0400390625,4452460000,19.479999542236328,91.29000091552734,0.16,1.5920000076293945,1.4320000076293946,1.0646927726977082,0,0.0,0.0,0.0,0.0,0.0,
05/05/2021,4167.58984375,4187.72021484375,4160.93994140625,4177.06005859375,4230920000,19.149999618530273,91.30999755859375,0.16,1.5839999914169312,1.4239999914169312,0.9907011421260368,0,0.0,0.0,0.0,0.0,0.0,
06/05/2021,4201.6201171875,4202.7001953125,4147.330078125,4169.14013671875,4511000000,18.389999389648438,90.94999694824219,0.16,1.5609999895095825,1.4009999895095826,1.0458844412459172,0,0.0,0.0,0.0,0.0,0.0,
07/05/2021,4232.60009765625,4238.0400390625,4201.64013671875,4210.33984375,4016080000,16.690000534057617,90.2300033569336,0.14,1.5770000219345093,1.4370000219345092,0.9435976669918442,0,0.0,0.0,0.0,0.0,0.0,
10/05/2021,4188.43017578125,4236.39013671875,4188.1298828125,4228.2900390625,4560700000,19.65999984741211,90.20999908447266,0.16,1.6019999980926514,1.4419999980926514,1.04741777654475,0,0.0,0.0,0.0,0.0,0.0,
11/05/2021,4152.10009765625,4162.0400390625,4111.52978515625,4150.33984375,4870710000,21.84000015258789,90.13999938964844,0.16,1.6239999532699585,1.4639999532699586,1.0975303083768335,0,0.0,0.0,0.0,0.0,0.0,
12/05/2021,4063.0400390625,4134.72998046875,4056.8798828125,4130.5498046875,4733070000,27.59000015258789,90.70999908447266,0.16,1.6950000524520874,1.5350000524520875,1.0429141936473296,0,0.0,0.0,0.0,0.0,0.0,
13/05/2021,4112.5,4131.580078125,4074.989990234375,4074.989990234375,4779540000,23.1299991607666,90.75,0.16,1.6679999828338623,1.5079999828338624,1.0408360590763976,0,0.0,0.0,0.0,0.0,0.0,
14/05/2021,4173.85009765625,4183.1298828125,4129.580078125,4129.580078125,4008880000,18.809999465942383,90.31999969482422,0.16,1.6349999904632568,1.474999990463257,0.8732839859015636,0,0.0,0.0,0.0,0.0,0.0,
17/05/2021,4163.2900390625,4171.919921875,4142.68994140625,4169.919921875,4125050000,19.719999313354492,90.22000122070312,0.16,1.6399999856948853,1.4799999856948853,0.915975529871543,0,0.0,0.0,0.0,0.0,0.0,
18/05/2021,4127.830078125,4169.14990234375,4125.990234375,4165.93994140625,4398150000,21.34000015258789,89.75,0.16,1.6419999599456787,1.4819999599456788,0.9975531522557132,0,0.0,0.0,0.0,0.0,0.0,
19/05/2021,4115.68017578125,4116.93017578125,4061.409912109375,4098.4501953125,4247450000,22.18000030517578,90.19000244140625,0.16,1.6829999685287476,1.5229999685287476,0.9850726399608146,0,0.0,0.0,0.0,0.0,0.0,
20/05/2021,4159.1201171875,4172.7998046875,4121.97021484375,4121.97021484375,3978880000,20.670000076293945,89.80999755859375,0.15,1.6339999437332153,1.4839999437332154,0.9583778333697042,0,0.0,0.0,0.0,0.0,0.0,
21/05/2021,4155.85986328125,4188.72021484375,4151.72021484375,4168.60986328125,3995250000,20.149999618530273,90.0199966430664,0.17,1.6319999694824219,1.461999969482422,0.9629530898857448,0,0.0,0.0,0.0,0.0,0.0,
24/05/2021,4197.0498046875,4209.52001953125,4170.16015625,4170.16015625,3684800000,18.399999618530273,89.83000183105469,0.15,1.6080000400543213,1.4580000400543214,0.907383721760612,0,0.0,0.0,0.0,0.0,0.0,
25/05/2021,4188.1298828125,4213.419921875,4182.52001953125,4205.93994140625,4182250000,18.84000015258789,89.63999938964844,0.15,1.5640000104904175,1.4140000104904176,1.040949532148285,0,0.0,0.0,0.0,0.0,0.0,
26/05/2021,4195.990234375,4202.60986328125,4184.10986328125,4191.58984375,4420890000,17.360000610351562,90.04000091552734,0.14,1.5740000009536743,1.4340000009536742,1.0909275310962798,0,0.0,0.0,0.0,0.0,0.0,
27/05/2021,4200.8798828125,4213.3798828125,4197.77978515625,4201.93994140625,6406310000,16.739999771118164,89.97000122070312,0.14,1.6100000143051147,1.4700000143051146,1.4117345027435595,0,0.0,0.0,0.0,0.0,0.0,
28/05/2021,4204.10986328125,4218.35986328125,4203.56982421875,4210.77001953125,4649250000,16.760000228881836,90.02999877929688,0.14,1.5809999704360962,1.440999970436096,0.9958339580611304,0,0.0,0.0,0.0,0.0,0.0,
01/06/2021,4202.0400390625,4234.1201171875,4197.58984375,4216.52001953125,5074670000,17.899999618530273,89.83000183105469,0.16,1.6150000095367432,1.4550000095367432,1.025875163796927,0,0.0,0.0,0.0,0.0,0.0,
02/06/2021,4208.1201171875,4217.3701171875,4198.27001953125,4206.81982421875,5833670000,17.479999542236328,89.9000015258789,0.13,1.590999960899353,1.4609999608993531,1.1054986604024517,0,0.0,0.0,0.0,0.0,0.0,
03/06/2021,4192.85009765625,4204.39013671875,4167.93017578125,4191.43017578125,5587970000,18.040000915527344,90.5,0.16,1.625,1.465,1.0140818027959626,0,0.0,0.0,0.0,0.0,0.0,
04/06/2021,4229.89013671875,4233.4501953125,4206.0498046875,4206.0498046875,4139790000,16.420000076293945,90.13999938964844,0.14,1.559999942779541,1.419999942779541,0.818614335969247,0,0.0,0.0,0.0,0.0,0.0,
07/06/2021,4226.52001953125,4232.33984375,4215.66015625,4229.33984375,4476920000,16.420000076293945,89.94999694824219,0.16,1.569000005722046,1.409000005722046,0.8913543651858677,0,0.0,0.0,0.0,0.0,0.0,
08/06/2021,4227.259765625,4236.740234375,4208.41015625,4233.81005859375,4659620000,17.06999969482422,90.08000183105469,0.14,1.527999997138977,1.387999997138977,0.9433204429351886,0,0.0,0.0,0.0,0.0,0.0,
09/06/2021,4219.5498046875,4237.08984375,4218.740234375,4232.990234375,4713260000,17.889999389648438,90.12000274658203,0.16,1.4889999628067017,1.3289999628067017,0.9995224272571038,0,0.0,0.0,0.0,0.0,0.0,
10/06/2021,4239.18017578125,4249.740234375,4220.33984375,4228.56005859375,4408210000,16.100000381469727,90.08000183105469,0.14,1.4589999914169312,1.318999991416931,0.9840720963666074,0,0.0,0.0,0.0,0.0,0.0,
11/06/2021,4247.43994140625,4248.3798828125,4232.25,4242.89990234375,3815010000,15.649999618530273,90.55999755859375,0.16,1.4620000123977661,1.3020000123977662,0.8641794371590295,0,0.0,0.0,0.0,0.0,0.0,
14/06/2021,4255.14990234375,4255.58984375,4234.06982421875,4248.31005859375,4151200000,16.389999389648438,90.5199966430664,0.16,1.5010000467300415,1.3410000467300416,0.9544173299673984,0,0.0,0.0,0.0,0.0,0.0,
15/06/2021,4246.58984375,4257.16015625,4238.35009765625,4255.27978515625,4048940000,17.020000457763672,90.54000091552734,0.16,1.4989999532699585,1.3389999532699586,0.9578021462277316,0,0.0,0.0,0.0,0.0,0.0,
16/06/2021,4223.7001953125,4251.89013671875,4202.4501953125,4248.8701171875,4538350000,18.149999618530273,91.12999725341797,0.21,1.569000005722046,1.359000005722046,1.0825333429381476,1,1.6222222222222222,0.0880953783723812,0.1319648093841642,0.6539589442815249,0.2140762463343108,0.0
17/06/2021,4221.85986328125,4232.2900390625,4196.0498046875,4220.3701171875,5312680000,17.75,91.88999938964844,0.23,1.5110000371932983,1.2810000371932984,1.2148166712246948,0,0.0,0.0,0.0,0.0,0.0,
18/06/2021,4166.4501953125,4204.77978515625,4164.39990234375,4204.77978515625,6817010000,20.700000762939453,92.2300033569336,0.26,1.4500000476837158,1.1900000476837158,1.3706290528699727,0,0.0,0.0,0.0,0.0,0.0,
21/06/2021,4224.7900390625,4226.240234375,4173.39990234375,4173.39990234375,4128950000,17.889999389648438,91.86000061035156,0.27,1.4839999675750732,1.2139999675750732,0.8309107366880611,0,0.0,0.0,0.0,0.0,0.0,
22/06/2021,4246.43994140625,4255.83984375,4217.27001953125,4224.60986328125,3828390000,16.65999984741211,91.7300033569336,0.25,1.472000002861023,1.222000002861023,0.7773260757803534,0,0.0,0.0,0.0,0.0,0.0,
23/06/2021,4241.83984375,4256.60009765625,4241.43017578125,4249.27001953125,3730350000,16.31999969482422,91.80000305175781,0.26,1.4869999885559082,1.2269999885559082,0.7831151033405017,0,0.0,0.0,0.0,0.0,0.0,
24/06/2021,4266.490234375,4271.27978515625,4256.97021484375,4256.97021484375,3816660000,15.970000267028809,91.81999969482422,0.26,1.4869999885559082,1.2269999885559082,0.8549344663586806,0,0.0,0.0,0.0,0.0,0.0,
25/06/2021,4280.7001953125,4286.1201171875,4271.16015625,4274.4501953125,7341450000,15.619999885559082,91.80999755859375,0.28,1.5360000133514404,1.2560000133514404,1.606739531992751,0,0.0,0.0,0.0,0.0,0.0,
28/06/2021,4290.60986328125,4292.14013671875,4274.669921875,4284.89990234375,4147890000,15.760000228881836,91.87999725341797,0.25,1.4780000448226929,1.2280000448226929,0.9070494569367508,0,0.0,0.0,0.0,0.0,0.0,
29/06/2021,4291.7998046875,4300.52001953125,4287.0400390625,4293.2099609375,3707150000,16.020000457763672,92.05000305175781,0.27,1.4800000190734863,1.2100000190734863,0.8149910963572009,0,0.0,0.0,0.0,0.0,0.0,
30/06/2021,4297.5,4302.43017578125,4287.9599609375,4290.64990234375,4266040000,15.829999923706055,92.44000244140625,0.25,1.4429999589920044,1.1929999589920044,0.9162775852596244,0,0.0,0.0,0.0,0.0,0.0,
01/07/2021,4319.93994140625,4320.66015625,4300.72998046875,4300.72998046875,3788230000,15.479999542236328,92.5999984741211,0.25,1.4800000190734863,1.2300000190734863,0.814646488974984,0,0.0,0.0,0.0,0.0,0.0,
02/07/2021,4352.33984375,4355.43017578125,4326.60009765625,4326.60009765625,3225840000,15.069999694824219,92.2300033569336,0.24,1.430999994277954,1.190999994277954,0.8429095146889364,0,0.0,0.0,0.0,0.0,0.0,
06/07/2021,4343.5400390625,4356.4599609375,4314.3701171875,4356.4599609375,4309570000,16.440000534057617,92.55000305175781,0.22,1.3700000047683716,1.1500000047683716,1.1166523206143186,0,0.0,0.0,0.0,0.0,0.0,
07/07/2021,4358.1298828125,4361.8798828125,4329.7900390625,4351.009765625,4037380000,16.200000762939453,92.63999938964844,0.22,1.3209999799728394,1.1009999799728394,1.0285238848813831,0,0.0,0.0,0.0,0.0,0.0,
08/07/2021,4320.81982421875,4330.8798828125,4289.3701171875,4321.06982421875,4347500000,19.0,92.36000061035156,0.19,1.2879999876022339,1.097999987602234,1.1029493843271845,0,0.0,0.0,0.0,0.0,0.0,
09/07/2021,4369.5498046875,4371.60009765625,4329.3798828125,4329.3798828125,3531120000,16.18000030517578,92.12999725341797,0.23,1.3559999465942383,1.1259999465942383,0.9076771298327474,0,0.0,0.0,0.0,0.0,0.0,
12/07/2021,4384.6298828125,4386.68017578125,4364.02978515625,4372.41015625,3384460000,16.170000076293945,92.2300033569336,0.23,1.3630000352859497,1.1330000352859497,0.8629410561840039,0,0.0,0.0,0.0,0.0,0.0,
13/07/2021,4369.2099609375,4392.3701171875,4366.919921875,4381.06982421875,3695430000,17.1200008392334,92.75,0.26,1.4149999618530273,1.1549999618530273,0.972691987582577,0,0.0,0.0,0.0,0.0,0.0,
14/07/2021,4374.2998046875,4393.68017578125,4362.35986328125,4380.10986328125,4006370000,16.329999923706055,92.41000366210938,0.23,1.3559999465942383,1.1259999465942383,1.0562603085281848,0,0.0,0.0,0.0,0.0,0.0,
15/07/2021,4360.02978515625,4369.02001953125,4340.7001953125,4369.02001953125,3905230000,17.010000228881836,92.62000274658203,0.23,1.2970000505447388,1.0670000505447388,1.0541791896498387,0,0.0,0.0,0.0,0.0,0.0,
16/07/2021,4327.16015625,4375.08984375,4322.52978515625,4367.43017578125,3985700000,18.450000762939453,92.69000244140625,0.25,1.2999999523162842,1.0499999523162842,1.050129128706621,0,0.0,0.0,0.0,0.0,0.0,
19/07/2021,4258.490234375,4296.39990234375,4233.1298828125,4296.39990234375,5157660000,22.5,92.88999938964844,0.21,1.180999994277954,0.9709999942779541,1.2427862801614813,0,0.0,0.0,0.0,0.0,0.0,
20/07/2021,4323.06005859375,4336.83984375,4262.0498046875,4265.10986328125,4438270000,19.729999542236328,92.97000122070312,0.2,1.2089999914169312,1.0089999914169312,1.0324809253890643,0,0.0,0.0,0.0,0.0,0.0,
21/07/2021,4358.68994140625,4359.7001953125,4331.1298828125,4331.1298828125,3810280000,17.90999984741211,92.75,0.22,1.2799999713897705,1.0599999713897705,0.8945520384427205,0,0.0,0.0,0.0,0.0,0.0,
22/07/2021,4367.47998046875,4369.8701171875,4350.06005859375,4361.27001953125,3358300000,17.690000534057617,92.81999969482422,0.2,1.2649999856948853,1.0649999856948853,0.809220725958918,0,0.0,0.0,0.0,0.0,0.0,
23/07/2021,4411.7900390625,4415.18017578125,4381.2001953125,4381.2001953125,4540070000,17.200000762939453,92.91000366210938,0.22,1.2860000133514404,1.0660000133514405,1.065515020713856,0,0.0,0.0,0.0,0.0,0.0,
26/07/2021,4422.2998046875,4422.72998046875,4405.4501953125,4409.580078125,4275630000,17.579999923706055,92.6500015258789,0.22,1.2760000228881836,1.0560000228881836,1.046791414392424,0,0.0,0.0,0.0,0.0,0.0,
27/07/2021,4401.4599609375,4416.3798828125,4372.509765625,4416.3798828125,4241950000,19.360000610351562,92.43000030517578,0.2,1.2339999675750732,1.0339999675750733,1.0486259673700933,0,0.0,0.0,0.0,0.0,0.0,
28/07/2021,4400.64013671875,4415.47021484375,4387.009765625,4402.9501953125,4215290000,18.309999465942383,92.31999969482422,0.2,1.2610000371932983,1.0610000371932984,1.021579410641338,1,1.148936170212766,0.0240092442760614,0.1394658753709199,0.7002967359050445,0.1602373887240356,0.0
29/07/2021,4419.14990234375,4429.97021484375,4403.58984375,4403.58984375,4044600000,17.700000762939453,91.86000061035156,0.2,1.2690000534057617,1.0690000534057618,0.9486554264704088,0,0.0,0.0,0.0,0.0,0.0,
30/07/2021,4395.259765625,4412.25,4389.64990234375,4395.1201171875,3956740000,18.239999771118164,92.16999816894531,0.19,1.2389999628067017,1.0489999628067017,0.9541574045984872,0,0.0,0.0,0.0,0.0,0.0,
02/08/2021,4387.16015625,4422.18017578125,4384.81005859375,4406.85986328125,3724090000,19.459999084472656,92.05000305175781,0.17,1.1740000247955322,1.0040000247955323,0.9225959697106478,0,0.0,0.0,0.0,0.0,0.0,
03/08/2021,4423.14990234375,4423.7900390625,4373.0,4392.740234375,3965190000,18.040000915527344,92.08000183105469,0.17,1.1759999990463257,1.0059999990463258,0.9959831025057384,0,0.0,0.0,0.0,0.0,0.0,
04/08/2021,4402.66015625,4416.169921875,4400.22998046875,4415.9501953125,4260760000,17.969999313354492,92.2699966430664,0.17,1.184000015258789,1.0140000152587891,1.067785787248802,0,0.0,0.0,0.0,0.0,0.0,
05/08/2021,4429.10009765625,4429.759765625,4408.85986328125,4408.85986328125,3769410000,17.280000686645508,92.23999786376953,0.21,1.2170000076293945,1.0070000076293946,0.9578607443819154,0,0.0,0.0,0.0,0.0,0.0,
06/08/2021,4436.52001953125,4440.81982421875,4429.06982421875,4429.06982421875,3451870000,16.149999618530273,92.80000305175781,0.21,1.2899999618530273,1.0799999618530274,0.900269256368367,0,0.0,0.0,0.0,0.0,0.0,
09/08/2021,4432.35009765625,4439.39013671875,4424.740234375,4437.77001953125,3449280000,16.719999313354492,92.94999694824219,0.23,1.3170000314712524,1.0870000314712525,0.9126764677710328,0,0.0,0.0,0.0,0.0,0.0,
10/08/2021,4436.75,4445.2099609375,4430.02978515625,4435.7900390625,3886610000,16.790000915527344,93.05999755859375,0.24,1.3420000076293945,1.1020000076293945,1.032687973650662,0,0.0,0.0,0.0,0.0,0.0,
11/08/2021,4442.41015625,4449.43994140625,4436.419921875,4442.18017578125,3532560000,16.170000076293945,92.91000366210938,0.23,1.3289999961853027,1.0989999961853028,0.9763993160760276,0,0.0,0.0,0.0,0.0,0.0,
12/08/2021,4460.830078125,4461.77001953125,4435.9599609375,4446.080078125,3375310000,15.59000015258789,93.04000091552734,0.23,1.3669999837875366,1.1369999837875366,0.9537128658318468,0,0.0,0.0,0.0,0.0,0.0,
13/08/2021,4468.0,4468.3701171875,4460.81982421875,4464.83984375,3016470000,15.449999809265137,92.5199966430664,0.23,1.2970000505447388,1.0670000505447388,0.873820916639002,0,0.0,0.0,0.0,0.0,0.0,
16/08/2021,4479.7099609375,4480.259765625,4437.66015625,4461.64990234375,3370640000,16.1200008392334,92.62999725341797,0.21,1.2569999694824219,1.046999969482422,0.9808871006699612,0,0.0,0.0,0.0,0.0,0.0,
17/08/2021,4448.080078125,4462.1201171875,4417.830078125,4462.1201171875,3836960000,17.90999984741211,93.12999725341797,0.23,1.2580000162124634,1.0280000162124634,1.1198264761609018,0,0.0,0.0,0.0,0.0,0.0,
18/08/2021,4400.27001953125,4454.31982421875,4397.58984375,4440.93994140625,3755590000,21.56999969482422,93.13999938964844,0.23,1.2730000019073486,1.0430000019073487,1.081992651096487,0,0.0,0.0,0.0,0.0,0.0,
19/08/2021,4405.7998046875,4418.60986328125,4367.72998046875,4382.43994140625,4398410000,21.670000076293945,93.56999969482422,0.22,1.2419999837875366,1.0219999837875366,1.1966463290214917,0,0.0,0.0,0.0,0.0,0.0,
20/08/2021,4441.669921875,4444.35009765625,4406.7998046875,4410.56005859375,3652610000,18.559999465942383,93.5,0.23,1.2599999904632568,1.0299999904632569,0.9604948088824096,0,0.0,0.0,0.0,0.0,0.0,
23/08/2021,4479.52978515625,4489.8798828125,4450.2900390625,4450.2900390625,3576530000,17.149999618530273,92.95999908447266,0.23,1.2549999952316284,1.0249999952316284,0.9304139936836956,0,0.0,0.0,0.0,0.0,0.0,
24/08/2021,4486.22998046875,4492.81005859375,4482.27978515625,4484.39990234375,3979220000,17.219999313354492,92.88999938964844,0.24,1.2899999618530273,1.0499999618530274,1.0275658545755786,0,0.0,0.0,0.0,0.0,0.0,
25/08/2021,4496.18994140625,4501.7099609375,4485.66015625,4490.4501953125,3444700000,16.790000915527344,92.83000183105469,0.23,1.3420000076293945,1.1120000076293945,0.9040509734944338,0,0.0,0.0,0.0,0.0,0.0,
26/08/2021,4470.0,4495.89990234375,4468.990234375,4493.75,3263980000,18.84000015258789,93.05999755859375,0.25,1.3420000076293945,1.0920000076293945,0.9108591597719268,0,0.0,0.0,0.0,0.0,0.0,
27/08/2021,4509.3701171875,4513.330078125,4474.10009765625,4474.10009765625,3331200000,16.389999389648438,92.69000244140625,0.22,1.312000036239624,1.092000036239624,0.9465986725112996,0,0.0,0.0,0.0,0.0,0.0,
30/08/2021,4528.7900390625,4537.35986328125,4513.759765625,4513.759765625,3168660000,16.190000534057617,92.6500015258789,0.2,1.284999966621399,1.084999966621399,0.9217780560119528,0,0.0,0.0,0.0,0.0,0.0,
31/08/2021,4522.68017578125,4531.39013671875,4515.7998046875,4529.75,4290710000,16.479999542236328,92.62999725341797,0.2,1.3040000200271606,1.1040000200271607,1.2259696844150465,0,0.0,0.0,0.0,0.0,0.0,
01/09/2021,4524.08984375,4537.10986328125,4522.02001953125,4528.7998046875,4057340000,16.110000610351562,92.44999694824219,0.2,1.3020000457763672,1.1020000457763672,1.1200763697217684,0,0.0,0.0,0.0,0.0,0.0,
02/09/2021,4536.9501953125,4545.85009765625,4524.66015625,4534.47998046875,3735990000,16.40999984741211,92.2300033569336,0.2,1.2940000295639038,1.0940000295639039,1.0051684522624422,0,0.0,0.0,0.0,0.0,0.0,
03/09/2021,4535.43017578125,4541.4501953125,4521.2998046875,4532.419921875,3217530000,16.40999984741211,92.04000091552734,0.21,1.3220000267028809,1.112000026702881,0.8710043134276075,0,0.0,0.0,0.0,0.0,0.0,
07/09/2021,4520.02978515625,4535.3798828125,4513.0,4535.3798828125,3822960000,18.139999389648438,92.5199966430664,0.22,1.3700000047683716,1.1500000047683716,0.9994912293269428,0,0.0,0.0,0.0,0.0,0.0,
08/09/2021,4514.06982421875,4521.7900390625,4493.9501953125,4518.08984375,3750880000,17.959999084472656,92.6500015258789,0.22,1.3339999914169312,1.1139999914169312,1.0091311670352494,0,0.0,0.0,0.0,0.0,0.0,
09/09/2021,4493.27978515625,4529.89990234375,4492.06982421875,4513.02001953125,3735390000,18.799999237060547,92.4800033569336,0.23,1.2990000247955322,1.0690000247955322,1.022680045447701,0,0.0,0.0,0.0,0.0,0.0,
10/09/2021,4458.580078125,4520.47021484375,4457.66015625,4506.919921875,3623180000,20.950000762939453,92.58000183105469,0.23,1.340999960899353,1.110999960899353,0.9981245117063748,0,0.0,0.0,0.0,0.0,0.0,
13/09/2021,4468.72998046875,4492.990234375,4445.7001953125,4474.81005859375,3914220000,19.3700008392334,92.62000274658203,0.21,1.3240000009536743,1.1140000009536744,1.0384402941003246,0,0.0,0.0,0.0,0.0,0.0,
14/09/2021,4443.0498046875,4485.68017578125,4435.4599609375,4479.330078125,3670460000,19.459999084472656,92.6500015258789,0.21,1.2769999504089355,1.0669999504089356,0.981714580994141,0,0.0,0.0,0.0,0.0,0.0,
15/09/2021,4480.7001953125,4486.8701171875,4438.3701171875,4447.490234375,4032020000,18.18000030517578,92.48999786376953,0.21,1.3040000200271606,1.0940000200271607,1.0624407452436777,0,0.0,0.0,0.0,0.0,0.0,
16/09/2021,4473.75,4485.8701171875,4443.7998046875,4477.08984375,3984560000,18.690000534057617,92.86000061035156,0.23,1.3309999704360962,1.1009999704360962,1.036326675835551,0,0.0,0.0,0.0,0.0,0.0,
17/09/2021,4432.990234375,4471.52001953125,4427.759765625,4469.740234375,7289530000,20.809999465942383,93.19999694824219,0.23,1.3700000047683716,1.1400000047683716,1.5922408095133458,0,0.0,0.0,0.0,0.0,0.0,
20/09/2021,4357.72998046875,4402.9501953125,4305.91015625,4402.9501953125,4898070000,25.709999084472656,93.23999786376953,0.23,1.309000015258789,1.079000015258789,1.025789289388238,0,0.0,0.0,0.0,0.0,0.0,
21/09/2021,4354.18994140625,4394.8701171875,4347.9599609375,4374.4501953125,3920920000,24.360000610351562,93.19999694824219,0.22,1.3240000009536743,1.1040000009536743,0.8126225383521727,0,0.0,0.0,0.0,0.0,0.0,
22/09/2021,4395.64013671875,4416.75,4367.43017578125,4367.43017578125,3939170000,20.8700008392334,93.45999908447266,0.25,1.3359999656677246,1.0859999656677246,0.8195591340802464,1,1.4722222222222223,0.0635971151990037,0.1204013377926421,0.7023411371237458,0.177257525083612,0.0
23/09/2021,4448.97998046875,4465.39990234375,4406.75,4406.75,3916350000,18.6299991607666,93.0999984741211,0.27,1.409999966621399,1.139999966621399,0.8171305839916808,0,0.0,0.0,0.0,0.0,0.0,
24/09/2021,4455.47998046875,4463.1201171875,4430.27001953125,4438.0400390625,3384290000,17.75,93.33000183105469,0.29,1.4600000381469727,1.1700000381469726,0.8435923385247373,0,0.0,0.0,0.0,0.0,0.0,
27/09/2021,4443.10986328125,4457.2998046875,4436.18994140625,4442.1201171875,4058650000,18.760000228881836,93.37999725341797,0.31,1.4839999675750732,1.1739999675750732,1.0558743310137997,0,0.0,0.0,0.0,0.0,0.0,
28/09/2021,4352.6298828125,4419.5400390625,4346.330078125,4419.5400390625,4416550000,23.25,93.7699966430664,0.31,1.534000039100647,1.224000039100647,1.1200983413145618,0,0.0,0.0,0.0,0.0,0.0,
29/09/2021,4359.4599609375,4385.56982421875,4355.080078125,4362.41015625,3712660000,22.559999465942383,94.33999633789062,0.3,1.5410000085830688,1.2410000085830688,0.952525848577366,0,0.0,0.0,0.0,0.0,0.0,
30/09/2021,4307.5400390625,4382.5498046875,4306.240234375,4370.669921875,4448140000,23.139999389648438,94.25,0.28,1.5290000438690186,1.2490000438690185,1.1109079838503837,0,0.0,0.0,0.0,0.0,0.0,
01/10/2021,4357.0400390625,4375.18994140625,4288.52001953125,4317.16015625,4010370000,21.100000381469727,94.04000091552734,0.27,1.4789999723434448,1.2089999723434448,0.9712046233793156,0,0.0,0.0,0.0,0.0,0.0,
04/10/2021,4300.4599609375,4355.509765625,4278.93994140625,4348.83984375,4307870000,22.959999084472656,93.80999755859375,0.27,1.4809999465942383,1.2109999465942383,1.030808414598487,0,0.0,0.0,0.0,0.0,0.0,
05/10/2021,4345.72021484375,4369.22998046875,4309.8701171875,4309.8701171875,3902890000,21.299999237060547,93.9800033569336,0.28,1.5290000438690186,1.2490000438690185,0.957438770518788,0,0.0,0.0,0.0,0.0,0.0,
06/10/2021,4363.5498046875,4365.56982421875,4290.490234375,4319.56982421875,4009630000,21.0,94.2699966430664,0.3,1.5240000486373901,1.22400004863739,0.9694978939885583,0,0.0,0.0,0.0,0.0,0.0,
07/10/2021,4399.759765625,4429.97021484375,4383.72998046875,4383.72998046875,3843740000,19.540000915527344,94.22000122070312,0.32,1.5709999799728394,1.2509999799728393,0.9573688012154724,0,0.0,0.0,0.0,0.0,0.0,
08/10/2021,4391.33984375,4412.02001953125,4386.22021484375,4406.509765625,3280160000,18.770000457763672,94.06999969482422,0.32,1.6050000190734863,1.2850000190734863,0.8478367518270249,0,0.0,0.0,0.0,0.0,0.0,
11/10/2021,4361.18994140625,4415.8798828125,4360.58984375,4385.43994140625,3281970000,20.0,94.31999969482422,0.32,1.6139999628067017,1.2850000190734863,0.8958128962206832,0,0.0,0.0,0.0,0.0,0.0,
12/10/2021,4350.64990234375,4374.89013671875,4342.08984375,4368.31005859375,3558450000,19.850000381469727,94.5199966430664,0.35,1.5800000429153442,1.2300000429153441,0.9898909254782616,0,0.0,0.0,0.0,0.0,0.0,
13/10/2021,4363.7998046875,4372.8701171875,4329.919921875,4358.009765625,3620070000,18.639999389648438,94.08000183105469,0.37,1.5490000247955322,1.1790000247955321,1.0293419333852354,0,0.0,0.0,0.0,0.0,0.0,
14/10/2021,4438.259765625,4439.72998046875,4386.75,4386.75,3598280000,16.860000610351562,93.95999908447266,0.36,1.5190000534057617,1.1590000534057618,1.0376303497389978,0,0.0,0.0,0.0,0.0,0.0,
15/10/2021,4471.3701171875,4475.81982421875,4447.68994140625,4447.68994140625,3819380000,16.299999237060547,93.94000244140625,0.41,1.5759999752044678,1.1659999752044679,1.0681698050413493,0,0.0,0.0,0.0,0.0,0.0,
18/10/2021,4486.4599609375,4488.75,4447.47021484375,4463.72021484375,3662010000,16.309999465942383,93.94999694824219,0.44,1.5839999914169312,1.1439999914169312,1.0028403691713144,0,0.0,0.0,0.0,0.0,0.0,
19/10/2021,4519.6298828125,4520.39990234375,4496.41015625,4497.33984375,3459130000,15.699999809265137,93.79000091552734,0.41,1.6349999904632568,1.224999990463257,0.952462901050561,0,0.0,0.0,0.0,0.0,0.0,
20/10/2021,4536.18994140625,4540.8701171875,4524.39990234375,4524.419921875,3670760000,15.489999771118164,93.55999755859375,0.4,1.6360000371932983,1.2360000371932984,1.0079211139643132,0,0.0,0.0,0.0,0.0,0.0,
21/10/2021,4549.77978515625,4551.43994140625,4526.89013671875,4532.240234375,3822330000,15.010000228881836,93.7699966430664,0.45,1.6759999990463257,1.2259999990463257,1.036782811397225,0,0.0,0.0,0.0,0.0,0.0,
22/10/2021,4544.89990234375,4559.669921875,4524.0,4546.1201171875,3758220000,15.430000305175781,93.61000061035156,0.48,1.6549999713897705,1.1749999713897705,1.0227868357241414,0,0.0,0.0,0.0,0.0,0.0,
25/10/2021,4566.47998046875,4572.6201171875,4537.35986328125,4553.68994140625,3899400000,15.239999771118164,93.80999755859375,0.47,1.6349999904632568,1.1649999904632569,1.047671554403477,0,0.0,0.0,0.0,0.0,0.0,
26/10/2021,4574.7900390625,4598.52978515625,4569.169921875,4578.68994140625,3879740000,15.979999542236328,93.94999694824219,0.47,1.61899995803833,1.14899995803833,1.0193505671174354,0,0.0,0.0,0.0,0.0,0.0,
27/10/2021,4551.68017578125,4584.56982421875,4551.66015625,4580.22021484375,4226050000,16.979999542236328,93.86000061035156,0.5,1.5290000438690186,1.0290000438690186,1.0788589044886738,0,0.0,0.0,0.0,0.0,0.0,
28/10/2021,4596.419921875,4597.5498046875,4562.83984375,4562.83984375,4132950000,16.530000686645508,93.3499984741211,0.5,1.5679999589920044,1.0679999589920044,1.03861962690663,0,0.0,0.0,0.0,0.0,0.0,
29/10/2021,4605.3798828125,4608.080078125,4567.58984375,4572.8701171875,4510200000,16.260000228881836,94.12000274658203,0.48,1.5570000410079956,1.0770000410079956,1.092145906160011,0,0.0,0.0,0.0,0.0,0.0,
01/11/2021,4613.669921875,4620.33984375,4595.06005859375,4610.6201171875,3971540000,16.40999984741211,93.87999725341797,0.5,1.5750000476837158,1.0750000476837158,0.9583610032200026,0,0.0,0.0,0.0,0.0,0.0,
02/11/2021,4630.64990234375,4635.14990234375,4613.33984375,4613.33984375,3975250000,16.030000686645508,94.08999633789062,0.46,1.5490000247955322,1.0890000247955323,0.9548548976051584,0,0.0,0.0,0.0,0.0,0.0,
03/11/2021,4660.56982421875,4663.4599609375,4621.18994140625,4630.64990234375,4319660000,15.100000381469727,93.86000061035156,0.47,1.5789999961853027,1.1089999961853028,1.0329370241420208,1,0.9545454545454546,-0.0079603739284599,0.1466666666666666,0.7133333333333334,0.14,0.0
04/11/2021,4680.06005859375,4683.0,4662.58984375,4662.93017578125,4462300000,15.4399995803833,94.3499984741211,0.41,1.5240000486373901,1.1140000486373902,1.0504992007608662,0,0.0,0.0,0.0,0.0,0.0,
05/11/2021,4697.52978515625,4718.5,4681.31982421875,4699.259765625,4467180000,16.479999542236328,94.31999969482422,0.39,1.4529999494552612,1.062999949455261,1.0537824950356036,0,0.0,0.0,0.0,0.0,0.0,
08/11/2021,4701.7001953125,4714.919921875,4694.39013671875,4701.47998046875,4269710000,17.219999313354492,94.05000305175781,0.45,1.496999979019165,1.046999979019165,0.9932283742980632,0,0.0,0.0,0.0,0.0,0.0,
09/11/2021,4685.25,4708.52978515625,4670.8701171875,4707.25,4117080000,17.780000686645508,93.95999908447266,0.41,1.4320000410079956,1.0220000410079957,0.9514451192992396,0,0.0,0.0,0.0,0.0,0.0,
10/11/2021,4646.7099609375,4684.85009765625,4630.85986328125,4670.259765625,4503720000,18.729999542236328,94.8499984741211,0.51,1.559999942779541,1.049999942779541,1.0320169715934793,0,0.0,0.0,0.0,0.0,0.0,
11/11/2021,4649.27001953125,4664.5498046875,4648.31005859375,4659.39013671875,3926870000,17.65999984741211,95.18000030517578,0.51,1.559999942779541,1.049999942779541,0.9224691513472676,0,0.0,0.0,0.0,0.0,0.0,
12/11/2021,4682.85009765625,4688.47021484375,4650.77001953125,4655.240234375,3728600000,16.290000915527344,95.12999725341797,0.53,1.5820000171661377,1.0520000171661377,0.9073794484371152,0,0.0,0.0,0.0,0.0,0.0,
15/11/2021,4682.7998046875,4697.419921875,4672.85986328125,4689.2998046875,3488410000,16.489999771118164,95.41000366210938,0.53,1.6230000257492065,1.0930000257492065,0.8824858282552512,0,0.0,0.0,0.0,0.0,0.0,
16/11/2021,4700.89990234375,4714.9501953125,4679.419921875,4679.419921875,3972640000,16.3700008392334,95.91999816894531,0.54,1.6339999437332153,1.0939999437332153,1.0123831308893263,0,0.0,0.0,0.0,0.0,0.0,
17/11/2021,4688.669921875,4701.5,4684.41015625,4701.5,3969070000,17.110000610351562,95.83000183105469,0.52,1.6039999723434448,1.0839999723434448,1.0398080436601649,0,0.0,0.0,0.0,0.0,0.0,
18/11/2021,4704.5400390625,4708.7998046875,4672.77978515625,4700.72021484375,4226410000,17.59000015258789,95.54000091552734,0.52,1.5889999866485596,1.0689999866485596,1.0901164965104695,0,0.0,0.0,0.0,0.0,0.0,
19/11/2021,4697.9599609375,4717.75,4694.22021484375,4708.43994140625,4253180000,17.90999984741211,96.06999969482422,0.52,1.5360000133514404,1.0160000133514404,1.068117014260881,0,0.0,0.0,0.0,0.0,0.0,
22/11/2021,4682.93994140625,4743.830078125,4682.169921875,4712.0,4441100000,19.170000076293945,96.5,0.63,1.625,0.995,1.0643789784492677,0,0.0,0.0,0.0,0.0,0.0,
23/11/2021,4690.7001953125,4699.39013671875,4652.66015625,4678.47998046875,4277590000,19.3799991607666,96.48999786376953,0.6,1.6670000553131104,1.0670000553131103,1.0104217107951634,0,0.0,0.0,0.0,0.0,0.0,
24/11/2021,4701.4599609375,4702.8701171875,4659.89013671875,4675.77978515625,3418430000,18.579999923706055,96.83999633789062,0.64,1.6449999809265137,1.0049999809265135,0.8290435282836107,0,0.0,0.0,0.0,0.0,0.0,
26/11/2021,4594.6201171875,4664.6298828125,4585.43017578125,4664.6298828125,3517700000,28.6200008392334,96.08999633789062,0.5,1.4819999933242798,0.9819999933242798,0.8834890496282901,0,0.0,0.0,0.0,0.0,0.0,
29/11/2021,4655.27001953125,4672.9501953125,4625.259765625,4628.75,4336410000,22.959999084472656,96.33999633789062,0.51,1.5299999713897705,1.0199999713897705,1.0845780874913649,0,0.0,0.0,0.0,0.0,0.0,
30/11/2021,4567.0,4646.02001953125,4560.0,4640.25,6625990000,27.190000534057617,95.98999786376953,0.52,1.4429999589920044,0.9229999589920044,1.4939470926383875,0,0.0,0.0,0.0,0.0,0.0,
01/12/2021,4513.0400390625,4652.93994140625,4510.27001953125,4602.81982421875,5366730000,31.1200008392334,96.05000305175781,0.56,1.434000015258789,0.874000015258789,1.1533784707327577,0,0.0,0.0,0.0,0.0,0.0,
02/12/2021,4577.10009765625,4595.4599609375,4504.72998046875,4504.72998046875,5077180000,27.950000762939453,96.12999725341797,0.63,1.4479999542236328,0.8179999542236328,1.0185319296533744,0,0.0,0.0,0.0,0.0,0.0,
03/12/2021,4538.43017578125,4608.02978515625,4495.1201171875,4589.490234375,5240070000,30.670000076293945,96.12000274658203,0.6,1.343000054359436,0.7430000543594361,0.9832611409129496,0,0.0,0.0,0.0,0.0,0.0,
06/12/2021,4591.669921875,4612.60009765625,4540.509765625,4548.3701171875,4770800000,27.18000030517578,96.29000091552734,0.65,1.434000015258789,0.784000015258789,0.8808464456512869,0,0.0,0.0,0.0,0.0,0.0,
07/12/2021,4686.75,4694.0400390625,4631.97021484375,4631.97021484375,4492400000,21.889999389648438,96.37000274658203,0.7,1.4800000190734863,0.7800000190734864,0.9003823277821381,0,0.0,0.0,0.0,0.0,0.0,
08/12/2021,4701.2099609375,4705.06005859375,4674.52001953125,4690.85986328125,4234600000,19.899999618530273,95.88999938964844,0.68,1.5089999437332153,0.8289999437332153,0.8890596492554078,0,0.0,0.0,0.0,0.0,0.0,
09/12/2021,4667.4501953125,4695.259765625,4665.97998046875,4691.0,3903840000,21.579999923706055,96.2699966430664,0.7,1.4869999885559082,0.7869999885559082,0.8620903633161983,0,0.0,0.0,0.0,0.0,0.0,
10/12/2021,4712.02001953125,4713.56982421875,4670.240234375,4687.64013671875,3870110000,18.690000534057617,96.05000305175781,0.67,1.4889999628067017,0.8189999628067016,0.9096830303101532,0,0.0,0.0,0.0,0.0,0.0,
13/12/2021,4668.97021484375,4710.2998046875,4667.60009765625,4710.2998046875,4397230000,20.309999465942383,96.31999969482422,0.66,1.4240000247955322,0.7640000247955322,1.0520605143605808,0,0.0,0.0,0.0,0.0,0.0,
14/12/2021,4634.08984375,4660.47021484375,4606.52001953125,4642.990234375,4485430000,21.889999389648438,96.56999969482422,0.67,1.437999963760376,0.7679999637603759,1.0735208731327672,0,0.0,0.0,0.0,0.0,0.0,
15/12/2021,4709.85009765625,4712.60009765625,4611.22021484375,4636.4599609375,4910130000,19.290000915527344,96.51000213623047,0.69,1.4630000591278076,0.7730000591278077,1.1383570256793565,1,0.8846153846153846,0.0117195876659361,0.1524926686217008,0.7126099706744868,0.1348973607038123,0.0
16/12/2021,4668.669921875,4731.990234375,4651.89013671875,4719.1298828125,4829500000,20.56999969482422,96.04000091552734,0.64,1.4220000505447388,0.7820000505447388,1.0735848553289111,0,0.0,0.0,0.0,0.0,0.0,
17/12/2021,4620.64013671875,4666.7001953125,4600.22021484375,4652.5,7987090000,21.56999969482422,96.56999969482422,0.66,1.4019999504089355,0.7419999504089355,1.500803476067462,0,0.0,0.0,0.0,0.0,0.0,
20/12/2021,4568.02001953125,4587.89990234375,4531.10009765625,4587.89990234375,4635700000,22.8700008392334,96.55000305175781,0.65,1.4190000295639038,0.7690000295639038,0.8633279759831793,0,0.0,0.0,0.0,0.0,0.0,
21/12/2021,4649.22998046875,4651.14013671875,4583.16015625,4594.9599609375,4072430000,21.010000228881836,96.48999786376953,0.7,1.4869999885559082,0.7869999885559082,0.7702767369589765,0,0.0,0.0,0.0,0.0,0.0,
22/12/2021,4696.56005859375,4697.669921875,4645.52978515625,4650.35986328125,3319610000,18.6299991607666,96.08000183105469,0.68,1.4570000171661377,0.7770000171661376,0.6680820130790406,0,0.0,0.0,0.0,0.0,0.0,
23/12/2021,4725.7900390625,4740.740234375,4703.9599609375,4703.9599609375,2913040000,17.959999084472656,96.0199966430664,0.71,1.4930000305175781,0.7830000305175782,0.6352618014669483,0,0.0,0.0,0.0,0.0,0.0,
27/12/2021,4791.18994140625,4791.490234375,4733.990234375,4733.990234375,2770290000,17.68000030517578,96.08999633789062,0.76,1.4809999465942383,0.7209999465942383,0.7820786660546201,0,0.0,0.0,0.0,0.0,0.0,
28/12/2021,4786.35009765625,4807.02001953125,4780.0400390625,4795.490234375,2707920000,17.540000915527344,96.19999694824219,0.74,1.4809999465942383,0.7409999465942383,0.8578439602896482,0,0.0,0.0,0.0,0.0,0.0,
29/12/2021,4793.06005859375,4804.06005859375,4778.080078125,4788.64013671875,2963310000,16.950000762939453,95.93000030517578,0.75,1.5429999828338623,0.7929999828338623,1.009702763427165,0,0.0,0.0,0.0,0.0,0.0,
30/12/2021,4778.72998046875,4808.93017578125,4775.330078125,4794.22998046875,3124950000,17.329999923706055,95.97000122070312,0.73,1.5149999856948853,0.7849999856948853,1.0790938367389504,0,0.0,0.0,0.0,0.0,0.0,
31/12/2021,4766.18017578125,4786.830078125,4765.75,4775.2099609375,2677820000,17.219999313354492,95.66999816894531,0.73,1.5119999647140503,0.7819999647140503,0.9399626095789962,0,0.0,0.0,0.0,0.0,0.0,
03/01/2022,4796.56005859375,4796.64013671875,4758.169921875,4778.14013671875,3831020000,16.600000381469727,96.23999786376953,0.78,1.628000020980835,0.8480000209808349,1.2515566787890509,0,0.0,0.0,0.0,0.0,0.0,
04/01/2022,4793.5400390625,4818.6201171875,4774.27001953125,4804.509765625,4683170000,16.90999984741211,96.29000091552734,0.77,1.6679999828338623,0.8979999828338623,1.3550627391817374,0,0.0,0.0,0.0,0.0,0.0,
05/01/2022,4700.580078125,4797.7001953125,4699.43994140625,4787.990234375,4887960000,19.729999542236328,96.19000244140625,0.83,1.7050000429153442,0.8750000429153443,1.27258015133622,0,0.0,0.0,0.0,0.0,0.0,
06/01/2022,4696.0498046875,4725.009765625,4671.259765625,4693.39013671875,4295280000,19.610000610351562,96.25,0.88,1.7330000400543213,0.8530000400543213,1.0540435086686053,0,0.0,0.0,0.0,0.0,0.0,
07/01/2022,4677.02978515625,4707.9501953125,4662.740234375,4697.66015625,4181510000,18.760000228881836,95.73999786376953,0.87,1.7710000276565552,0.9010000276565552,0.9556015967866816,0,0.0,0.0,0.0,0.0,0.0,
10/01/2022,4670.2900390625,4673.02001953125,4582.240234375,4655.33984375,4511810000,19.399999618530273,95.98999786376953,0.92,1.7799999713897705,0.8599999713897705,0.999969857795284,0,0.0,0.0,0.0,0.0,0.0,
11/01/2022,4713.06982421875,4714.1298828125,4638.27001953125,4669.14013671875,4101590000,18.40999984741211,95.62000274658203,0.9,1.746000051498413,0.8460000514984131,0.9331062896558628,0,0.0,0.0,0.0,0.0,0.0,
12/01/2022,4726.35009765625,4748.830078125,4706.7099609375,4728.58984375,4048220000,17.6200008392334,95.0,0.92,1.725000023841858,0.8050000238418579,0.9575507334752236,0,0.0,0.0,0.0,0.0,0.0,
13/01/2022,4659.02978515625,4744.1298828125,4650.2900390625,4733.56005859375,4251730000,20.309999465942383,94.79000091552734,0.91,1.7109999656677246,0.8009999656677246,1.0077644506766104,0,0.0,0.0,0.0,0.0,0.0,
14/01/2022,4662.85009765625,4665.1298828125,4614.75,4637.990234375,4338490000,19.190000534057617,95.16999816894531,0.99,1.7719999551773071,0.7819999551773071,1.020732793019334,0,0.0,0.0,0.0,0.0,0.0,
18/01/2022,4577.10986328125,4632.240234375,4568.7001953125,4632.240234375,4748700000,22.790000915527344,95.7300033569336,1.06,1.8650000095367432,0.8050000095367431,1.1049280250624398,0,0.0,0.0,0.0,0.0,0.0,
19/01/2022,4532.759765625,4611.5498046875,4530.2001953125,4588.02978515625,4465740000,23.850000381469727,95.51000213623047,1.04,1.8270000219345093,0.7870000219345092,1.0217737890840932,0,0.0,0.0,0.0,0.0,0.0,
20/01/2022,4482.72998046875,4602.10986328125,4477.9501953125,4547.35009765625,4640870000,25.59000015258789,95.73999786376953,1.08,1.8329999446868896,0.7529999446868896,1.0338071767518966,0,0.0,0.0,0.0,0.0,0.0,
21/01/2022,4397.93994140625,4494.52001953125,4395.33984375,4471.3798828125,5589100000,28.850000381469727,95.63999938964844,1.01,1.746999979019165,0.736999979019165,1.1750249128575574,0,0.0,0.0,0.0,0.0,0.0,
24/01/2022,4410.1298828125,4417.35009765625,4222.6201171875,4356.31982421875,6928110000,29.899999618530273,95.91999816894531,0.99,1.7350000143051147,0.7450000143051148,1.3135092892146825,0,0.0,0.0,0.0,0.0,0.0,
25/01/2022,4356.4501953125,4411.009765625,4287.10986328125,4366.64013671875,5145050000,31.15999984741211,95.94999694824219,1.02,1.7829999923706055,0.7629999923706055,0.9610136699830812,0,0.0,0.0,0.0,0.0,0.0,
26/01/2022,4349.93017578125,4453.22998046875,4304.7998046875,4408.43017578125,5570640000,31.959999084472656,96.48999786376953,1.13,1.8480000495910645,0.7180000495910646,0.9992620302169388,1,1.2448979591836735,0.0413095889629419,0.1436950146627566,0.6774193548387096,0.1788856304985337,0.0
27/01/2022,4326.509765625,4428.740234375,4309.5,4380.580078125,5214200000,30.489999771118164,97.26000213623047,1.18,1.8070000410079956,0.6270000410079957,0.9164730324004908,0,0.0,0.0,0.0,0.0,0.0,
28/01/2022,4431.85009765625,4432.72021484375,4292.4599609375,4336.18994140625,5031090000,27.65999984741211,97.2699966430664,1.15,1.781999945640564,0.631999945640564,0.9019817426814573,0,0.0,0.0,0.0,0.0,0.0,
31/01/2022,4515.5498046875,4516.89013671875,4414.02001953125,4431.7900390625,5098610000,24.829999923706055,96.54000091552734,1.18,1.781999945640564,0.601999945640564,0.9782598268046429,0,0.0,0.0,0.0,0.0,0.0,
01/02/2022,4546.5400390625,4550.490234375,4483.52978515625,4519.56982421875,4816830000,21.959999084472656,96.38999938964844,1.18,1.7999999523162842,0.6199999523162842,0.9359839759795144,0,0.0,0.0,0.0,0.0,0.0,
02/02/2022,4589.3798828125,4595.31005859375,4544.31982421875,4566.39013671875,4481580000,22.09000015258789,95.94000244140625,1.16,1.7660000324249268,0.6060000324249268,0.9093262766355914,0,0.0,0.0,0.0,0.0,0.0,
03/02/2022,4477.43994140625,4542.8798828125,4470.39013671875,4535.41015625,4401970000,24.350000381469727,95.37999725341797,1.19,1.8270000219345093,0.6370000219345093,0.923616286642764,0,0.0,0.0,0.0,0.0,0.0,
04/02/2022,4500.52978515625,4539.66015625,4451.5,4482.7900390625,4706290000,23.219999313354492,95.4800033569336,1.31,1.9299999475479126,0.6199999475479125,1.0011133668690608,0,0.0,0.0,0.0,0.0,0.0,
07/02/2022,4483.8701171875,4521.85986328125,4471.47021484375,4505.75,4228480000,22.860000610351562,95.4000015258789,1.3,1.9160000085830688,0.6160000085830688,0.934051685100386,0,0.0,0.0,0.0,0.0,0.0,
08/02/2022,4521.5400390625,4531.31982421875,4465.39990234375,4480.02001953125,4459620000,21.440000534057617,95.63999938964844,1.35,1.9539999961853027,0.6039999961853026,1.0009049310663374,0,0.0,0.0,0.0,0.0,0.0,
09/02/2022,4587.18017578125,4590.02978515625,4547.0,4547.0,4524350000,19.959999084472656,95.48999786376953,1.36,1.9290000200271606,0.5690000200271605,1.0134870261743465,0,0.0,0.0,0.0,0.0,0.0,
10/02/2022,4504.080078125,4588.919921875,4484.31005859375,4553.240234375,5314860000,23.90999984741211,95.55000305175781,1.61,2.0309998989105225,0.42099989891052236,1.1437874457681978,0,0.0,0.0,0.0,0.0,0.0,
11/02/2022,4418.64013671875,4526.330078125,4401.41015625,4506.27001953125,5251500000,27.360000610351562,96.08000183105469,1.5,1.9550000429153442,0.45500004291534424,1.104239446801585,0,0.0,0.0,0.0,0.0,0.0,
14/02/2022,4401.669921875,4426.22021484375,4364.83984375,4412.60986328125,4600390000,28.329999923706055,96.37000274658203,1.58,1.996000051498413,0.416000051498413,0.9524333021955452,0,0.0,0.0,0.0,0.0,0.0,
15/02/2022,4471.06982421875,4472.77001953125,4429.27978515625,4429.27978515625,4430830000,25.700000762939453,95.98999786376953,1.58,2.0450000762939453,0.46500007629394524,0.9184236087245092,0,0.0,0.0,0.0,0.0,0.0,
16/02/2022,4475.009765625,4489.5498046875,4429.68017578125,4455.75,4283640000,24.290000915527344,95.69999694824219,1.52,2.046999931335449,0.5269999313354492,0.896863728067494,0,0.0,0.0,0.0,0.0,0.0,
17/02/2022,4380.259765625,4456.06005859375,4373.81005859375,4456.06005859375,4539420000,28.110000610351562,95.80000305175781,1.49,1.972000002861023,0.48200000286102296,0.9823126507739622,0,0.0,0.0,0.0,0.0,0.0,
18/02/2022,4348.8701171875,4394.60009765625,4327.22021484375,4384.56982421875,4708060000,27.75,96.04000091552734,1.47,1.9320000410079956,0.46200004100799563,1.043344794910457,0,0.0,0.0,0.0,0.0,0.0,
22/02/2022,4304.759765625,4362.1201171875,4267.10986328125,4332.740234375,5121900000,28.809999465942383,96.02999877929688,1.56,1.9479999542236328,0.38799995422363276,1.1094119915005511,0,0.0,0.0,0.0,0.0,0.0,
23/02/2022,4225.5,4341.509765625,4221.509765625,4324.93017578125,4797430000,31.020000457763672,96.19000244140625,1.58,1.9769999980926514,0.3969999980926513,1.0228865544158,0,0.0,0.0,0.0,0.0,0.0,
24/02/2022,4288.7001953125,4294.72998046875,4114.64990234375,4155.77001953125,6752130000,30.31999969482422,97.13999938964844,1.54,1.968999981880188,0.42899998188018795,1.3025474807225912,0,0.0,0.0,0.0,0.0,0.0,
25/02/2022,4384.64990234375,4385.33984375,4286.830078125,4298.3798828125,5177060000,27.59000015258789,96.62000274658203,1.55,1.9859999418258667,0.43599994182586665,0.9747226487748046,0,0.0,0.0,0.0,0.0,0.0,
28/02/2022,4373.93994140625,4388.83984375,4315.1201171875,4354.169921875,6071370000,30.149999618530273,96.70999908447266,1.44,1.8389999866485596,0.3989999866485596,1.087284011505776,0,0.0,0.0,0.0,0.0,0.0,
01/03/2022,4306.259765625,4378.4501953125,4279.5400390625,4363.14013671875,5846230000,33.31999969482422,97.41000366210938,1.31,1.7070000171661377,0.39700001716613764,1.0204903467436013,0,0.0,0.0,0.0,0.0,0.0,
02/03/2022,4386.5400390625,4401.47998046875,4322.56005859375,4322.56005859375,5337870000,30.739999771118164,97.38999938964844,1.5,1.8650000095367432,0.36500000953674316,0.914499260913096,0,0.0,0.0,0.0,0.0,0.0,
03/03/2022,4363.490234375,4416.77978515625,4345.56005859375,4401.31005859375,5039890000,30.479999542236328,97.79000091552734,1.53,1.843999981880188,0.31399998188018796,0.9172635683350794,0,0.0,0.0,0.0,0.0,0.0,
04/03/2022,4328.8701171875,4342.1201171875,4284.97998046875,4342.1201171875,5797380000,31.979999542236328,98.6500015258789,1.5,1.7239999771118164,0.2239999771118164,1.031828863969837,0,0.0,0.0,0.0,0.0,0.0,
07/03/2022,4201.08984375,4327.009765625,4199.85009765625,4327.009765625,6940470000,36.45000076293945,99.29000091552734,1.55,1.7510000467300415,0.20100004673004146,1.1982094369694742,0,0.0,0.0,0.0,0.0,0.0,
08/03/2022,4170.7001953125,4276.93994140625,4157.8701171875,4202.66015625,7243120000,35.130001068115234,99.05999755859375,1.63,1.871999979019165,0.24199997901916515,1.192922101813877,0,0.0,0.0,0.0,0.0,0.0,
09/03/2022,4277.8798828125,4299.39990234375,4223.10009765625,4223.10009765625,5662670000,32.45000076293945,97.97000122070312,1.68,1.9479999542236328,0.2679999542236329,0.922753998643572,0,0.0,0.0,0.0,0.0,0.0,
10/03/2022,4259.52001953125,4268.27978515625,4209.7998046875,4252.5498046875,4980830000,30.229999542236328,98.51000213623047,1.72,2.010999917984009,0.2909999179840088,0.8132108082197015,0,0.0,0.0,0.0,0.0,0.0,
11/03/2022,4204.31005859375,4291.009765625,4200.490234375,4279.5,4938640000,30.75,99.12000274658203,1.75,2.003999948501587,0.2539999485015869,0.8295848951126009,0,0.0,0.0,0.0,0.0,0.0,
14/03/2022,4173.10986328125,4247.56982421875,4161.72021484375,4202.75,5574920000,31.770000457763672,99.05999755859375,1.87,2.140000104904175,0.2700001049041747,0.9814937792647792,0,0.0,0.0,0.0,0.0,0.0,
15/03/2022,4262.4501953125,4271.0498046875,4187.89990234375,4188.81982421875,5392470000,29.829999923706055,99.06999969482422,1.85,2.1600000858306885,0.3100000858306884,1.0155490511508114,0,0.0,0.0,0.0,0.0,0.0,
16/03/2022,4357.85986328125,4358.89990234375,4251.990234375,4288.14013671875,6309750000,26.670000076293945,98.37999725341797,1.95,2.187999963760376,0.23799996376037602,1.1600250913624897,1,1.4222222222222225,0.0728433515844417,0.1551724137931034,0.6241379310344828,0.2206896551724138,0.0
17/03/2022,4411.669921875,4412.669921875,4335.64990234375,4345.10986328125,4985090000,25.670000076293945,98.01000213623047,1.94,2.191999912261963,0.25199991226196294,0.9163475285900782,0,0.0,0.0,0.0,0.0,0.0,
18/03/2022,4463.1201171875,4465.39990234375,4390.56982421875,4407.33984375,8278430000,23.8700008392334,98.2300033569336,1.97,2.1480000019073486,0.17800000190734866,1.355312884528363,0,0.0,0.0,0.0,0.0,0.0,
21/03/2022,4461.18017578125,4481.75,4424.2998046875,4462.39990234375,4869820000,23.530000686645508,98.5,2.14,2.315000057220459,0.17500005722045886,0.8161100378206408,0,0.0,0.0,0.0,0.0,0.0,
22/03/2022,4511.60986328125,4522.0,4469.10009765625,4469.10009765625,4754840000,22.940000534057617,98.48999786376953,2.18,2.372999906539917,0.19299990653991683,0.8142426535031764,0,0.0,0.0,0.0,0.0,0.0,
23/03/2022,4456.240234375,4501.06982421875,4455.81005859375,4493.10009765625,4550670000,23.56999969482422,98.62000274658203,2.13,2.321000099182129,0.191000099182129,0.8292384702711666,0,0.0,0.0,0.0,0.0,0.0,
24/03/2022,4520.16015625,4520.580078125,4465.169921875,4469.97998046875,4131390000,21.670000076293945,98.79000091552734,2.13,2.3410000801086426,0.21100008010864268,0.7770108500422228,0,0.0,0.0,0.0,0.0,0.0,
25/03/2022,4543.06005859375,4546.02978515625,4501.06982421875,4522.91015625,4305020000,20.809999465942383,98.80999755859375,2.3,2.492000102996826,0.19200010299682635,0.9519435479091836,0,0.0,0.0,0.0,0.0,0.0,
28/03/2022,4575.52001953125,4575.64990234375,4517.68994140625,4541.08984375,4312260000,19.6299991607666,99.08999633789062,2.35,2.4769999980926514,0.12699999809265128,0.977651402137826,0,0.0,0.0,0.0,0.0,0.0,
29/03/2022,4631.60009765625,4637.2998046875,4589.66015625,4602.85986328125,5085910000,18.899999618530273,98.4000015258789,2.35,2.4000000953674316,0.05000009536743155,1.1359958008063344,0,0.0,0.0,0.0,0.0,0.0,
30/03/2022,4602.4501953125,4627.77001953125,4581.31982421875,4624.2001953125,4385570000,19.329999923706055,97.79000091552734,2.31,2.3580000400543213,0.048000040054321236,0.9868452733217372,0,0.0,0.0,0.0,0.0,0.0,
31/03/2022,4530.41015625,4603.06982421875,4530.41015625,4599.02001953125,4823020000,20.559999465942383,98.30999755859375,2.28,2.3269999027252197,0.04699990272521992,1.0525197082025055,0,0.0,0.0,0.0,0.0,0.0,
01/04/2022,4545.85986328125,4548.7001953125,4507.56982421875,4540.31982421875,4562940000,19.6299991607666,98.62999725341797,2.44,2.377000093460083,-0.06299990653991694,0.9846782651480166,0,0.0,0.0,0.0,0.0,0.0,
04/04/2022,4582.64013671875,4583.5,4539.2099609375,4547.97021484375,4547350000,18.56999969482422,98.98999786376953,2.43,2.4119999408721924,-0.018000059127807777,0.9714571248022308,0,0.0,0.0,0.0,0.0,0.0,
05/04/2022,4525.1201171875,4593.4501953125,4514.169921875,4572.4501953125,4800620000,21.030000686645508,99.47000122070312,2.51,2.555999994277954,0.045999994277954315,1.0382188196111508,0,0.0,0.0,0.0,0.0,0.0,
06/04/2022,4481.14990234375,4503.93994140625,4450.0400390625,4494.169921875,4986830000,22.100000381469727,99.5999984741211,2.5,2.6089999675750732,0.10899996757507324,1.0511530827848683,0,0.0,0.0,0.0,0.0,0.0,
07/04/2022,4500.2099609375,4521.16015625,4450.2998046875,4474.64990234375,4821490000,21.549999237060547,99.75,2.47,2.6519999504089355,0.18199995040893535,1.016367310405945,0,0.0,0.0,0.0,0.0,0.0,
08/04/2022,4488.27978515625,4520.41015625,4474.60009765625,4494.14990234375,4083200000,21.15999984741211,99.80000305175781,2.53,2.7130000591278076,0.1830000591278078,0.8785046487681099,0,0.0,0.0,0.0,0.0,0.0,
11/04/2022,4412.52978515625,4464.35009765625,4408.3798828125,4462.64013671875,4266290000,24.3700008392334,99.93000030517578,2.5,2.7799999713897705,0.2799999713897705,0.9291336559163672,0,0.0,0.0,0.0,0.0,0.0,
12/04/2022,4397.4501953125,4471.0,4381.33984375,4437.58984375,4152090000,24.260000228881836,100.29000091552734,2.39,2.7249999046325684,0.33499990463256824,0.9305487698286412,0,0.0,0.0,0.0,0.0,0.0,
13/04/2022,4446.58984375,4453.919921875,4392.7001953125,4394.2998046875,3828150000,21.81999969482422,99.87999725341797,2.37,2.687000036239624,0.3170000362396239,0.9049477997013884,0,0.0,0.0,0.0,0.0,0.0,
14/04/2022,4392.58984375,4460.4599609375,4390.77001953125,4449.1201171875,4083090000,22.700000762939453,100.31999969482422,2.47,2.828000068664551,0.3580000686645506,1.0001288406011517,0,0.0,0.0,0.0,0.0,0.0,
18/04/2022,4391.68994140625,4410.31005859375,4370.2998046875,4385.6298828125,3910490000,22.170000076293945,100.77999877929688,2.46,2.861999988555908,0.40199998855590824,0.9660248882046588,0,0.0,0.0,0.0,0.0,0.0,
19/04/2022,4462.2099609375,4471.02978515625,4390.6298828125,4390.6298828125,4108120000,21.3700008392334,100.95999908447266,2.61,2.9130001068115234,0.30300010681152356,1.0228394268681211,0,0.0,0.0,0.0,0.0,0.0,
20/04/2022,4459.4501953125,4488.2900390625,4448.759765625,4472.259765625,4290450000,20.31999969482422,100.38999938964844,2.6,2.8399999141693115,0.23999991416931143,1.0609263957508048,0,0.0,0.0,0.0,0.0,0.0,
21/04/2022,4393.66015625,4512.93994140625,4384.47021484375,4489.169921875,4636890000,22.68000030517578,100.58000183105469,2.68,2.9170000553131104,0.2370000553131102,1.102496832951005,0,0.0,0.0,0.0,0.0,0.0,
22/04/2022,4271.77978515625,4385.830078125,4267.6201171875,4385.830078125,4651940000,28.209999084472656,101.22000122070312,2.72,2.9059998989105225,0.18599989891052227,1.076943164355407,0,0.0,0.0,0.0,0.0,0.0,
25/04/2022,4296.1201171875,4299.02001953125,4200.81982421875,4255.33984375,5240040000,27.020000457763672,101.75,2.63,2.8259999752044678,0.19599997520446788,1.1427442400896044,0,0.0,0.0,0.0,0.0,0.0,
26/04/2022,4175.2001953125,4278.14013671875,4175.0400390625,4278.14013671875,4689970000,33.52000045776367,102.30000305175781,2.54,2.7720000743865967,0.23200007438659664,0.9974716378078624,0,0.0,0.0,0.0,0.0,0.0,
27/04/2022,4183.9599609375,4240.7099609375,4162.89990234375,4186.52001953125,4769680000,31.600000381469727,102.94999694824219,2.58,2.818000078201294,0.23800007820129387,0.994158872660756,0,0.0,0.0,0.0,0.0,0.0,
28/04/2022,4287.5,4308.4501953125,4188.6298828125,4222.580078125,4854180000,29.989999771118164,103.62000274658203,2.63,2.86299991607666,0.23299991607666026,1.0026890238335342,0,0.0,0.0,0.0,0.0,0.0,
29/04/2022,4131.93017578125,4269.68017578125,4124.27978515625,4253.75,5084030000,33.400001525878906,102.95999908447266,2.7,2.88700008392334,0.18700008392333967,1.0317498650453163,0,0.0,0.0,0.0,0.0,0.0,
02/05/2022,4155.3798828125,4169.81005859375,4062.510009765625,4130.60986328125,5163790000,32.34000015258789,103.73999786376953,2.73,2.996000051498413,0.2660000514984131,1.0511895577047958,0,0.0,0.0,0.0,0.0,0.0,
03/05/2022,4175.47998046875,4200.10009765625,4147.080078125,4159.77978515625,4582050000,29.25,103.47000122070312,2.78,2.9600000381469727,0.18000003814697285,0.9368816127437408,0,0.0,0.0,0.0,0.0,0.0,
04/05/2022,4300.169921875,4307.66015625,4148.91015625,4181.18017578125,5136360000,25.420000076293945,102.58999633789062,2.66,2.9170000553131104,0.2570000553131102,1.034704906163919,1,0.96,0.0053300049295497,0.1628664495114006,0.6807817589576547,0.1563517915309446,0.0
05/05/2022,4146.8701171875,4270.43017578125,4106.009765625,4270.43017578125,5077030000,31.200000762939453,103.75,2.71,3.065999984741211,0.355999984741211,1.0136519766196574,0,0.0,0.0,0.0,0.0,0.0,
06/05/2022,4123.33984375,4157.68994140625,4067.909912109375,4128.169921875,5116940000,30.190000534057617,103.66000366210938,2.72,3.122999906539917,0.4029999065399168,1.02027941268543,0,0.0,0.0,0.0,0.0,0.0,
09/05/2022,3991.239990234375,4081.27001953125,3975.47998046875,4081.27001953125,5954520000,34.75,103.6500015258789,2.61,3.0789999961853027,0.46899999618530286,1.150992194658038,0,0.0,0.0,0.0,0.0,0.0,
10/05/2022,4001.050048828125,4068.820068359375,3958.169921875,4035.179931640625,5885820000,32.9900016784668,103.91999816894531,2.62,2.993000030517578,0.373000030517578,1.0831201438904523,0,0.0,0.0,0.0,0.0,0.0,
11/05/2022,3935.179931640625,4049.090087890625,3928.820068359375,3990.080078125,5816140000,32.560001373291016,103.8499984741211,2.66,2.9210000038146973,0.2610000038146971,1.0441734334633732,0,0.0,0.0,0.0,0.0,0.0,
12/05/2022,3930.080078125,3964.800048828125,3858.8701171875,3903.949951171875,6286450000,31.770000457763672,104.8499984741211,2.56,2.816999912261963,0.25699991226196284,1.0816376673398744,0,0.0,0.0,0.0,0.0,0.0,
13/05/2022,4023.889892578125,4038.8798828125,3963.89990234375,3963.89990234375,5183340000,28.8700008392334,104.55999755859375,2.61,2.934999942779541,0.32499994277954114,0.8898049767443617,0,0.0,0.0,0.0,0.0,0.0,
16/05/2022,4008.010009765625,4046.4599609375,3983.989990234375,4013.02001953125,4415030000,27.469999313354492,104.19000244140625,2.58,2.877000093460083,0.29700009346008294,0.8002075631878748,0,0.0,0.0,0.0,0.0,0.0,
17/05/2022,4088.85009765625,4090.719970703125,4033.929931640625,4052.0,4841410000,26.100000381469727,103.36000061035156,2.71,2.9679999351501465,0.2579999351501465,0.9120153927475204,0,0.0,0.0,0.0,0.0,0.0,
18/05/2022,3923.679931640625,4051.97998046875,3911.909912109375,4051.97998046875,5103220000,30.959999084472656,103.80999755859375,2.68,2.885999917984009,0.20599991798400863,0.987868498942099,0,0.0,0.0,0.0,0.0,0.0,
19/05/2022,3900.7900390625,3945.9599609375,3876.580078125,3899.0,5113550000,29.350000381469727,102.72000122070312,2.63,2.8550000190734863,0.22500001907348643,1.0369556973704757,0,0.0,0.0,0.0,0.0,0.0,
20/05/2022,3901.360107421875,3943.419921875,3810.320068359375,3927.760009765625,5130730000,29.43000030517578,103.1500015258789,2.6,2.7869999408721924,0.1869999408721923,1.042664304985299,0,0.0,0.0,0.0,0.0,0.0,
23/05/2022,3973.75,3981.8798828125,3909.0400390625,3919.419921875,4420030000,28.479999542236328,102.08000183105469,2.65,2.8589999675750732,0.20899996757507333,0.8980537154383732,0,0.0,0.0,0.0,0.0,0.0,
24/05/2022,3941.47998046875,3955.679931640625,3875.1298828125,3942.93994140625,4923190000,29.450000762939453,101.86000061035156,2.5,2.759999990463257,0.25999999046325684,0.9969717367496777,0,0.0,0.0,0.0,0.0,0.0,
25/05/2022,3978.72998046875,3999.330078125,3925.030029296875,3929.590087890625,4802560000,28.3700008392334,102.05999755859375,2.48,2.749000072479248,0.26900007247924806,0.9845322233729642,0,0.0,0.0,0.0,0.0,0.0,
26/05/2022,4057.840087890625,4075.139892578125,3984.60009765625,3984.60009765625,4709970000,27.5,101.83000183105469,2.46,2.75600004196167,0.29600004196166996,0.9817968288802692,0,0.0,0.0,0.0,0.0,0.0,
27/05/2022,4158.240234375,4158.490234375,4077.429931640625,4077.429931640625,4375620000,25.719999313354492,101.66999816894531,2.47,2.743000030517578,0.27300003051757793,0.941748162075676,0,0.0,0.0,0.0,0.0,0.0,
31/05/2022,4132.14990234375,4168.33984375,4104.8798828125,4151.08984375,6822640000,26.190000534057617,101.75,2.53,2.8440001010894775,0.31400010108947773,1.3307804718580571,0,0.0,0.0,0.0,0.0,0.0,
01/06/2022,4101.22998046875,4166.5400390625,4073.85009765625,4149.77978515625,4531800000,25.690000534057617,102.55000305175781,2.66,2.930999994277954,0.27099999427795396,0.8976495676553,0,0.0,0.0,0.0,0.0,0.0,
02/06/2022,4176.81982421875,4177.509765625,4074.3701171875,4095.409912109375,4405790000,24.719999313354492,101.7699966430664,2.65,2.9130001068115234,0.2630001068115235,0.8866259998663759,0,0.0,0.0,0.0,0.0,0.0,
03/06/2022,4108.5400390625,4142.669921875,4098.669921875,4137.56982421875,3711110000,24.790000915527344,102.13999938964844,2.66,2.9570000171661377,0.29700001716613755,0.7781096626152767,0,0.0,0.0,0.0,0.0,0.0,
06/06/2022,4121.43017578125,4168.77978515625,4109.18017578125,4134.72021484375,4332700000,25.06999969482422,102.44000244140625,2.73,3.0380001068115234,0.30800010681152346,0.9100766088445492,0,0.0,0.0,0.0,0.0,0.0,
07/06/2022,4160.68017578125,4164.85986328125,4080.18994140625,4096.47021484375,4248210000,24.020000457763672,102.31999969482422,2.75,2.9719998836517334,0.2219998836517334,1.0005388700027933,0,0.0,0.0,0.0,0.0,0.0,
08/06/2022,4115.77001953125,4160.14013671875,4107.2001953125,4147.1201171875,4159470000,23.959999084472656,102.54000091552734,2.78,3.0290000438690186,0.24900004386901875,0.997126662728793,0,0.0,0.0,0.0,0.0,0.0,
09/06/2022,4017.820068359375,4119.10009765625,4017.169921875,4101.64990234375,4134170000,26.09000015258789,103.22000122070312,2.83,3.0439999103546143,0.2139999103546142,1.0041383176444183,0,0.0,0.0,0.0,0.0,0.0,
10/06/2022,3900.860107421875,3974.389892578125,3900.159912109375,3974.389892578125,4889640000,27.75,104.1500015258789,3.06,3.1559998989105225,0.09599989891052241,1.1233223014502265,0,0.0,0.0,0.0,0.0,0.0,
13/06/2022,3749.6298828125,3838.14990234375,3734.300048828125,3838.14990234375,5636890000,34.02000045776367,105.08000183105469,3.4,3.365999937057495,-0.034000062942504794,1.2217784690559113,0,0.0,0.0,0.0,0.0,0.0,
14/06/2022,3735.47998046875,3778.179931640625,3705.679931640625,3763.52001953125,5153890000,32.689998626708984,105.5199966430664,3.45,3.4830000400543213,0.03300004005432111,1.0748888590418144,0,0.0,0.0,0.0,0.0,0.0,
15/06/2022,3789.989990234375,3837.56005859375,3722.300048828125,3764.050048828125,5530480000,29.6200008392334,105.16000366210938,3.2,3.3949999809265137,0.1949999809265135,1.0910366394726865,1,0.913793103448276,0.0149052093985379,0.1864951768488746,0.6430868167202572,0.1704180064308681,0.0
16/06/2022,3666.77001953125,3728.179931640625,3639.77001953125,3728.179931640625,5644930000,32.95000076293945,103.62999725341797,3.14,3.306999921798706,0.16699992179870593,1.0509691936536685,0,0.0,0.0,0.0,0.0,0.0,
17/06/2022,3674.840087890625,3707.7099609375,3636.8701171875,3665.89990234375,8520740000,31.1299991607666,104.69999694824219,3.17,3.239000082015991,0.06900008201599128,1.3974414609801642,0,0.0,0.0,0.0,0.0,0.0,
21/06/2022,3764.7900390625,3779.64990234375,3715.31005859375,3715.31005859375,5292260000,30.190000534057617,104.44000244140625,3.21,3.306999921798706,0.09699992179870609,0.8778792593796757,0,0.0,0.0,0.0,0.0,0.0,
22/06/2022,3759.889892578125,3801.7900390625,3717.68994140625,3733.889892578125,5058990000,28.950000762939453,104.19999694824219,3.06,3.1559998989105225,0.09599989891052241,0.8418349008566465,0,0.0,0.0,0.0,0.0,0.0,
23/06/2022,3795.72998046875,3802.580078125,3743.52001953125,3774.7099609375,5098640000,29.049999237060547,104.43000030517578,3.01,3.068000078201294,0.05800007820129416,0.8608042528994894,0,0.0,0.0,0.0,0.0,0.0,
24/06/2022,3911.739990234375,3913.64990234375,3821.75,3821.75,8120260000,27.229999542236328,104.19000244140625,3.04,3.125,0.08499999999999996,1.2651970699472654,0,0.0,0.0,0.0,0.0,0.0,
27/06/2022,3900.110107421875,3927.719970703125,3889.659912109375,3920.760009765625,4325310000,26.950000762939453,103.94000244140625,3.08,3.194000005722046,0.11400000572204583,0.775271316551152,0,0.0,0.0,0.0,0.0,0.0,
28/06/2022,3821.550048828125,3945.860107421875,3820.139892578125,3913.0,4270120000,28.360000610351562,104.51000213623047,3.1,3.2060000896453857,0.10600008964538565,0.7944905951330167,0,0.0,0.0,0.0,0.0,0.0,
29/06/2022,3818.830078125,3836.5,3799.02001953125,3825.090087890625,4211240000,28.15999984741211,105.11000061035156,3.06,3.0929999351501465,0.03299993515014643,0.8090581685626866,0,0.0,0.0,0.0,0.0,0.0,
30/06/2022,3785.3798828125,3818.989990234375,3738.669921875,3785.989990234375,4840070000,28.709999084472656,104.69000244140625,2.92,2.9719998836517334,0.05199988365173347,0.9391993635269918,0,0.0,0.0,0.0,0.0,0.0,
01/07/2022,3825.330078125,3829.820068359375,3752.10009765625,3781.0,4046950000,26.700000762939453,105.13999938964844,2.84,2.8889999389648438,0.04899993896484389,0.932748186223736,0,0.0,0.0,0.0,0.0,0.0,
05/07/2022,3831.389892578125,3832.18994140625,3742.06005859375,3792.610107421875,5076590000,27.540000915527344,106.5,2.82,2.809000015258789,-0.010999984741210778,1.1308970339456903,0,0.0,0.0,0.0,0.0,0.0,
06/07/2022,3845.080078125,3870.909912109375,3809.3701171875,3831.97998046875,4417720000,26.729999542236328,107.0999984741211,2.97,2.9130001068115234,-0.05699989318847676,0.97769310884065,0,0.0,0.0,0.0,0.0,0.0,
07/07/2022,3902.6201171875,3910.6298828125,3858.85009765625,3858.85009765625,4057770000,26.079999923706055,107.12999725341797,3.03,3.007999897003174,-0.022000102996825976,0.904173964196425,0,0.0,0.0,0.0,0.0,0.0,
08/07/2022,3899.3798828125,3918.5,3869.340087890625,3888.260009765625,3521620000,24.639999389648438,107.01000213623047,3.12,3.1010000705718994,-0.018999929428100693,0.8336911979508207,0,0.0,0.0,0.0,0.0,0.0,
11/07/2022,3854.429931640625,3880.93994140625,3847.219970703125,3880.93994140625,3423480000,26.170000076293945,108.0199966430664,3.07,2.990999937057495,-0.07900006294250472,0.8351100004976294,0,0.0,0.0,0.0,0.0,0.0,
12/07/2022,3818.800048828125,3873.409912109375,3802.360107421875,3851.949951171875,3817210000,27.290000915527344,108.06999969482422,3.03,2.9579999446868896,-0.07200005531311016,0.9921118838952478,0,0.0,0.0,0.0,0.0,0.0,
13/07/2022,3801.780029296875,3829.43994140625,3759.070068359375,3779.669921875,4109390000,26.81999969482422,107.95999908447266,3.13,2.9040000438690186,-0.22599995613098134,1.0854477172366686,0,0.0,0.0,0.0,0.0,0.0,
14/07/2022,3790.3798828125,3796.409912109375,3721.56005859375,3763.989990234375,4199690000,26.399999618530273,108.54000091552734,3.15,2.9600000381469727,-0.18999996185302725,1.1010445489290503,0,0.0,0.0,0.0,0.0,0.0,
15/07/2022,3863.159912109375,3863.6201171875,3817.179931640625,3818.0,4143800000,24.229999542236328,108.05999755859375,3.13,2.930000066757202,-0.19999993324279774,1.052069279465328,0,0.0,0.0,0.0,0.0,0.0,
18/07/2022,3830.85009765625,3902.43994140625,3818.6298828125,3883.7900390625,4046870000,25.299999237060547,107.37000274658203,3.15,2.9600000381469727,-0.18999996185302725,0.9959339389357464,0,0.0,0.0,0.0,0.0,0.0,
19/07/2022,3936.68994140625,3939.81005859375,3860.72998046875,3860.72998046875,4041070000,24.5,106.68000030517578,3.23,3.0190000534057617,-0.21099994659423826,0.9836681300941248,0,0.0,0.0,0.0,0.0,0.0,
20/07/2022,3959.89990234375,3974.1298828125,3922.030029296875,3935.320068359375,4185300000,23.8799991607666,107.08000183105469,3.25,3.0360000133514404,-0.21399998664855957,1.0150251761554816,0,0.0,0.0,0.0,0.0,0.0,
21/07/2022,3998.949951171875,3999.2900390625,3927.639892578125,3955.469970703125,4132790000,23.110000610351562,106.91000366210938,3.1,2.9100000858306885,-0.1899999141693116,1.005553330611494,0,0.0,0.0,0.0,0.0,0.0,
22/07/2022,3961.6298828125,4012.43994140625,3938.860107421875,3998.429931640625,3979240000,23.030000686645508,106.7300033569336,2.98,2.7829999923706055,-0.1970000076293945,0.9760086572314224,0,0.0,0.0,0.0,0.0,0.0,
25/07/2022,3966.840087890625,3975.300048828125,3943.4599609375,3965.719970703125,3568340000,23.360000610351562,106.4800033569336,3.0,2.819999933242798,-0.18000006675720215,0.8962642803392218,0,0.0,0.0,0.0,0.0,0.0,
26/07/2022,3921.050048828125,3953.219970703125,3910.739990234375,3953.219970703125,3778950000,24.690000534057617,107.19000244140625,3.02,2.7869999408721924,-0.23300005912780763,0.9618282257432316,0,0.0,0.0,0.0,0.0,0.0,
27/07/2022,4023.610107421875,4039.56005859375,3951.429931640625,3951.429931640625,4112180000,23.239999771118164,106.44999694824219,2.96,2.7339999675750732,-0.22600003242492672,1.0505531001711672,1,0.8648648648648649,-0.0226796520820685,0.2114285714285714,0.6057142857142858,0.1828571428571428,0.0
28/07/2022,4072.429931640625,4078.949951171875,3992.969970703125,4026.1298828125,4413000000,22.329999923706055,106.3499984741211,2.85,2.680999994277954,-0.169000005722046,1.1114911511401284,0,0.0,0.0,0.0,0.0,0.0,
29/07/2022,4130.2900390625,4140.14990234375,4079.219970703125,4087.330078125,4616360000,21.329999923706055,105.9000015258789,2.89,2.6419999599456787,-0.2480000400543214,1.1265552986676155,0,0.0,0.0,0.0,0.0,0.0,
01/08/2022,4118.6298828125,4144.9501953125,4096.02001953125,4112.3798828125,4202810000,22.84000015258789,105.44999694824219,2.9,2.6059999465942383,-0.29400005340576163,0.994827986157466,0,0.0,0.0,0.0,0.0,0.0,
02/08/2022,4091.18994140625,4140.47021484375,4079.81005859375,4104.2099609375,4727710000,23.93000030517578,106.23999786376953,3.06,2.740999937057495,-0.31900006294250494,1.0709716265722369,0,0.0,0.0,0.0,0.0,0.0,
03/08/2022,4155.169921875,4167.66015625,4107.9599609375,4107.9599609375,4351760000,21.950000762939453,106.51000213623047,3.1,2.747999906539917,-0.3520000934600831,0.9752219021102886,0,0.0,0.0,0.0,0.0,0.0,
04/08/2022,4151.93994140625,4161.2900390625,4135.419921875,4154.85009765625,4283320000,21.440000534057617,105.69000244140625,3.03,2.6760001182556152,-0.35399988174438457,0.9654962861712852,0,0.0,0.0,0.0,0.0,0.0,
05/08/2022,4145.18994140625,4151.580078125,4107.31005859375,4115.8701171875,4085940000,21.149999618530273,106.62000274658203,3.24,2.8399999141693115,-0.4000000858306887,0.9435679863880352,0,0.0,0.0,0.0,0.0,0.0,
08/08/2022,4140.06005859375,4186.6201171875,4128.97021484375,4155.93017578125,4221090000,21.290000915527344,106.44000244140625,3.21,2.765000104904175,-0.44499989509582516,0.9739559442579588,0,0.0,0.0,0.0,0.0,0.0,
09/08/2022,4122.47021484375,4137.2998046875,4112.08984375,4133.10986328125,3913090000,21.770000457763672,106.37000274658203,3.28,2.796999931335449,-0.4830000686645506,0.938156910506732,0,0.0,0.0,0.0,0.0,0.0,
10/08/2022,4210.240234375,4211.02978515625,4177.259765625,4181.02001953125,4546010000,19.739999771118164,105.19999694824219,3.23,2.7860000133514404,-0.44399998664855955,1.0798405659055226,0,0.0,0.0,0.0,0.0,0.0,
11/08/2022,4207.27001953125,4257.91015625,4201.41015625,4227.39990234375,4630200000,20.200000762939453,105.08999633789062,3.23,2.888000011444092,-0.3419999885559082,1.0820079892205814,0,0.0,0.0,0.0,0.0,0.0,
12/08/2022,4280.14990234375,4280.47021484375,4219.77978515625,4225.02001953125,3788010000,19.530000686645508,105.62999725341797,3.25,2.8489999771118164,-0.4010000228881836,0.8977007735183711,0,0.0,0.0,0.0,0.0,0.0,
15/08/2022,4297.14013671875,4301.7900390625,4256.89990234375,4269.3701171875,3696830000,19.950000762939453,106.55000305175781,3.2,2.7909998893737793,-0.4090001106262209,0.8984166531383572,0,0.0,0.0,0.0,0.0,0.0,
16/08/2022,4305.2001953125,4325.27978515625,4277.77001953125,4290.4599609375,4329820000,19.690000534057617,106.5,3.25,2.8239998817443848,-0.42600011825561523,1.0313579189428548,0,0.0,0.0,0.0,0.0,0.0,
17/08/2022,4274.0400390625,4302.18017578125,4253.080078125,4280.39990234375,3885030000,19.899999618530273,106.56999969482422,3.28,2.8929998874664307,-0.38700011253356914,0.955497053845348,0,0.0,0.0,0.0,0.0,0.0,
18/08/2022,4283.740234375,4292.52978515625,4261.97998046875,4273.1298828125,3340330000,19.559999465942383,107.4800033569336,3.22,2.880000114440918,-0.3399998855590822,0.8771865785855267,0,0.0,0.0,0.0,0.0,0.0,
19/08/2022,4228.47998046875,4266.31005859375,4218.7001953125,4266.31005859375,3761340000,20.600000381469727,108.16999816894531,3.25,2.989000082015991,-0.2609999179840088,0.989131320887692,0,0.0,0.0,0.0,0.0,0.0,
22/08/2022,4137.990234375,4195.080078125,4129.85986328125,4195.080078125,3907430000,23.799999237060547,109.05000305175781,3.32,3.0369999408721924,-0.28300005912780746,1.0162921772060372,0,0.0,0.0,0.0,0.0,0.0,
23/08/2022,4128.72998046875,4159.77001953125,4124.02978515625,4133.08984375,3823520000,24.110000610351562,108.62000274658203,3.29,3.053999900817871,-0.23600009918212894,1.0213675327832286,0,0.0,0.0,0.0,0.0,0.0,
24/08/2022,4140.77001953125,4156.56005859375,4119.97021484375,4126.5498046875,3583630000,22.81999969482422,108.68000030517578,3.36,3.1059999465942383,-0.2540000534057616,0.9729532342360688,0,0.0,0.0,0.0,0.0,0.0,
25/08/2022,4199.1201171875,4200.5400390625,4147.58984375,4153.259765625,3566870000,21.780000686645508,108.47000122070312,3.35,3.0260000228881836,-0.3239999771118165,0.9566352461192772,0,0.0,0.0,0.0,0.0,0.0,
26/08/2022,4057.659912109375,4203.0400390625,4057.659912109375,4198.740234375,3832750000,25.559999465942383,108.80000305175781,3.37,3.0350000858306885,-0.33499991416931163,1.0240218657490034,0,0.0,0.0,0.0,0.0,0.0,
29/08/2022,4030.610107421875,4062.989990234375,4017.419921875,4034.580078125,3396510000,26.209999084472656,108.83999633789062,3.42,3.109999895095825,-0.31000010490417473,0.9329390087940196,0,0.0,0.0,0.0,0.0,0.0,
30/08/2022,3986.159912109375,4044.97998046875,3965.2099609375,4041.25,3835860000,26.209999084472656,108.7699966430664,3.46,3.109999895095825,-0.35000010490417477,1.052904046087918,0,0.0,0.0,0.0,0.0,0.0,
31/08/2022,3955.0,4015.3701171875,3954.530029296875,4000.669921875,4542490000,25.8700008392334,108.69999694824219,3.45,3.132999897003174,-0.31700010299682635,1.1845145213846735,0,0.0,0.0,0.0,0.0,0.0,
01/09/2022,3966.85009765625,3970.22998046875,3903.64990234375,3936.72998046875,4152250000,25.559999465942383,109.69000244140625,3.51,3.265000104904175,-0.24499989509582498,1.0506779906335368,0,0.0,0.0,0.0,0.0,0.0,
02/09/2022,3924.260009765625,4018.429931640625,3906.2099609375,3994.659912109375,3665850000,25.469999313354492,109.52999877929688,3.4,3.193000078201294,-0.20699992179870597,0.9355018333115568,0,0.0,0.0,0.0,0.0,0.0,
06/09/2022,3908.18994140625,3942.550048828125,3886.75,3930.889892578125,4127340000,26.90999984741211,110.20999908447266,3.5,3.3399999141693115,-0.16000008583068848,1.0153962425315357,0,0.0,0.0,0.0,0.0,0.0,
07/09/2022,3979.8701171875,3987.889892578125,3906.030029296875,3909.429931640625,3890320000,24.639999389648438,109.83999633789062,3.45,3.265000104904175,-0.18499989509582537,0.954527498681192,0,0.0,0.0,0.0,0.0,0.0,
08/09/2022,4006.179931640625,4010.5,3944.81005859375,3959.93994140625,3966850000,23.610000610351562,109.70999908447266,3.48,3.2920000553131104,-0.18799994468688963,1.0015977691829512,0,0.0,0.0,0.0,0.0,0.0,
09/09/2022,4067.360107421875,4076.81005859375,4022.93994140625,4022.93994140625,3901940000,22.790000915527344,109.0,3.56,3.321000099182129,-0.23899990081787115,0.9978212281931026,0,0.0,0.0,0.0,0.0,0.0,
12/09/2022,4110.41015625,4119.27978515625,4083.669921875,4083.669921875,3814200000,23.8700008392334,108.33000183105469,3.58,3.361999988555908,-0.21800001144409187,0.9680391256126069,0,0.0,0.0,0.0,0.0,0.0,
13/09/2022,3932.68994140625,4037.1201171875,3921.280029296875,4037.1201171875,4224550000,27.270000457763672,109.81999969482422,3.75,3.421999931335449,-0.3280000686645508,1.0669208692252596,0,0.0,0.0,0.0,0.0,0.0,
14/09/2022,3946.010009765625,3961.93994140625,3912.179931640625,3940.72998046875,4293240000,26.15999984741211,109.66000366210938,3.78,3.4119999408721924,-0.3680000591278074,1.0626421356007043,0,0.0,0.0,0.0,0.0,0.0,
15/09/2022,3901.35009765625,3959.139892578125,3888.280029296875,3932.409912109375,4441830000,26.270000457763672,109.73999786376953,3.87,3.4590001106262207,-0.4109998893737794,1.074163658312923,0,0.0,0.0,0.0,0.0,0.0,
16/09/2022,3873.330078125,3880.949951171875,3837.080078125,3880.949951171875,7954650000,26.299999237060547,109.76000213623047,3.85,3.447999954223633,-0.4020000457763673,1.6083991447914086,0,0.0,0.0,0.0,0.0,0.0,
19/09/2022,3899.889892578125,3900.449951171875,3838.5,3849.909912109375,3766850000,25.760000228881836,109.73999786376953,3.95,3.490000009536743,-0.459999990463257,0.7631035382511004,0,0.0,0.0,0.0,0.0,0.0,
20/09/2022,3855.929931640625,3876.010009765625,3827.5400390625,3875.22998046875,4058050000,27.15999984741211,110.22000122070312,3.96,3.571000099182129,-0.38899990081787106,0.8276795642763379,0,0.0,0.0,0.0,0.0,0.0,
21/09/2022,3789.929931640625,3907.070068359375,3789.489990234375,3871.39990234375,4078330000,27.989999771118164,110.63999938964844,4.02,3.509999990463257,-0.5100000095367427,0.8391725662569636,1,0.9607843137254902,0.0013357256688007,0.2328767123287671,0.54337899543379,0.2237442922374429,0.0
22/09/2022,3757.989990234375,3790.89990234375,3749.449951171875,3782.360107421875,4284600000,27.350000381469727,111.3499984741211,4.11,3.7079999446868896,-0.40200005531311067,0.887357056938641,0,0.0,0.0,0.0,0.0,0.0,
23/09/2022,3693.22998046875,3727.139892578125,3647.469970703125,3727.139892578125,5144270000,29.920000076293945,113.19000244140625,4.2,3.697000026702881,-0.5029999732971193,1.2057579891337469,0,0.0,0.0,0.0,0.0,0.0,
26/09/2022,3655.0400390625,3715.669921875,3644.760009765625,3682.719970703125,4886140000,32.2599983215332,114.0999984741211,4.27,3.878000020980835,-0.3919999790191646,1.0881597976784512,0,0.0,0.0,0.0,0.0,0.0,
27/09/2022,3647.2900390625,3717.530029296875,3623.2900390625,3686.43994140625,4577740000,32.599998474121094,114.11000061035156,4.3,3.9639999866485596,-0.33600001335144025,0.9964137515519514,0,0.0,0.0,0.0,0.0,0.0,
28/09/2022,3719.0400390625,3736.739990234375,3640.610107421875,3651.93994140625,4684850000,30.18000030517578,112.5999984741211,4.07,3.7049999237060547,-0.3650000762939456,0.9934959453040174,0,0.0,0.0,0.0,0.0,0.0,
29/09/2022,3640.469970703125,3687.010009765625,3610.39990234375,3687.010009765625,4681810000,31.84000015258789,112.25,4.16,3.746999979019165,-0.4130000209808351,0.9764018984926264,0,0.0,0.0,0.0,0.0,0.0,
30/09/2022,3585.6201171875,3671.43994140625,3584.1298828125,3633.47998046875,5645360000,31.6200008392334,112.12000274658203,4.22,3.803999900817871,-0.41600009918212866,1.1532487058698555,0,0.0,0.0,0.0,0.0,0.0,
03/10/2022,3678.429931640625,3698.35009765625,3604.929931640625,3609.780029296875,4806680000,30.100000381469727,111.75,4.12,3.6510000228881836,-0.4689999771118165,0.9851191403335896,0,0.0,0.0,0.0,0.0,0.0,
04/10/2022,3790.929931640625,3791.919921875,3726.4599609375,3726.4599609375,5146580000,29.06999969482422,110.06999969482422,4.1,3.617000102996826,-0.4829998970031735,1.0307475021309596,0,0.0,0.0,0.0,0.0,0.0,
05/10/2022,3783.280029296875,3806.909912109375,3722.659912109375,3753.25,4293180000,28.549999237060547,111.06999969482422,4.15,3.759000062942505,-0.3909999370574955,0.8735346577080046,0,0.0,0.0,0.0,0.0,0.0,
06/10/2022,3744.52001953125,3797.929931640625,3739.219970703125,3771.969970703125,4252100000,30.520000457763672,112.26000213623047,4.23,3.8259999752044678,-0.40400002479553265,0.8805743893902808,0,0.0,0.0,0.0,0.0,0.0,
07/10/2022,3639.659912109375,3706.739990234375,3620.72998046875,3706.739990234375,4449660000,31.360000610351562,112.80000305175781,4.3,3.882999897003174,-0.417000102996826,0.9695008758856904,0,0.0,0.0,0.0,0.0,0.0,
10/10/2022,3612.389892578125,3652.169921875,3588.10009765625,3647.510009765625,3834320000,32.45000076293945,113.13999938964844,4.3,3.888000011444092,-0.417000102996826,0.8723944113171556,0,0.0,0.0,0.0,0.0,0.0,
11/10/2022,3588.840087890625,3640.659912109375,3568.449951171875,3595.860107421875,4759030000,33.630001068115234,113.22000122070312,4.3,3.938999891281128,-0.3610001087188719,1.1022248635718717,0,0.0,0.0,0.0,0.0,0.0,
12/10/2022,3577.030029296875,3608.340087890625,3573.860107421875,3590.830078125,4006830000,33.56999969482422,113.31999969482422,4.28,3.9019999504089355,-0.3780000495910647,0.9404847633595812,0,0.0,0.0,0.0,0.0,0.0,
13/10/2022,3669.909912109375,3685.409912109375,3491.580078125,3520.3701171875,5021680000,31.940000534057617,112.36000061035156,4.47,3.9519999027252197,-0.51800009727478,1.137592698645132,0,0.0,0.0,0.0,0.0,0.0,
14/10/2022,3583.070068359375,3712.0,3579.679931640625,3690.409912109375,4243030000,32.02000045776367,113.30999755859375,4.48,4.010000228881836,-0.4699997711181645,0.9702838660519216,0,0.0,0.0,0.0,0.0,0.0,
17/10/2022,3677.949951171875,3689.72998046875,3638.64990234375,3638.64990234375,4352780000,31.3700008392334,112.04000091552734,4.45,4.014999866485596,-0.4350001335144045,0.972325411522404,0,0.0,0.0,0.0,0.0,0.0,
18/10/2022,3719.97998046875,3762.7900390625,3686.530029296875,3746.260009765625,4483740000,30.5,112.12999725341797,4.43,3.997999906539917,-0.4320000934600827,1.0140509841207237,0,0.0,0.0,0.0,0.0,0.0,
19/10/2022,3695.159912109375,3728.580078125,3666.510009765625,3703.110107421875,4223800000,30.760000228881836,112.9800033569336,4.55,4.126999855041504,-0.4230001449584959,0.9459785720332738,0,0.0,0.0,0.0,0.0,0.0,
20/10/2022,3665.780029296875,3736.0,3656.43994140625,3689.050048828125,4496620000,29.979999542236328,112.87999725341797,4.62,4.22599983215332,-0.3940001678466798,1.0313362816554337,0,0.0,0.0,0.0,0.0,0.0,
21/10/2022,3752.75,3757.889892578125,3647.419921875,3657.10009765625,5078020000,29.690000534057617,112.01000213623047,4.49,4.2129998207092285,-0.2770001792907717,1.1217205597005693,0,0.0,0.0,0.0,0.0,0.0,
24/10/2022,3797.340087890625,3810.739990234375,3741.64990234375,3762.010009765625,4747930000,29.850000381469727,111.98999786376953,4.5,4.234000205993652,-0.26599979400634766,1.03080923191422,0,0.0,0.0,0.0,0.0,0.0,
25/10/2022,3859.110107421875,3862.85009765625,3799.43994140625,3799.43994140625,4843120000,28.459999084472656,110.94999694824219,4.42,4.107999801635742,-0.31200019836425774,1.035319709835486,0,0.0,0.0,0.0,0.0,0.0,
26/10/2022,3830.60009765625,3886.14990234375,3824.070068359375,3825.969970703125,4817310000,27.280000686645508,109.69999694824219,4.39,4.014999866485596,-0.375000133514404,1.0043176416628443,0,0.0,0.0,0.0,0.0,0.0,
27/10/2022,3807.300048828125,3859.949951171875,3803.7900390625,3834.68994140625,4687320000,27.389999389648438,110.58999633789062,4.3,3.937000036239624,-0.3629999637603758,0.9695081845145758,0,0.0,0.0,0.0,0.0,0.0,
28/10/2022,3901.06005859375,3905.419921875,3808.260009765625,3808.260009765625,4459410000,25.75,110.66999816894531,4.41,4.010000228881836,-0.3999997711181642,0.9465915859374768,0,0.0,0.0,0.0,0.0,0.0,
31/10/2022,3871.97998046875,3893.72998046875,3863.179931640625,3881.85009765625,4820620000,25.8799991607666,111.52999877929688,4.51,4.077000141143799,-0.43299985885620096,1.0201169978728428,0,0.0,0.0,0.0,0.0,0.0,
01/11/2022,3856.10009765625,3911.7900390625,3843.800048828125,3901.7900390625,4481210000,25.809999465942383,111.4800033569336,4.54,4.052000045776367,-0.48799995422363285,0.9630437202649202,0,0.0,0.0,0.0,0.0,0.0,
02/11/2022,3759.68994140625,3894.43994140625,3758.679931640625,3852.89990234375,4899000000,25.860000610351562,111.3499984741211,4.61,4.059000015258789,-0.5509999847412113,1.0491460349603985,1,0.86,-0.005932300259167,0.1984126984126984,0.6309523809523809,0.1706349206349206,0.0
03/11/2022,3719.889892578125,3750.590087890625,3698.14990234375,3733.25,4625290000,25.299999237060547,112.93000030517578,4.71,4.124000072479248,-0.5859999275207519,0.9931682894913708,0,0.0,0.0,0.0,0.0,0.0,
04/11/2022,3770.550048828125,3796.340087890625,3708.840087890625,3766.97998046875,5400180000,24.549999237060547,110.87999725341797,4.66,4.156000137329102,-0.5039998626708986,1.1145284257191566,0,0.0,0.0,0.0,0.0,0.0,
07/11/2022,3806.800048828125,3813.949951171875,3764.699951171875,3780.7099609375,4341620000,24.350000381469727,110.12000274658203,4.72,4.214000225067139,-0.5059997749328611,0.9141291852126348,0,0.0,0.0,0.0,0.0,0.0,
08/11/2022,3828.110107421875,3859.39990234375,3786.280029296875,3817.02001953125,4607640000,25.540000915527344,109.62000274658203,4.67,4.125999927520752,-0.544000072479248,0.9650021173901188,0,0.0,0.0,0.0,0.0,0.0,
09/11/2022,3748.570068359375,3818.199951171875,3744.219970703125,3810.93994140625,4645010000,26.09000015258789,110.55000305175781,4.61,4.151000022888184,-0.4589999771118167,0.9832898245281276,0,0.0,0.0,0.0,0.0,0.0,
10/11/2022,3956.3701171875,3958.330078125,3859.889892578125,3859.889892578125,5781260000,23.530000686645508,108.20999908447266,4.34,3.8289999961853027,-0.5110000038146971,1.16671933922378,0,0.0,0.0,0.0,0.0,0.0,
11/11/2022,3992.929931640625,4001.47998046875,3944.820068359375,3963.719970703125,5593310000,22.520000457763672,106.29000091552734,4.34,3.812999963760376,-0.5110000038146971,1.1200580403414817,0,0.0,0.0,0.0,0.0,0.0,
14/11/2022,3957.25,4008.969970703125,3956.39990234375,3977.969970703125,4561930000,23.729999542236328,106.66000366210938,4.4,3.865000009536743,-0.5349999904632572,0.9055347242761268,0,0.0,0.0,0.0,0.0,0.0,
15/11/2022,3991.72998046875,4028.840087890625,3953.169921875,4006.409912109375,5015310000,24.540000915527344,106.4000015258789,4.37,3.7990000247955322,-0.5709999752044679,0.9796744283078914,0,0.0,0.0,0.0,0.0,0.0,
16/11/2022,3958.7900390625,3983.090087890625,3954.340087890625,3976.820068359375,4165320000,24.110000610351562,106.27999877929688,4.35,3.691999912261963,-0.6580000877380368,0.8291791299404032,0,0.0,0.0,0.0,0.0,0.0,
17/11/2022,3946.56005859375,3954.330078125,3906.5400390625,3919.260009765625,4051780000,23.93000030517578,106.69000244140625,4.43,3.7750000953674316,-0.6549999046325681,0.86622213005582,0,0.0,0.0,0.0,0.0,0.0,
18/11/2022,3965.340087890625,3979.889892578125,3935.97998046875,3966.389892578125,4037360000,23.1200008392334,106.93000030517578,4.51,3.818000078201294,-0.6919999217987058,0.9246554322384424,0,0.0,0.0,0.0,0.0,0.0,
21/11/2022,3949.93994140625,3962.0,3933.340087890625,3956.22998046875,3850690000,22.360000610351562,107.83999633789062,4.48,3.825000047683716,-0.6549999523162846,0.9116018306419462,0,0.0,0.0,0.0,0.0,0.0,
22/11/2022,4003.580078125,4005.8798828125,3956.8798828125,3965.510009765625,3887990000,21.290000915527344,107.22000122070312,4.47,3.757999897003174,-0.7120001029968259,0.9723310095362708,0,0.0,0.0,0.0,0.0,0.0,
23/11/2022,4027.260009765625,4033.780029296875,3998.659912109375,4000.300048828125,3279720000,20.350000381469727,106.08000183105469,4.46,3.7060000896453857,-0.7539999103546142,0.8582266477003319,0,0.0,0.0,0.0,0.0,0.0,
25/11/2022,4026.1201171875,4034.02001953125,4020.760009765625,4023.340087890625,1706460000,20.5,105.95999908447266,4.42,3.690999984741211,-0.729000015258789,0.5090196883229071,0,0.0,0.0,0.0,0.0,0.0,
28/11/2022,3963.93994140625,4012.27001953125,3955.77001953125,4005.360107421875,3615430000,22.209999084472656,106.68000030517578,4.46,3.703000068664551,-0.7569999313354492,1.1062930951653858,0,0.0,0.0,0.0,0.0,0.0,
29/11/2022,3957.6298828125,3976.77001953125,3937.64990234375,3964.18994140625,3546040000,21.889999389648438,106.81999969482422,4.48,3.747999906539917,-0.7320000934600834,1.1056746098066557,0,0.0,0.0,0.0,0.0,0.0,
30/11/2022,4080.110107421875,4080.110107421875,3938.580078125,3957.179931640625,6579360000,20.579999923706055,105.94999694824219,4.38,3.703000068664551,-0.6769999313354491,1.7566498869814242,0,0.0,0.0,0.0,0.0,0.0,
01/12/2022,4076.570068359375,4100.509765625,4050.8701171875,4087.139892578125,4527130000,19.84000015258789,104.7300033569336,4.25,3.5290000438690186,-0.7209999561309814,1.1332319036047105,0,0.0,0.0,0.0,0.0,0.0,
02/12/2022,4071.699951171875,4080.47998046875,4026.6298828125,4040.169921875,4012620000,19.059999465942383,104.55000305175781,4.28,3.50600004196167,-0.7739999580383303,0.9004747632242966,0,0.0,0.0,0.0,0.0,0.0,
05/12/2022,3998.840087890625,4052.449951171875,3984.489990234375,4052.02001953125,4280820000,20.75,105.29000091552734,4.41,3.5989999771118164,-0.8110000228881837,0.932804322501947,0,0.0,0.0,0.0,0.0,0.0,
06/12/2022,3941.260009765625,4001.510009765625,3918.389892578125,3996.6298828125,4368380000,22.170000076293945,105.58000183105469,4.34,3.513000011444092,-0.8269999885559081,0.91895048491037,0,0.0,0.0,0.0,0.0,0.0,
07/12/2022,3933.919921875,3957.570068359375,3922.679931640625,3933.280029296875,4118050000,22.68000030517578,105.0999984741211,4.26,3.4079999923706055,-0.8520000076293943,0.966360820387666,0,0.0,0.0,0.0,0.0,0.0,
08/12/2022,3963.510009765625,3974.18994140625,3935.830078125,3947.7900390625,4006900000,22.290000915527344,104.7699966430664,4.31,3.490999937057495,-0.8190000629425045,0.9638101542471486,0,0.0,0.0,0.0,0.0,0.0,
09/12/2022,3934.3798828125,3977.02001953125,3933.0400390625,3954.169921875,3888260000,22.829999923706055,104.80999755859375,4.33,3.566999912261963,-0.7630000877380372,0.9409018599476052,0,0.0,0.0,0.0,0.0,0.0,
12/12/2022,3990.56005859375,3990.7099609375,3935.300048828125,3939.2900390625,3904130000,25.0,105.12999725341797,4.39,3.6110000610351562,-0.7789999389648434,0.9622852923140022,0,0.0,0.0,0.0,0.0,0.0,
13/12/2022,4019.64990234375,4100.9599609375,3993.030029296875,4069.3798828125,5079360000,22.549999237060547,103.9800033569336,4.22,3.500999927520752,-0.7190000724792478,1.209561502521825,0,0.0,0.0,0.0,0.0,0.0,
14/12/2022,3995.320068359375,4053.760009765625,3965.64990234375,4015.5400390625,4472340000,21.139999389648438,103.7699966430664,4.23,3.503000020980835,-0.7269999790191655,1.0473378517811118,1,0.9076923076923076,-0.0138355396760384,0.2296819787985865,0.5618374558303887,0.2084805653710247,0.0
15/12/2022,3895.75,3958.3701171875,3879.449951171875,3958.3701171875,4493900000,22.829999923706055,104.55999755859375,4.23,3.450000047683716,-0.7799999523162846,1.0289179544454412,0,0.0,0.0,0.0,0.0,0.0,
16/12/2022,3852.360107421875,3890.909912109375,3827.909912109375,3890.909912109375,7493660000,22.6200008392334,104.69999694824219,4.17,3.4820001125335693,-0.6879998874664306,1.4726143017891875,0,0.0,0.0,0.0,0.0,0.0,
19/12/2022,3817.659912109375,3854.860107421875,3800.0400390625,3853.7900390625,3969610000,22.420000076293945,104.72000122070312,4.25,3.5810000896453857,-0.6689999103546143,0.7780842506939742,0,0.0,0.0,0.0,0.0,0.0,
20/12/2022,3821.6201171875,3838.239990234375,3795.6201171875,3810.469970703125,3985370000,21.479999542236328,103.97000122070312,4.25,3.684000015258789,-0.5659999847412109,0.8161764464949244,0,0.0,0.0,0.0,0.0,0.0,
21/12/2022,3878.43994140625,3889.820068359375,3839.489990234375,3839.489990234375,3775200000,20.06999969482422,104.16000366210938,4.21,3.684000015258789,-0.5259999847412109,0.7958599765407666,0,0.0,0.0,0.0,0.0,0.0,
22/12/2022,3822.389892578125,3853.260009765625,3764.489990234375,3853.260009765625,3956950000,21.969999313354492,104.43000030517578,4.24,3.6689999103546143,-0.571000089645386,0.8534976590530349,0,0.0,0.0,0.0,0.0,0.0,
23/12/2022,3844.820068359375,3845.800048828125,3797.010009765625,3815.110107421875,2819280000,20.8700008392334,104.30999755859375,4.31,3.750999927520752,-0.5590000724792477,0.761703647546985,0,0.0,0.0,0.0,0.0,0.0,
27/12/2022,3829.25,3846.64990234375,3813.219970703125,3843.340087890625,3030300000,21.649999618530273,104.18000030517578,4.32,3.859999895095825,-0.4600001049041751,0.8624929555817409,0,0.0,0.0,0.0,0.0,0.0,
28/12/2022,3783.219970703125,3848.320068359375,3780.780029296875,3829.56005859375,3083520000,22.139999389648438,104.45999908447266,4.31,3.88700008392334,-0.42299991607665977,0.9251346364440978,0,0.0,0.0,0.0,0.0,0.0,
29/12/2022,3849.280029296875,3858.18994140625,3805.449951171875,3805.449951171875,3003680000,21.440000534057617,103.83999633789062,4.34,3.8350000381469727,-0.5049999618530272,0.9449260809136684,0,0.0,0.0,0.0,0.0,0.0,
30/12/2022,3839.5,3839.85009765625,3800.340087890625,3829.06005859375,2979870000,21.670000076293945,103.5199966430664,4.41,3.878999948501587,-0.5310000514984132,0.998840222167846,0,0.0,0.0,0.0,0.0,0.0,
03/01/2023,3824.139892578125,3878.4599609375,3794.330078125,3853.2900390625,3959140000,22.899999618530273,104.5199966430664,4.4,3.7929999828338623,-0.607000017166138,1.232876882958999,0,0.0,0.0,0.0,0.0,0.0,
04/01/2023,3852.969970703125,3873.159912109375,3815.77001953125,3840.360107421875,4414080000,22.010000228881836,104.25,4.36,3.7090001106262207,-0.6509998893737796,1.2654835441383143,0,0.0,0.0,0.0,0.0,0.0,
05/01/2023,3808.10009765625,3839.739990234375,3802.419921875,3839.739990234375,3893450000,22.459999084472656,105.04000091552734,4.45,3.7200000286102295,-0.7299999713897707,1.0666857714591933,0,0.0,0.0,0.0,0.0,0.0,
06/01/2023,3895.080078125,3906.18994140625,3809.56005859375,3823.3701171875,3923560000,21.1299991607666,103.87999725341797,4.24,3.569000005722046,-0.6709999942779543,1.0233540774435188,0,0.0,0.0,0.0,0.0,0.0,
09/01/2023,3892.090087890625,3950.570068359375,3890.419921875,3910.820068359375,4311770000,21.969999313354492,103.0,4.19,3.5169999599456787,-0.6730000400543217,1.0515486294020095,0,0.0,0.0,0.0,0.0,0.0,
10/01/2023,3919.25,3919.830078125,3877.2900390625,3888.570068359375,3851030000,20.579999923706055,103.23999786376953,4.24,3.621000051498413,-0.6189999485015871,0.94416268794232,0,0.0,0.0,0.0,0.0,0.0,
11/01/2023,3969.610107421875,3970.070068359375,3928.5400390625,3932.35009765625,4303360000,21.09000015258789,103.19000244140625,4.2,3.553999900817871,-0.6460000991821291,1.0608203747244638,0,0.0,0.0,0.0,0.0,0.0,
12/01/2023,3983.169921875,3997.760009765625,3937.56005859375,3977.570068359375,4440260000,18.829999923706055,102.25,4.12,3.4489998817443848,-0.6710001182556153,1.0658339566336597,0,0.0,0.0,0.0,0.0,0.0,
13/01/2023,3999.090087890625,4003.949951171875,3947.669921875,3960.60009765625,3939700000,18.350000381469727,102.19999694824219,4.22,3.510999917984009,-0.709000082015991,0.9449480286979064,0,0.0,0.0,0.0,0.0,0.0,
17/01/2023,3990.969970703125,4015.389892578125,3984.570068359375,3999.280029296875,4235560000,19.360000610351562,102.38999938964844,4.18,3.5350000858306885,-0.6449999141693112,1.01963850589627,0,0.0,0.0,0.0,0.0,0.0,
18/01/2023,3928.860107421875,4014.159912109375,3926.590087890625,4002.25,4298710000,20.34000015258789,102.36000061035156,4.06,3.375,-0.6849999999999996,1.0130061896756417,0,0.0,0.0,0.0,0.0,0.0,
19/01/2023,3898.85009765625,3922.93994140625,3885.5400390625,3911.840087890625,3991500000,20.520000457763672,102.05999755859375,4.09,3.3970000743865967,-0.6929999256134032,0.9546425788527836,0,0.0,0.0,0.0,0.0,0.0,
20/01/2023,3972.610107421875,3972.9599609375,3897.860107421875,3909.0400390625,4013360000,19.850000381469727,102.01000213623047,4.14,3.4839999675750732,-0.6560000324249264,0.9798801982339812,0,0.0,0.0,0.0,0.0,0.0,
23/01/2023,4019.81005859375,4039.31005859375,3971.639892578125,3978.139892578125,3945210000,19.809999465942383,102.13999938964844,4.21,3.5250000953674316,-0.6849999046325683,0.9629819657357768,0,0.0,0.0,0.0,0.0,0.0,
24/01/2023,4016.949951171875,4023.919921875,3989.7900390625,4001.739990234375,3320430000,19.200000762939453,101.91999816894531,4.12,3.4690001010894775,-0.6509998989105226,0.8483812070083565,0,0.0,0.0,0.0,0.0,0.0,
25/01/2023,4016.219970703125,4019.550048828125,3949.06005859375,3982.7099609375,3724020000,19.079999923706055,101.63999938964844,4.11,3.4619998931884766,-0.6480001068115238,0.9802879988544064,0,0.0,0.0,0.0,0.0,0.0,
26/01/2023,4060.429931640625,4061.570068359375,4013.2900390625,4036.080078125,3809590000,18.729999542236328,101.83999633789062,4.17,3.493000030517578,-0.6769999694824218,1.0125096942954752,0,0.0,0.0,0.0,0.0,0.0,
27/01/2023,4070.56005859375,4094.2099609375,4048.699951171875,4053.719970703125,3907760000,18.510000228881836,101.93000030517578,4.19,3.5179998874664307,-0.6720001125335697,1.044464080577281,0,0.0,0.0,0.0,0.0,0.0,
30/01/2023,4017.77001953125,4063.85009765625,4015.550048828125,4049.27001953125,3802000000,19.940000534057617,102.27999877929688,4.25,3.5510001182556152,-0.6989998817443848,1.0240360271065192,0,0.0,0.0,0.0,0.0,0.0,
31/01/2023,4076.60009765625,4077.159912109375,4020.43994140625,4020.85009765625,4679320000,19.399999618530273,102.0999984741211,4.21,3.5290000438690186,-0.6809999561309814,1.1743695254004354,0,0.0,0.0,0.0,0.0,0.0,
01/02/2023,4119.2099609375,4148.9501953125,4037.199951171875,4070.070068359375,4856930000,17.8700008392334,101.22000122070312,4.09,3.3970000743865967,-0.6929999256134032,1.1533582514865404,1,1.1395348837209305,0.0293460058164782,0.16796875,0.640625,0.19140625,0.0
02/02/2023,4179.759765625,4195.43994140625,4141.8798828125,4158.68017578125,5624360000,18.729999542236328,101.75,4.09,3.3959999084472656,-0.6940000915527342,1.2296171859047318,0,0.0,0.0,0.0,0.0,0.0,
03/02/2023,4136.47998046875,4182.35986328125,4123.35986328125,4136.68994140625,4694510000,18.329999923706055,102.91999816894531,4.3,3.5320000648498535,-0.7679999351501463,0.992198120481276,0,0.0,0.0,0.0,0.0,0.0,
06/02/2023,4111.080078125,4124.6298828125,4093.3798828125,4119.56982421875,4114240000,19.43000030517578,103.62000274658203,4.44,3.634000062942505,-0.8059999370574955,0.8582290056972736,0,0.0,0.0,0.0,0.0,0.0,
07/02/2023,4164.0,4176.5400390625,4088.389892578125,4105.35009765625,4355860000,18.65999984741211,103.43000030517578,4.47,3.6740000247955322,-0.7959999752044675,0.9210603106669656,0,0.0,0.0,0.0,0.0,0.0,
08/02/2023,4117.85986328125,4156.85009765625,4111.669921875,4153.47021484375,4029820000,19.6299991607666,103.41000366210938,4.45,3.6530001163482666,-0.7969998836517336,0.8830047517856994,0,0.0,0.0,0.0,0.0,0.0,
09/02/2023,4081.5,4156.22998046875,4069.669921875,4144.25,4270200000,20.709999084472656,103.22000122070312,4.48,3.683000087738037,-0.7969999122619633,0.994706174762854,0,0.0,0.0,0.0,0.0,0.0,
10/02/2023,4090.4599609375,4094.360107421875,4060.7900390625,4068.919921875,3891520000,20.530000686645508,103.62999725341797,4.5,3.74399995803833,-0.7560000419616699,0.9417258262170864,0,0.0,0.0,0.0,0.0,0.0,
13/02/2023,4137.2900390625,4138.89990234375,4092.669921875,4096.6201171875,3448620000,20.34000015258789,103.3499984741211,4.52,3.7170000076293945,-0.802999992370605,0.8623266029939958,0,0.0,0.0,0.0,0.0,0.0,
14/02/2023,4136.1298828125,4159.77001953125,4095.010009765625,4126.7001953125,3929200000,18.90999984741211,103.2300033569336,4.6,3.760999917984009,-0.8390000820159909,1.0039163263387254,0,0.0,0.0,0.0,0.0,0.0,
15/02/2023,4147.60009765625,4148.10986328125,4103.97998046875,4119.5,4075980000,18.229999542236328,103.91999816894531,4.62,3.809000015258789,-0.810999984741211,1.0389681232004049,0,0.0,0.0,0.0,0.0,0.0,
16/02/2023,4090.409912109375,4136.5400390625,4089.489990234375,4114.75,4143660000,20.170000076293945,103.86000061035156,4.62,3.8429999351501465,-0.7770000648498536,1.063077698268457,0,0.0,0.0,0.0,0.0,0.0,
17/02/2023,4079.090087890625,4081.510009765625,4047.949951171875,4077.389892578125,4045480000,20.020000457763672,103.86000061035156,4.6,3.828000068664551,-0.7719999313354489,1.0297542017640944,0,0.0,0.0,0.0,0.0,0.0,
21/02/2023,3997.340087890625,4052.35009765625,3995.18994140625,4052.35009765625,4121590000,22.8700008392334,104.18000030517578,4.67,3.9549999237060547,-0.7150000762939452,1.0143749406253522,0,0.0,0.0,0.0,0.0,0.0,
22/02/2023,3991.050048828125,4017.3701171875,3976.89990234375,4001.830078125,4079320000,22.290000915527344,104.58999633789062,4.66,3.9230000972747803,-0.7369999027252199,0.9966075491924912,0,0.0,0.0,0.0,0.0,0.0,
23/02/2023,4012.320068359375,4028.300048828125,3969.18994140625,4018.60009765625,3952940000,21.139999389648438,104.5999984741211,4.66,3.878999948501587,-0.7810000514984132,0.9715730086875136,0,0.0,0.0,0.0,0.0,0.0,
24/02/2023,3970.0400390625,3978.25,3943.080078125,3973.239990234375,3877700000,21.670000076293945,105.20999908447266,4.78,3.9489998817443848,-0.8310001182556155,0.9657055849396052,0,0.0,0.0,0.0,0.0,0.0,
27/02/2023,3982.239990234375,4018.050048828125,3973.550048828125,3992.360107421875,3836950000,20.950000762939453,104.66999816894531,4.78,3.921999931335449,-0.858000068664551,0.9655862294586908,0,0.0,0.0,0.0,0.0,0.0,
28/02/2023,3970.14990234375,3997.5,3968.97998046875,3977.18994140625,5043400000,20.700000762939453,104.87000274658203,4.81,3.9159998893737793,-0.8940001106262203,1.212920827058375,0,0.0,0.0,0.0,0.0,0.0,
01/03/2023,3951.389892578125,3971.72998046875,3939.050048828125,3963.340087890625,4249480000,20.579999923706055,104.4800033569336,4.89,3.99399995803833,-0.8960000419616696,1.013689101437134,0,0.0,0.0,0.0,0.0,0.0,
02/03/2023,3981.35009765625,3990.840087890625,3928.159912109375,3938.679931640625,4244900000,19.59000015258789,105.02999877929688,4.89,4.072999954223633,-0.8170000457763669,0.9986857973417628,0,0.0,0.0,0.0,0.0,0.0,
03/03/2023,4045.639892578125,4048.2900390625,3995.169921875,3998.02001953125,4084730000,18.489999771118164,104.5199966430664,4.86,3.9639999866485596,-0.8960000133514407,0.951731777034464,0,0.0,0.0,0.0,0.0,0.0,
06/03/2023,4048.419921875,4078.489990234375,4044.610107421875,4055.14990234375,4000870000,18.610000610351562,104.3499984741211,4.89,3.9830000400543213,-0.9069999599456784,0.9251259516319836,0,0.0,0.0,0.0,0.0,0.0,
07/03/2023,3986.3701171875,4050.0,3980.31005859375,4048.260009765625,3922500000,19.59000015258789,105.62000274658203,5.0,3.9749999046325684,-1.0250000953674316,0.9565915928219416,0,0.0,0.0,0.0,0.0,0.0,
08/03/2023,3992.010009765625,4000.409912109375,3969.760009765625,3987.550048828125,3535570000,19.110000610351562,105.66000366210938,5.05,3.9760000705718994,-1.0739999294281004,0.8933364058140634,0,0.0,0.0,0.0,0.0,0.0,
09/03/2023,3918.320068359375,4017.81005859375,3908.699951171875,3998.659912109375,4445260000,22.610000610351562,105.30999755859375,4.9,3.924999952316284,-0.9750000476837162,1.1119304535060155,0,0.0,0.0,0.0,0.0,0.0,
10/03/2023,3861.590087890625,3934.050048828125,3846.320068359375,3912.77001953125,5518190000,24.799999237060547,104.58000183105469,4.6,3.694999933242798,-0.9050000667572018,1.2879491970783838,0,0.0,0.0,0.0,0.0,0.0,
13/03/2023,3855.760009765625,3905.050048828125,3808.860107421875,3835.1201171875,6558020000,26.520000457763672,103.5999984741211,4.03,3.515000104904175,-0.5149998950958254,1.367419892124703,0,0.0,0.0,0.0,0.0,0.0,
14/03/2023,3919.2900390625,3937.2900390625,3873.6298828125,3894.010009765625,5665870000,23.729999542236328,103.5999984741211,4.2,3.638000011444092,-0.5619999885559084,1.1013275714139652,0,0.0,0.0,0.0,0.0,0.0,
15/03/2023,3891.929931640625,3894.260009765625,3838.239990234375,3876.739990234375,6594010000,26.139999389648438,104.6500015258789,3.93,3.492000102996826,-0.437999897003174,1.1455352163814414,0,0.0,0.0,0.0,0.0,0.0,
16/03/2023,3960.280029296875,3964.4599609375,3864.110107421875,3878.929931640625,5695790000,22.989999771118164,104.41999816894531,4.14,3.5850000381469727,-0.554999961853027,0.9482906165048608,0,0.0,0.0,0.0,0.0,0.0,
17/03/2023,3916.639892578125,3958.909912109375,3901.27001953125,3958.68994140625,9354280000,25.510000228881836,103.70999908447266,3.81,3.3949999809265137,-0.4150000190734864,1.3809921291414868,0,0.0,0.0,0.0,0.0,0.0,
20/03/2023,3951.570068359375,3956.6201171875,3916.889892578125,3917.469970703125,5347140000,24.149999618530273,103.27999877929688,3.92,3.4809999465942383,-0.43900005340576165,0.8186798027625855,0,0.0,0.0,0.0,0.0,0.0,
21/03/2023,4002.8701171875,4009.080078125,3971.18994140625,3975.889892578125,4920240000,21.3799991607666,103.26000213623047,4.17,3.6059999465942383,-0.5640000534057616,0.7709205407712464,0,0.0,0.0,0.0,0.0,0.0,
22/03/2023,3936.969970703125,4039.489990234375,3936.169921875,4002.0400390625,4533010000,22.260000228881836,102.3499984741211,3.96,3.5,-0.45999999999999996,0.7592864565571183,1,1.3636363636363635,0.0544455659886201,0.1617647058823529,0.6176470588235294,0.2205882352941176,0.0
23/03/2023,3948.719970703125,4007.659912109375,3919.050048828125,3959.2099609375,4991600000,22.610000610351562,102.52999877929688,3.76,3.4059998989105225,-0.3540001010894773,0.8563016811413604,0,0.0,0.0,0.0,0.0,0.0,
24/03/2023,3970.989990234375,3972.739990234375,3909.159912109375,3939.2099609375,4583970000,21.739999771118164,103.12000274658203,3.76,3.380000114440918,-0.3799998855590818,0.94026450650559,0,0.0,0.0,0.0,0.0,0.0,
27/03/2023,3977.530029296875,4003.830078125,3970.489990234375,3982.929931640625,4233540000,20.600000381469727,102.86000061035156,3.94,3.5280001163482666,-0.41199988365173335,0.9099549658762052,0,0.0,0.0,0.0,0.0,0.0,
28/03/2023,3971.27001953125,3979.199951171875,3951.530029296875,3974.1298828125,4014600000,19.969999313354492,102.43000030517578,4.02,3.563999891281128,-0.45600010871887164,0.897850847530407,0,0.0,0.0,0.0,0.0,0.0,
29/03/2023,4027.81005859375,4030.590087890625,3999.530029296875,3999.530029296875,4145250000,19.1200008392334,102.63999938964844,4.08,3.565999984741211,-0.5140000152587891,0.9434333714477152,0,0.0,0.0,0.0,0.0,0.0,
30/03/2023,4050.830078125,4057.85009765625,4032.10009765625,4046.739990234375,3930860000,19.020000457763672,102.13999938964844,4.1,3.5510001182556152,-0.5489998817443844,0.94002741505494,0,0.0,0.0,0.0,0.0,0.0,
31/03/2023,4109.31005859375,4110.75,4056.179931640625,4056.179931640625,4525120000,18.700000762939453,102.51000213623047,4.06,3.49399995803833,-0.5660000419616695,1.0851934614810903,0,0.0,0.0,0.0,0.0,0.0,
03/04/2023,4124.509765625,4127.66015625,4098.7900390625,4102.2001953125,4234700000,18.549999237060547,102.08999633789062,3.97,3.430000066757202,-0.539999933242798,1.0154897741208495,0,0.0,0.0,0.0,0.0,0.0,
04/04/2023,4100.60009765625,4133.1298828125,4086.8701171875,4128.02978515625,4227800000,19.0,101.58999633789062,3.84,3.3369998931884766,-0.5030001068115233,1.0035734411711503,0,0.0,0.0,0.0,0.0,0.0,
05/04/2023,4090.3798828125,4099.68994140625,4072.56005859375,4094.5,3968020000,19.079999923706055,101.8499984741211,3.79,3.2869999408721924,-0.5030000591278077,0.949900653532186,0,0.0,0.0,0.0,0.0,0.0,
06/04/2023,4105.02001953125,4107.31982421875,4069.840087890625,4081.14990234375,3486690000,18.399999618530273,101.81999969482422,3.82,3.2880001068115234,-0.5319998931884764,0.8528112989077077,0,0.0,0.0,0.0,0.0,0.0,
10/04/2023,4109.10986328125,4109.5,4072.550048828125,4085.199951171875,3423650000,18.969999313354492,102.58000183105469,4.0,3.4149999618530273,-0.5850000381469727,0.8850821524999405,0,0.0,0.0,0.0,0.0,0.0,
11/04/2023,4108.93994140625,4124.259765625,4102.60986328125,4110.2900390625,3665830000,19.100000381469727,102.19999694824219,4.03,3.434000015258789,-0.5959999847412112,0.9764095335657008,0,0.0,0.0,0.0,0.0,0.0,
12/04/2023,4091.949951171875,4134.3701171875,4086.93994140625,4121.72021484375,3633120000,19.09000015258789,101.5,3.95,3.4210000038146973,-0.5289999961853029,0.999355790268197,0,0.0,0.0,0.0,0.0,0.0,
13/04/2023,4146.22021484375,4150.259765625,4099.39990234375,4100.0400390625,3596590000,17.799999237060547,101.01000213623047,3.96,3.4519999027252197,-0.5080000972747802,1.0099444677825526,0,0.0,0.0,0.0,0.0,0.0,
14/04/2023,4137.64013671875,4163.18994140625,4113.2001953125,4140.10986328125,3575690000,17.06999969482422,101.55000305175781,4.08,3.5220000743865967,-0.5579999256134034,0.9990818602862942,0,0.0,0.0,0.0,0.0,0.0,
17/04/2023,4151.31982421875,4151.72021484375,4123.18017578125,4137.169921875,3611180000,16.950000762939453,102.0999984741211,4.18,3.5910000801086426,-0.5889999198913571,0.9985339343594134,0,0.0,0.0,0.0,0.0,0.0,
18/04/2023,4154.8701171875,4169.47998046875,4140.35986328125,4164.259765625,3536640000,16.829999923706055,101.75,4.19,3.572000026702881,-0.6179999732971195,0.9849598010830368,0,0.0,0.0,0.0,0.0,0.0,
19/04/2023,4154.52001953125,4162.56982421875,4134.490234375,4139.330078125,3572560000,16.459999084472656,101.97000122070312,4.24,3.6019999980926514,-0.6380000019073488,0.9983311592574832,0,0.0,0.0,0.0,0.0,0.0,
20/04/2023,4129.7900390625,4148.56982421875,4114.56982421875,4130.47998046875,3772080000,17.170000076293945,101.83999633789062,4.14,3.5450000762939453,-0.5949999237060544,1.0438478759585237,0,0.0,0.0,0.0,0.0,0.0,
21/04/2023,4133.52001953125,4138.02001953125,4113.85986328125,4132.14013671875,3611750000,16.770000457763672,101.81999969482422,4.17,3.569999933242798,-0.6000000667572021,0.9974889818445544,0,0.0,0.0,0.0,0.0,0.0,
24/04/2023,4137.0400390625,4142.41015625,4117.77001953125,4132.06982421875,3290940000,16.889999389648438,101.3499984741211,4.12,3.515000104904175,-0.6049998950958253,0.9252545972580926,0,0.0,0.0,0.0,0.0,0.0,
25/04/2023,4071.6298828125,4126.43017578125,4071.3798828125,4126.43017578125,3978640000,18.760000228881836,101.86000061035156,3.86,3.3959999084472656,-0.46400009155273425,1.0914755154321003,0,0.0,0.0,0.0,0.0,0.0,
26/04/2023,4055.989990234375,4089.669921875,4049.35009765625,4087.780029296875,3837030000,18.84000015258789,101.47000122070312,3.9,3.431999921798706,-0.46800007820129386,1.0375713071187056,0,0.0,0.0,0.0,0.0,0.0,
27/04/2023,4135.35009765625,4138.240234375,4075.2900390625,4075.2900390625,3750550000,17.030000686645508,101.5,4.07,3.5280001163482666,-0.5419998836517337,1.0153685301406523,0,0.0,0.0,0.0,0.0,0.0,
28/04/2023,4169.47998046875,4170.06005859375,4127.18017578125,4129.6298828125,4087800000,15.779999732971191,101.66999816894531,4.04,3.4519999027252197,-0.5880000972747803,1.0788621353647618,0,0.0,0.0,0.0,0.0,0.0,
01/05/2023,4167.8701171875,4186.919921875,4164.1201171875,4166.7900390625,3321370000,16.079999923706055,102.1500015258789,4.14,3.5739998817443848,-0.5660001182556149,0.8751783230805796,0,0.0,0.0,0.0,0.0,0.0,
02/05/2023,4119.580078125,4164.10009765625,4089.719970703125,4164.10009765625,4486130000,17.780000686645508,101.95999908447266,3.97,3.438999891281128,-0.5310001087188723,1.1513005264108798,0,0.0,0.0,0.0,0.0,0.0,
03/05/2023,4090.75,4148.2998046875,4088.860107421875,4122.25,4246510000,18.34000015258789,101.33999633789062,3.89,3.4030001163482666,-0.4869998836517335,1.0673720966240303,1,0.6818181818181818,-0.0178127455669832,0.1486486486486486,0.75,0.1013513513513513,0.0
04/05/2023,4061.219970703125,4082.610107421875,4048.280029296875,4082.550048828125,4920090000,20.09000015258789,101.4000015258789,3.75,3.3510000705718994,-0.3989999294281006,1.168007159847877,0,0.0,0.0,0.0,0.0,0.0,
05/05/2023,4136.25,4147.02001953125,4084.72998046875,4084.72998046875,4186270000,17.190000534057617,101.20999908447266,3.92,3.446000099182129,-0.473999900817871,0.9891769378323724,0,0.0,0.0,0.0,0.0,0.0,
08/05/2023,4138.1201171875,4142.2998046875,4123.81005859375,4136.97998046875,3641640000,16.979999542236328,101.37000274658203,4.0,3.5209999084472656,-0.4790000915527344,0.8476563081919347,0,0.0,0.0,0.0,0.0,0.0,
09/05/2023,4119.169921875,4130.35009765625,4116.64990234375,4124.25,3810140000,17.709999084472656,101.63999938964844,4.01,3.5209999084472656,-0.48900009155273416,0.9156943279507226,0,0.0,0.0,0.0,0.0,0.0,
10/05/2023,4137.64013671875,4154.27978515625,4098.919921875,4143.740234375,4057160000,16.940000534057617,101.4800033569336,3.9,3.438999891281128,-0.461000108718872,0.9840167254417836,0,0.0,0.0,0.0,0.0,0.0,
11/05/2023,4130.6201171875,4132.7998046875,4109.2900390625,4132.240234375,3752900000,16.93000030517578,102.05999755859375,3.89,3.3970000743865967,-0.49299992561340344,0.9648495406494512,0,0.0,0.0,0.0,0.0,0.0,
12/05/2023,4124.080078125,4143.740234375,4099.1201171875,4138.5400390625,3533740000,17.030000686645508,102.68000030517578,3.98,3.4630000591278076,-0.5169999408721924,0.9400454787774573,0,0.0,0.0,0.0,0.0,0.0,
15/05/2023,4136.27978515625,4141.25,4110.27001953125,4126.64990234375,3562170000,17.1200008392334,102.43000030517578,3.99,3.507999897003174,-0.4820001029968264,0.9516320431970104,0,0.0,0.0,0.0,0.0,0.0,
16/05/2023,4109.89990234375,4135.5400390625,4109.85986328125,4127.9501953125,3654200000,17.989999771118164,102.55999755859375,4.06,3.5490000247955322,-0.5109999752044674,0.9844198625335868,0,0.0,0.0,0.0,0.0,0.0,
17/05/2023,4158.77001953125,4164.669921875,4113.6201171875,4122.85009765625,4039080000,16.8700008392334,102.87999725341797,4.12,3.5810000896453857,-0.5389999103546144,1.0891652451260887,0,0.0,0.0,0.0,0.0,0.0,
18/05/2023,4198.0498046875,4202.2001953125,4153.5,4157.68017578125,3980500000,16.049999237060547,103.58000183105469,4.24,3.6480000019073486,-0.5919999980926516,1.0603531544740483,0,0.0,0.0,0.0,0.0,0.0,
19/05/2023,4191.97998046875,4212.91015625,4180.2001953125,4204.14990234375,4041900000,16.809999465942383,103.19999694824219,4.28,3.691999912261963,-0.5880000877380374,1.0483274846520747,0,0.0,0.0,0.0,0.0,0.0,
22/05/2023,4192.6298828125,4209.22021484375,4179.68017578125,4190.77978515625,3728520000,17.209999084472656,103.19999694824219,4.29,3.7190001010894775,-0.5709998989105225,0.958774338877403,0,0.0,0.0,0.0,0.0,0.0,
23/05/2023,4145.580078125,4185.68017578125,4142.5400390625,4176.7998046875,4155320000,18.530000686645508,103.48999786376953,4.26,3.697999954223633,-0.562000045776367,1.0416779475084883,0,0.0,0.0,0.0,0.0,0.0,
24/05/2023,4115.240234375,4132.9599609375,4103.97998046875,4132.9599609375,0,20.030000686645508,103.88999938964844,4.31,3.7190001010894775,-0.5909998989105221,0.0,0,0.0,0.0,0.0,0.0,0.0,
25/05/2023,4151.27978515625,4165.740234375,4129.72998046875,4155.7099609375,4147760000,19.139999389648438,104.20999908447266,4.5,3.813999891281128,-0.6860001087188721,1.290247923600958,0,0.0,0.0,0.0,0.0,0.0,
26/05/2023,4205.4501953125,4212.8701171875,4156.16015625,4156.16015625,3715460000,17.950000762939453,104.20999908447266,4.54,3.809999942779541,-0.730000057220459,1.1797313276256012,0,0.0,0.0,0.0,0.0,0.0,
30/05/2023,4205.52001953125,4231.10009765625,4192.18017578125,4226.7099609375,4228510000,17.459999084472656,104.16999816894531,4.46,3.700000047683716,-0.7599999523162841,1.3013162389479935,0,0.0,0.0,0.0,0.0,0.0,
31/05/2023,4179.830078125,4195.43994140625,4166.14990234375,4190.740234375,5980670000,17.940000534057617,104.31999969482422,4.4,3.63700008392334,-0.7629999160766605,1.654641884863106,0,0.0,0.0,0.0,0.0,0.0,
01/06/2023,4221.02001953125,4232.43017578125,4171.64013671875,4183.02978515625,4391860000,15.649999618530273,103.55999755859375,4.33,3.6080000400543213,-0.7219999599456788,0.9775216276877138,0,0.0,0.0,0.0,0.0,0.0,
02/06/2023,4282.3701171875,4290.669921875,4241.009765625,4241.009765625,4454200000,14.600000381469727,104.0199966430664,4.5,3.690999984741211,-0.8090000152587891,0.9780551322532904,0,0.0,0.0,0.0,0.0,0.0,
05/06/2023,4273.7900390625,4299.27978515625,4266.81982421875,4282.990234375,3813290000,14.729999542236328,104.0,4.46,3.693000078201294,-0.766999921798706,0.8337418277431912,0,0.0,0.0,0.0,0.0,0.0,
06/06/2023,4283.85009765625,4288.330078125,4263.08984375,4271.33984375,3996560000,13.960000038146973,104.12999725341797,4.51,3.6989998817443848,-0.811000118255615,0.8827658595070457,0,0.0,0.0,0.0,0.0,0.0,
07/06/2023,4267.52001953125,4299.18994140625,4263.9599609375,4285.47021484375,4537800000,13.9399995803833,104.0999984741211,4.56,3.7839999198913574,-0.7760000801086422,1.070553480254283,0,0.0,0.0,0.0,0.0,0.0,
08/06/2023,4293.93017578125,4298.009765625,4261.06982421875,4268.68994140625,3826740000,13.649999618530273,103.33999633789062,4.52,3.7139999866485596,-0.80600001335144,0.9275330984812824,0,0.0,0.0,0.0,0.0,0.0,
09/06/2023,4298.85986328125,4322.6201171875,4291.7001953125,4304.8798828125,3786510000,13.829999923706055,103.55999755859375,4.59,3.744999885559082,-0.8450001144409178,0.9484817818835825,0,0.0,0.0,0.0,0.0,0.0,
12/06/2023,4338.93017578125,4340.1298828125,4304.3701171875,4308.31982421875,3945670000,15.010000228881836,103.62999725341797,4.55,3.765000104904175,-0.784999895095825,0.9818382066043972,0,0.0,0.0,0.0,0.0,0.0,
13/06/2023,4369.009765625,4375.3701171875,4349.31005859375,4352.60986328125,4275400000,14.609999656677246,103.33999633789062,4.67,3.8389999866485596,-0.8310000133514404,1.049326236052016,0,0.0,0.0,0.0,0.0,0.0,
14/06/2023,4372.58984375,4391.81982421875,4337.85009765625,4366.2900390625,4252110000,13.880000114440918,103.01000213623047,4.74,3.7960000038146973,-0.943999996185303,1.0584533936593012,1,1.0238095238095235,0.0135092800594738,0.1438356164383561,0.708904109589041,0.1472602739726027,0.0
15/06/2023,4425.83984375,4439.2001953125,4362.60009765625,4365.330078125,4176690000,14.5,102.12000274658203,4.62,3.7279999256134033,-0.8920000743865968,1.0218761835510983,0,0.0,0.0,0.0,0.0,0.0,
16/06/2023,4409.58984375,4448.47021484375,4407.43994140625,4440.9501953125,6848600000,13.539999961853027,102.30000305175781,4.7,3.7690000534057617,-0.9309999465942385,1.457243812043933,0,0.0,0.0,0.0,0.0,0.0,
20/06/2023,4388.7099609375,4400.14990234375,4367.18994140625,4396.10986328125,4055790000,13.880000114440918,102.54000091552734,4.68,3.7290000915527344,-0.9509999084472653,0.8589648937102978,0,0.0,0.0,0.0,0.0,0.0,
21/06/2023,4365.68994140625,4386.22021484375,4360.14013671875,4380.009765625,3709330000,13.199999809265137,102.06999969482422,4.68,3.7230000495910645,-0.9569999504089353,0.8048880938369588,0,0.0,0.0,0.0,0.0,0.0,
22/06/2023,4381.89013671875,4382.25,4351.81982421875,4355.39990234375,3511000000,12.90999984741211,102.38999938964844,4.77,3.7990000247955322,-0.9709999752044673,0.7871699592088572,0,0.0,0.0,0.0,0.0,0.0,
23/06/2023,4348.330078125,4366.5498046875,4341.33984375,4354.169921875,6053620000,13.4399995803833,102.9000015258789,4.71,3.739000082015991,-0.9709999179840088,1.251868407839413,0,0.0,0.0,0.0,0.0,0.0,
26/06/2023,4328.81982421875,4362.06005859375,4328.080078125,4344.83984375,3415030000,14.25,102.69000244140625,4.65,3.7190001010894775,-0.9309998989105228,0.8231062576254159,0,0.0,0.0,0.0,0.0,0.0,
27/06/2023,4378.41015625,4384.419921875,4335.0,4337.35986328125,3573500000,13.739999771118164,102.48999786376953,4.74,3.7679998874664307,-0.9720001125335695,0.8818022275654313,0,0.0,0.0,0.0,0.0,0.0,
28/06/2023,4376.85986328125,4390.35009765625,4360.22021484375,4367.47998046875,3739330000,13.430000305175781,102.91000366210938,4.71,3.7100000381469727,-0.9999999618530273,0.9213585525278328,0,0.0,0.0,0.0,0.0,0.0,
29/06/2023,4396.43994140625,4398.39013671875,4371.97021484375,4374.93994140625,3696660000,13.539999961853027,103.33999633789062,4.87,3.8540000915527344,-1.0159999084472657,0.9025868560328232,0,0.0,0.0,0.0,0.0,0.0,
30/06/2023,4450.3798828125,4458.47998046875,4422.43994140625,4422.43994140625,3923450000,13.59000015258789,102.91000366210938,4.87,3.819000005722046,-1.0509999942779542,1.0691782251660538,0,0.0,0.0,0.0,0.0,0.0,
03/07/2023,4455.58984375,4456.4599609375,4442.2900390625,4450.47998046875,2034280000,13.569999694824219,102.98999786376953,4.94,3.8580000400543213,-1.081999959945679,0.5994735731604824,0,0.0,0.0,0.0,0.0,0.0,
05/07/2023,4446.81982421875,4454.06005859375,4436.60986328125,4442.0400390625,3482620000,14.180000305175781,103.37000274658203,4.94,3.944999933242798,-0.9950000667572025,1.0318054744097358,0,0.0,0.0,0.0,0.0,0.0,
06/07/2023,4411.58984375,4422.6201171875,4385.0498046875,4422.6201171875,3682020000,15.4399995803833,103.16999816894531,4.99,4.040999889373779,-0.9490001106262209,1.0945993912847531,0,0.0,0.0,0.0,0.0,0.0,
07/07/2023,4398.9501953125,4440.39013671875,4397.39990234375,4404.5400390625,3630480000,14.829999923706055,102.2699966430664,4.94,4.050000190734863,-0.8899998092651371,1.0835410094401847,0,0.0,0.0,0.0,0.0,0.0,
10/07/2023,4409.52978515625,4412.60009765625,4389.919921875,4394.22998046875,3429600000,15.069999694824219,101.97000122070312,4.85,4.00600004196167,-0.8439999580383297,1.0546774094347746,0,0.0,0.0,0.0,0.0,0.0,
11/07/2023,4439.259765625,4443.64013671875,4408.4599609375,4415.5498046875,3624220000,14.84000015258789,101.7300033569336,4.88,3.9800000190734863,-0.8999999809265136,1.015247964304883,0,0.0,0.0,0.0,0.0,0.0,
12/07/2023,4472.16015625,4488.33984375,4463.22998046875,4467.68994140625,3920290000,13.539999961853027,100.5199966430664,4.72,3.8610000610351562,-0.8589999389648435,1.0719017904357342,0,0.0,0.0,0.0,0.0,0.0,
13/07/2023,4510.0400390625,4517.3798828125,4489.35986328125,4491.5,3839530000,13.609999656677246,99.7699966430664,4.59,3.760999917984009,-0.8290000820159911,1.040854754794482,0,0.0,0.0,0.0,0.0,0.0,
14/07/2023,4505.419921875,4527.759765625,4499.56005859375,4514.60986328125,3647450000,13.34000015258789,99.91000366210938,4.74,3.819000005722046,-0.9209999942779543,0.9878750387978176,0,0.0,0.0,0.0,0.0,0.0,
17/07/2023,4522.7900390625,4532.85009765625,4504.89990234375,4508.85986328125,3538240000,13.479999542236328,99.83999633789062,4.74,3.796999931335449,-0.943000068664551,0.952690211435492,0,0.0,0.0,0.0,0.0,0.0,
18/07/2023,4554.97998046875,4562.2998046875,4514.58984375,4521.77978515625,4090010000,13.300000190734863,99.94000244140625,4.74,3.7890000343322754,-0.9509999656677248,1.0743100267289782,0,0.0,0.0,0.0,0.0,0.0,
19/07/2023,4565.72021484375,4578.43017578125,4557.47998046875,4563.8701171875,4115670000,13.760000228881836,100.27999877929688,4.74,3.742000102996826,-0.997999897003174,1.0700669235449198,0,0.0,0.0,0.0,0.0,0.0,
20/07/2023,4534.8701171875,4564.740234375,4527.56005859375,4554.3798828125,3761770000,13.989999771118164,100.87999725341797,4.8,3.8540000915527344,-0.9459999084472654,0.9820243573638578,0,0.0,0.0,0.0,0.0,0.0,
21/07/2023,4536.33984375,4555.0,4535.7900390625,4550.16015625,3570190000,13.600000381469727,101.06999969482422,4.82,3.8369998931884766,-0.9830001068115237,0.9357864486461436,0,0.0,0.0,0.0,0.0,0.0,
24/07/2023,4554.64013671875,4563.41015625,4541.2900390625,4543.39013671875,3856250000,13.90999984741211,101.3499984741211,4.81,3.8570001125335693,-0.9529998874664303,0.9941919852077123,0,0.0,0.0,0.0,0.0,0.0,
25/07/2023,4567.4599609375,4580.6201171875,4552.419921875,4555.18994140625,3812470000,13.859999656677246,101.3499984741211,4.85,3.9119999408721924,-0.9380000591278073,0.9971751929630918,0,0.0,0.0,0.0,0.0,0.0,
26/07/2023,4566.75,4582.47021484375,4547.580078125,4558.9599609375,3990290000,13.1899995803833,100.88999938964844,4.82,3.8510000705718994,-0.9689999294281009,1.050575615674186,1,0.903846153846154,0.0413942381677757,0.1918819188191882,0.6346863468634686,0.1734317343173431,0.0
27/07/2023,4537.41015625,4607.06982421875,4528.56005859375,4598.259765625,4553210000,14.40999984741211,101.7699966430664,4.91,4.01200008392334,-0.8979999160766603,1.1508228774957143,0,0.0,0.0,0.0,0.0,0.0,
28/07/2023,4582.22998046875,4590.16015625,4564.009765625,4565.75,3981010000,13.329999923706055,101.62000274658203,4.87,3.9690001010894775,-0.9009998989105226,0.9857288804218048,0,0.0,0.0,0.0,0.0,0.0,
31/07/2023,4588.9599609375,4594.22021484375,4573.14013671875,4584.81982421875,4503600000,13.630000114440918,101.86000061035156,4.88,3.9590001106262207,-0.9209998893737792,1.080488162997383,0,0.0,0.0,0.0,0.0,0.0,
01/08/2023,4576.72998046875,4584.6201171875,4567.52978515625,4578.830078125,4042370000,13.930000305175781,102.30000305175781,4.92,4.051000118255615,-0.8689998817443847,0.9592496231694768,0,0.0,0.0,0.0,0.0,0.0,
02/08/2023,4513.39013671875,4550.93017578125,4505.75,4550.93017578125,4270710000,16.09000015258789,102.58999633789062,4.88,4.078000068664551,-0.8019999313354491,1.00012411654778,0,0.0,0.0,0.0,0.0,0.0,
03/08/2023,4501.89013671875,4519.490234375,4485.5400390625,4494.27001953125,4149120000,15.920000076293945,102.54000091552734,4.9,4.189000129699707,-0.7109998703002933,0.9903942414143252,0,0.0,0.0,0.0,0.0,0.0,
04/08/2023,4478.02978515625,4540.33984375,4474.5498046875,4513.9599609375,4143310000,17.100000381469727,102.0199966430664,4.78,4.059999942779541,-0.7200000572204592,0.9814032898592124,0,0.0,0.0,0.0,0.0,0.0,
07/08/2023,4518.43994140625,4519.83984375,4491.14990234375,4491.580078125,3493920000,15.770000457763672,102.05000305175781,4.76,4.078000068664551,-0.681999931335449,0.8691589761500699,0,0.0,0.0,0.0,0.0,0.0,
08/08/2023,4499.3798828125,4503.31005859375,4464.39013671875,4498.02978515625,3884910000,15.989999771118164,102.52999877929688,4.74,4.026000022888184,-0.7139999771118166,0.9740537168594676,0,0.0,0.0,0.0,0.0,0.0,
09/08/2023,4467.7099609375,4502.43994140625,4461.330078125,4501.56982421875,3803100000,15.960000038146973,102.48999786376953,4.79,4.01200008392334,-0.7779999160766602,0.9764377365931408,0,0.0,0.0,0.0,0.0,0.0,
10/08/2023,4468.830078125,4527.3701171875,4457.919921875,4487.16015625,4504370000,15.850000381469727,102.5199966430664,4.82,4.079999923706055,-0.7400000762939456,1.1357686812801664,0,0.0,0.0,0.0,0.0,0.0,
11/08/2023,4464.0498046875,4476.22998046875,4443.97998046875,4450.68994140625,3753290000,14.84000015258789,102.83999633789062,4.89,4.168000221252441,-0.7219997787475583,0.9653727264824,0,0.0,0.0,0.0,0.0,0.0,
14/08/2023,4489.72021484375,4490.330078125,4453.43994140625,4458.1298828125,3896410000,14.819999694824219,103.19000244140625,4.96,4.184000015258789,-0.7759999847412109,0.981855228887294,0,0.0,0.0,0.0,0.0,0.0,
15/08/2023,4437.85986328125,4478.8701171875,4432.18994140625,4478.8701171875,3832250000,16.459999084472656,103.20999908447266,4.92,4.2210001945495605,-0.6989998054504394,0.9682572809107088,0,0.0,0.0,0.0,0.0,0.0,
16/08/2023,4404.330078125,4449.9501953125,4403.5498046875,4433.7900390625,3753910000,16.780000686645508,103.41999816894531,4.97,4.257999897003174,-0.7120001029968259,0.9508273206543186,0,0.0,0.0,0.0,0.0,0.0,
17/08/2023,4370.35986328125,4421.169921875,4364.830078125,4416.31982421875,3943700000,17.889999389648438,103.44000244140625,4.94,4.308000087738037,-0.6319999122619633,1.0280997061455008,0,0.0,0.0,0.0,0.0,0.0,
18/08/2023,4369.7099609375,4381.81982421875,4335.31005859375,4344.8798828125,3940400000,17.299999237060547,103.37999725341797,4.92,4.250999927520752,-0.669000072479248,1.0173147990852325,0,0.0,0.0,0.0,0.0,0.0,
21/08/2023,4399.77001953125,4407.5498046875,4360.2998046875,4380.27978515625,3726850000,17.1299991607666,103.33000183105469,4.97,4.3420000076293945,-0.6279999923706052,0.9706799617234052,0,0.0,0.0,0.0,0.0,0.0,
22/08/2023,4387.5498046875,4418.58984375,4382.77001953125,4415.330078125,3522760000,16.969999313354492,103.55999755859375,5.02,4.328000068664551,-0.6919999313354488,0.93255794006868,0,0.0,0.0,0.0,0.0,0.0,
23/08/2023,4436.009765625,4443.18017578125,4396.43994140625,4396.43994140625,3837270000,15.979999542236328,103.36000061035156,4.95,4.197999954223633,-0.7520000457763674,1.0113526027648545,0,0.0,0.0,0.0,0.0,0.0,
24/08/2023,4376.31005859375,4458.2998046875,4375.5498046875,4455.16015625,3723470000,17.200000762939453,103.9800033569336,4.98,4.235000133514404,-0.7449998664855961,0.992885617908617,0,0.0,0.0,0.0,0.0,0.0,
25/08/2023,4405.7099609375,4418.4599609375,4356.2900390625,4389.3798828125,3296180000,15.680000305175781,104.08000183105469,5.03,4.238999843597412,-0.7910001564025881,0.9102185786012008,0,0.0,0.0,0.0,0.0,0.0,
28/08/2023,4433.31005859375,4439.56005859375,4414.97998046875,4426.02978515625,2957230000,15.079999923706055,104.05999755859375,4.98,4.211999893188477,-0.7680001068115239,0.8528711287074802,0,0.0,0.0,0.0,0.0,0.0,
29/08/2023,4497.6298828125,4500.14013671875,4431.68017578125,4432.75,3354820000,14.449999809265137,103.55000305175781,4.87,4.122000217437744,-0.747999782562256,0.9770009499696254,0,0.0,0.0,0.0,0.0,0.0,
30/08/2023,4514.8701171875,4521.64990234375,4493.58984375,4500.33984375,3064110000,13.880000114440918,103.16000366210938,4.9,4.118000030517578,-0.7819999694824222,0.934418610608442,0,0.0,0.0,0.0,0.0,0.0,
31/08/2023,4507.66015625,4532.259765625,4507.39013671875,4517.009765625,3946360000,13.569999694824219,103.62000274658203,4.85,4.0929999351501465,-0.7570000648498532,1.1873251217002534,0,0.0,0.0,0.0,0.0,0.0,
01/09/2023,4515.77001953125,4541.25,4501.35009765625,4530.60009765625,3246260000,13.09000015258789,104.23999786376953,4.87,4.172999858856201,-0.6970001411437989,0.9796315721495488,0,0.0,0.0,0.0,0.0,0.0,
05/09/2023,4496.830078125,4514.2900390625,4496.009765625,4510.06005859375,3526250000,14.010000228881836,104.80999755859375,4.94,4.26800012588501,-0.6719998741149906,1.0287930772911342,0,0.0,0.0,0.0,0.0,0.0,
06/09/2023,4465.47998046875,4490.35009765625,4442.3798828125,4490.35009765625,3418850000,14.449999809265137,104.86000061035156,5.01,4.289999961853027,-0.7200000381469724,0.9937460142322068,0,0.0,0.0,0.0,0.0,0.0,
07/09/2023,4451.14013671875,4457.81005859375,4430.4599609375,4434.5498046875,3763760000,14.399999618530273,105.05999755859375,4.94,4.260000228881836,-0.6799997711181645,1.051242690548491,0,0.0,0.0,0.0,0.0,0.0,
08/09/2023,4457.490234375,4473.52978515625,4448.3798828125,4451.2998046875,3259290000,13.84000015258789,105.08999633789062,4.98,4.257999897003174,-0.7220001029968266,0.946674907824317,0,0.0,0.0,0.0,0.0,0.0,
11/09/2023,4487.4599609375,4490.77001953125,4467.89013671875,4480.97998046875,3369920000,13.800000190734863,104.56999969482422,4.97,4.288000106811523,-0.6819998931884763,0.9718267373473518,0,0.0,0.0,0.0,0.0,0.0,
12/09/2023,4461.89990234375,4487.10986328125,4456.830078125,4473.27001953125,3435740000,14.229999542236328,104.70999908447266,4.98,4.263999938964844,-0.7160000610351567,0.9960075512130412,0,0.0,0.0,0.0,0.0,0.0,
13/09/2023,4467.43994140625,4479.39013671875,4453.52001953125,4462.64990234375,3529430000,13.479999542236328,104.7699966430664,4.96,4.249000072479248,-0.7109999275207519,1.016649825384517,0,0.0,0.0,0.0,0.0,0.0,
14/09/2023,4505.10009765625,4511.990234375,4478.68994140625,4487.77978515625,3648720000,12.819999694824219,105.41000366210938,5.0,4.288000106811523,-0.7119998931884766,1.0580232092837134,0,0.0,0.0,0.0,0.0,0.0,
15/09/2023,4450.31982421875,4497.97998046875,4447.2099609375,4497.97998046875,6932230000,13.789999961853027,105.31999969482422,5.02,4.322000026702881,-0.6979999732971187,1.6571564215788457,0,0.0,0.0,0.0,0.0,0.0,
18/09/2023,4453.52978515625,4466.35986328125,4442.10986328125,4445.1298828125,3161230000,14.0,105.19999694824219,5.05,4.318999767303467,-0.731000232696533,0.7633110948527938,0,0.0,0.0,0.0,0.0,0.0,
19/09/2023,4443.9501953125,4449.85009765625,4416.60986328125,4445.41015625,3614880000,14.109999656677246,105.19999694824219,5.08,4.364999771118164,-0.715000228881836,0.865363208466334,0,0.0,0.0,0.0,0.0,0.0,
20/09/2023,4402.2001953125,4461.02978515625,4401.3798828125,4452.81005859375,3308450000,15.140000343322754,105.16000366210938,5.12,4.348999977111816,-0.7710000228881837,0.8004762524612264,1,1.25,0.0401440260809708,0.1311475409836065,0.7049180327868853,0.1639344262295081,0.0
21/09/2023,4330.0,4375.7001953125,4329.169921875,4374.35986328125,3662340000,17.540000915527344,105.36000061035156,5.12,4.480000019073486,-0.6399999809265138,0.8855159767359652,0,0.0,0.0,0.0,0.0,0.0,
22/09/2023,4320.06005859375,4357.39990234375,4316.490234375,4341.740234375,3349570000,17.200000762939453,105.58000183105469,5.1,4.438000202178955,-0.6619997978210446,0.9796086560558992,0,0.0,0.0,0.0,0.0,0.0,
25/09/2023,4337.43994140625,4338.509765625,4302.7001953125,4310.6201171875,3195650000,16.899999618530273,106.0,5.09,4.541999816894531,-0.5480001831054686,0.9327156966158792,0,0.0,0.0,0.0,0.0,0.0,
26/09/2023,4273.52978515625,4313.009765625,4265.97998046875,4312.8798828125,3472340000,18.940000534057617,106.2300033569336,5.04,4.558000087738037,-0.4819999122619629,1.0219768252949817,0,0.0,0.0,0.0,0.0,0.0,
27/09/2023,4274.509765625,4292.06982421875,4238.6298828125,4282.6298828125,3875880000,18.219999313354492,106.66999816894531,5.1,4.625999927520752,-0.4740000724792477,1.1038757605757192,0,0.0,0.0,0.0,0.0,0.0,
28/09/2023,4299.7001953125,4317.27001953125,4264.3798828125,4269.64990234375,3846230000,17.34000015258789,106.22000122070312,5.04,4.5970001220703125,-0.44299987792968754,1.0840759721009463,0,0.0,0.0,0.0,0.0,0.0,
29/09/2023,4288.0498046875,4333.14990234375,4274.85986328125,4328.18017578125,3865960000,17.520000457763672,106.16999816894531,5.03,4.572999954223633,-0.45700004577636744,1.0588155385115956,0,0.0,0.0,0.0,0.0,0.0,
02/10/2023,4288.39013671875,4300.580078125,4260.2099609375,4284.52001953125,3938660000,17.610000610351562,106.9000015258789,5.12,4.683000087738037,-0.436999912261963,1.0365402095997331,0,0.0,0.0,0.0,0.0,0.0,
03/10/2023,4229.4501953125,4281.14990234375,4216.4501953125,4269.75,3953830000,19.780000686645508,107.0,5.15,4.802000045776367,-0.34799995422363317,1.0148142558530144,0,0.0,0.0,0.0,0.0,0.0,
04/10/2023,4263.75,4268.5,4220.47998046875,4233.830078125,3777600000,18.579999923706055,106.80000305175781,5.05,4.735000133514404,-0.3149998664855955,0.9744983562305364,0,0.0,0.0,0.0,0.0,0.0,
05/10/2023,4258.18994140625,4267.1298828125,4225.91015625,4259.31005859375,3581470000,18.489999771118164,106.33000183105469,5.03,4.7170000076293945,-0.3129999923706057,0.93669837928769,0,0.0,0.0,0.0,0.0,0.0,
06/10/2023,4308.5,4324.10009765625,4219.5498046875,4234.7900390625,3902030000,17.450000762939453,106.04000091552734,5.08,4.783999919891357,-0.29600008010864265,1.018615831288025,0,0.0,0.0,0.0,0.0,0.0,
09/10/2023,4335.66015625,4341.72998046875,4283.7900390625,4289.02001953125,3174630000,17.700000762939453,106.08000183105469,5.08,4.796999931335449,-0.29600008010864265,0.863160945666998,0,0.0,0.0,0.0,0.0,0.0,
10/10/2023,4358.240234375,4385.4599609375,4339.64013671875,4339.75,3520240000,17.030000686645508,105.83000183105469,4.96,4.65500020980835,-0.30499979019165036,0.9802422258446634,0,0.0,0.0,0.0,0.0,0.0,
11/10/2023,4376.9501953125,4378.64013671875,4345.33984375,4366.58984375,3601660000,16.09000015258789,105.81999969482422,4.99,4.59499979019165,-0.3950002098083498,1.0128385610148014,0,0.0,0.0,0.0,0.0,0.0,
12/10/2023,4349.60986328125,4385.85009765625,4325.43017578125,4380.93994140625,3713140000,16.690000534057617,106.56999969482422,5.06,4.711999893188477,-0.34800010681152305,1.036512447171402,0,0.0,0.0,0.0,0.0,0.0,
13/10/2023,4327.77978515625,4377.10009765625,4311.97021484375,4360.490234375,3566560000,19.31999969482422,106.6500015258789,5.04,4.629000186920166,-0.410999813079834,1.0145975559036269,0,0.0,0.0,0.0,0.0,0.0,
16/10/2023,4373.6298828125,4383.330078125,4342.3701171875,4342.3701171875,3409960000,17.209999084472656,106.23999786376953,5.09,4.711999893188477,-0.3780001068115233,0.9572322693801104,0,0.0,0.0,0.0,0.0,0.0,
17/10/2023,4373.2001953125,4393.56982421875,4337.5400390625,4345.22998046875,3794850000,17.8799991607666,106.25,5.19,4.8470001220703125,-0.3429998779296879,1.049102712182845,0,0.0,0.0,0.0,0.0,0.0,
18/10/2023,4314.60009765625,4364.2001953125,4303.83984375,4357.35009765625,3686030000,19.219999313354492,106.56999969482422,5.19,4.9039998054504395,-0.28600019454956094,1.0142874124819623,0,0.0,0.0,0.0,0.0,0.0,
19/10/2023,4278.0,4339.5400390625,4269.68994140625,4321.35986328125,3969730000,21.399999618530273,106.25,5.14,4.98799991607666,-0.15200008392333952,1.0771427780669045,0,0.0,0.0,0.0,0.0,0.0,
20/10/2023,4224.16015625,4276.56005859375,4223.02978515625,4273.85009765625,4004030000,21.709999084472656,106.16000366210938,5.07,4.923999786376953,-0.14600021362304716,1.061254943120978,0,0.0,0.0,0.0,0.0,0.0,
23/10/2023,4217.0400390625,4255.83984375,4189.22021484375,4210.39990234375,3776100000,20.3700008392334,105.54000091552734,5.05,4.8379998207092285,-0.2120001792907713,0.9817874923169884,0,0.0,0.0,0.0,0.0,0.0,
24/10/2023,4247.68017578125,4259.3798828125,4219.43017578125,4235.7900390625,3821820000,18.969999313354492,106.2699966430664,5.02,4.840000152587891,-0.17999984741210895,0.992283090772475,0,0.0,0.0,0.0,0.0,0.0,
25/10/2023,4186.77001953125,4232.419921875,4181.419921875,4232.419921875,3869370000,20.190000534057617,106.52999877929688,5.08,4.953000068664551,-0.1269999313354493,0.9951545827000084,0,0.0,0.0,0.0,0.0,0.0,
26/10/2023,4137.22998046875,4183.60009765625,4127.89990234375,4175.990234375,4277640000,20.68000030517578,106.5999984741211,5.02,4.84499979019165,-0.17500020980834918,1.0830038645072957,0,0.0,0.0,0.0,0.0,0.0,
27/10/2023,4117.3701171875,4156.7001953125,4103.77978515625,4152.93017578125,4019500000,21.270000457763672,106.55999755859375,4.99,4.84499979019165,-0.14500020980834982,1.016851991178091,0,0.0,0.0,0.0,0.0,0.0,
30/10/2023,4166.81982421875,4177.47021484375,4132.93994140625,4139.39013671875,3911140000,19.75,106.12000274658203,5.03,4.875,-0.15500000000000025,0.982724665531293,0,0.0,0.0,0.0,0.0,0.0,
31/10/2023,4193.7998046875,4195.5498046875,4153.1201171875,4171.330078125,4249470000,18.139999389648438,106.66000366210938,5.07,4.875,-0.19500000000000028,1.0452710467592063,0,0.0,0.0,0.0,0.0,0.0,
01/11/2023,4237.85986328125,4245.64013671875,4197.740234375,4201.27001953125,4224900000,16.8700008392334,106.87999725341797,4.95,4.789000034332275,-0.1609999656677248,1.0213633165962777,1,1.0,-0.0055499044111997,0.1630434782608695,0.6739130434782609,0.1630434782608695,0.0
02/11/2023,4317.77978515625,4319.72021484375,4268.259765625,4268.259765625,4669780000,15.65999984741211,106.12000274658203,4.98,4.669000148773193,-0.31099985122680707,1.1079066505526272,0,0.0,0.0,0.0,0.0,0.0,
03/11/2023,4358.33984375,4373.6201171875,4334.22998046875,4334.22998046875,4570960000,14.90999984741211,105.0199966430664,4.83,4.558000087738037,-0.27199991226196296,1.0568082769782094,0,0.0,0.0,0.0,0.0,0.0,
06/11/2023,4365.97998046875,4372.2099609375,4347.52978515625,4364.27001953125,3656340000,14.890000343322754,105.22000122070312,4.93,4.6620001792907715,-0.26799982070922823,0.8554262813239157,0,0.0,0.0,0.0,0.0,0.0,
07/11/2023,4378.3798828125,4386.259765625,4355.41015625,4366.2099609375,3791230000,14.8100004196167,105.54000091552734,4.91,4.571000099182129,-0.33899990081787124,0.9064199135379026,0,0.0,0.0,0.0,0.0,0.0,
08/11/2023,4382.77978515625,4391.2001953125,4359.759765625,4384.3701171875,3729510000,14.449999809265137,105.58999633789062,4.93,4.5229997634887695,-0.4070002365112302,0.9132977957490076,0,0.0,0.0,0.0,0.0,0.0,
09/11/2023,4347.35009765625,4393.39990234375,4343.93994140625,4391.41015625,3900780000,15.289999961853027,105.91000366210938,5.03,4.630000114440918,-0.3999998855590823,0.9926244934810334,0,0.0,0.0,0.0,0.0,0.0,
10/11/2023,4415.240234375,4418.02978515625,4353.33984375,4364.14990234375,3665080000,14.170000076293945,105.86000061035156,5.04,4.627999782562256,-0.4120002174377442,0.977722811896106,0,0.0,0.0,0.0,0.0,0.0,
13/11/2023,4411.5498046875,4421.759765625,4393.81982421875,4406.66015625,3326240000,14.760000228881836,105.66000366210938,5.02,4.631999969482422,-0.3880000305175777,0.9032392612980942,0,0.0,0.0,0.0,0.0,0.0,
14/11/2023,4495.7001953125,4508.669921875,4458.97021484375,4458.97021484375,4700350000,14.15999984741211,104.11000061035156,4.8,4.440999984741211,-0.3590000152587889,1.2163232922539948,0,0.0,0.0,0.0,0.0,0.0,
15/11/2023,4502.8798828125,4521.169921875,4495.31005859375,4505.2998046875,4347170000,14.180000305175781,104.38999938964844,4.9,4.534999847412109,-0.365000152587891,1.0900834619716926,0,0.0,0.0,0.0,0.0,0.0,
16/11/2023,4508.240234375,4511.990234375,4487.830078125,4497.080078125,3964520000,14.319999694824219,104.37000274658203,4.83,4.445000171661377,-0.3849998283386231,0.9909635181289544,0,0.0,0.0,0.0,0.0,0.0,
17/11/2023,4514.02001953125,4520.1201171875,4499.66015625,4509.5498046875,3777240000,13.800000190734863,103.81999969482422,4.88,4.440999984741211,-0.43900001525878896,0.9388869887529628,0,0.0,0.0,0.0,0.0,0.0,
20/11/2023,4547.3798828125,4557.10986328125,4510.35986328125,4511.7001953125,3644790000,13.40999984741211,103.47000122070312,4.89,4.421999931335449,-0.46800006866455046,0.8918414197465312,0,0.0,0.0,0.0,0.0,0.0,
21/11/2023,4538.18994140625,4542.14013671875,4525.509765625,4538.77001953125,3511080000,13.350000381469727,103.58999633789062,4.86,4.418000221252441,-0.4419997787475589,0.9122152477552378,0,0.0,0.0,0.0,0.0,0.0,
22/11/2023,4556.6201171875,4568.43017578125,4545.0498046875,4553.0400390625,3042810000,12.850000381469727,103.91999816894531,4.89,4.415999889373779,-0.4740001106262204,0.8480310404873013,0,0.0,0.0,0.0,0.0,0.0,
24/11/2023,4559.33984375,4560.31005859375,4552.7998046875,4555.83984375,1639500000,12.460000038146973,103.4000015258789,4.92,4.4720001220703125,-0.44799987792968743,0.5249618646184349,0,0.0,0.0,0.0,0.0,0.0,
27/11/2023,4550.43017578125,4560.52001953125,4546.31982421875,4554.85986328125,3403990000,12.6899995803833,103.19999694824219,4.84,4.388999938964844,-0.4510000610351561,1.1166356234053287,0,0.0,0.0,0.0,0.0,0.0,
28/11/2023,4554.89013671875,4568.14013671875,4540.509765625,4545.5498046875,3586240000,12.6899995803833,102.75,4.73,4.335999965667725,-0.3940000343322758,1.1809568469179286,0,0.0,0.0,0.0,0.0,0.0,
29/11/2023,4550.580078125,4587.64013671875,4547.14990234375,4571.83984375,4418760000,12.979999542236328,102.7699966430664,4.64,4.270999908447266,-0.36900009155273406,1.3730276609099328,0,0.0,0.0,0.0,0.0,0.0,
30/11/2023,4567.7998046875,4569.89013671875,4537.240234375,4554.8701171875,5399300000,12.920000076293945,103.5,4.73,4.3520002365112305,-0.37799976348876996,1.4634002230077423,0,0.0,0.0,0.0,0.0,0.0,
01/12/2023,4594.6298828125,4599.39013671875,4554.7099609375,4559.43017578125,4397120000,12.630000114440918,103.2699966430664,4.56,4.22599983215332,-0.3340001678466793,1.0367920261857706,0,0.0,0.0,0.0,0.0,0.0,
04/12/2023,4569.77978515625,4572.3701171875,4546.72021484375,4564.3701171875,4369910000,13.079999923706055,103.63999938964844,4.64,4.288000106811523,-0.35199989318847624,0.9854866622796196,0,0.0,0.0,0.0,0.0,0.0,
05/12/2023,4567.18017578125,4578.56005859375,4551.68017578125,4557.25,3909950000,12.850000381469727,104.05000305175781,4.57,4.171000003814697,-0.398999996185303,0.8690693592898702,0,0.0,0.0,0.0,0.0,0.0,
06/12/2023,4549.33984375,4590.740234375,4546.5,4586.22998046875,4245680000,12.970000267028809,104.1500015258789,4.6,4.120999813079834,-0.47900018692016566,0.9510096783615776,0,0.0,0.0,0.0,0.0,0.0,
07/12/2023,4585.58984375,4590.919921875,4565.22021484375,4568.83984375,3818880000,13.0600004196167,103.54000091552734,4.58,4.129000186920166,-0.45099981307983406,0.9205873816505428,0,0.0,0.0,0.0,0.0,0.0,
08/12/2023,4604.3701171875,4609.22998046875,4574.06005859375,4576.2001953125,3707010000,12.350000381469727,104.01000213623047,4.71,4.244999885559082,-0.46500011444091793,0.9243754684827964,0,0.0,0.0,0.0,0.0,0.0,
11/12/2023,4622.43994140625,4623.7099609375,4593.39013671875,4593.39013671875,3823210000,12.630000114440918,104.0999984741211,4.71,4.238999843597412,-0.47100015640258786,0.98007252599754,0,0.0,0.0,0.0,0.0,0.0,
12/12/2023,4643.7001953125,4643.93017578125,4608.08984375,4618.2998046875,3808380000,12.069999694824219,103.87000274658203,4.73,4.205999851226807,-0.5240001487731938,0.9813813832386064,0,0.0,0.0,0.0,0.0,0.0,
13/12/2023,4707.08984375,4709.68994140625,4643.22998046875,4646.2001953125,5063650000,12.1899995803833,102.87000274658203,4.46,4.0329999923706055,-0.4270000076293945,1.2520689991113256,1,1.4,0.0296989914477449,0.1356589147286821,0.6744186046511628,0.189922480620155,0.0
14/12/2023,4719.5498046875,4738.56982421875,4694.33984375,4721.0400390625,6314040000,12.479999542236328,101.95999908447266,4.37,3.930000066757202,-0.43999993324279796,1.3897603878098053,0,0.0,0.0,0.0,0.0,0.0,
15/12/2023,4719.18994140625,4725.52978515625,4704.68994140625,4714.22998046875,8218980000,12.279999732971191,102.55000305175781,4.44,3.927999973297119,-0.5120000267028813,1.5092738206554517,0,0.0,0.0,0.0,0.0,0.0,
18/12/2023,4740.56005859375,4749.52001953125,4725.580078125,4725.580078125,4060340000,12.5600004196167,102.51000213623047,4.43,3.9539999961853027,-0.476000003814697,0.7391739203412003,0,0.0,0.0,0.0,0.0,0.0,
19/12/2023,4768.3701171875,4768.68994140625,4743.72021484375,4743.72021484375,4026970000,12.529999732971191,102.16999816894531,4.41,3.921999931335449,-0.4880000686645509,0.7273105239925762,0,0.0,0.0,0.0,0.0,0.0,
20/12/2023,4698.35009765625,4778.009765625,4697.81982421875,4764.72998046875,4201320000,13.670000076293945,102.41000366210938,4.34,3.877000093460083,-0.46299990653991685,0.7831956646962435,0,0.0,0.0,0.0,0.0,0.0,
21/12/2023,4746.75,4748.7099609375,4708.35009765625,4724.2900390625,3431180000,13.649999618530273,101.83999633789062,4.33,3.8940000534057617,-0.43599994659423835,0.7166569404719286,0,0.0,0.0,0.0,0.0,0.0,
22/12/2023,4754.6298828125,4772.93994140625,4736.77001953125,4753.919921875,3046770000,13.029999732971191,101.69999694824219,4.31,3.9010000228881836,-0.408999977111816,0.8117541928257572,0,0.0,0.0,0.0,0.0,0.0,
26/12/2023,4774.75,4784.72021484375,4758.4501953125,4758.85986328125,2513910000,12.989999771118164,101.47000122070312,4.26,3.885999917984009,-0.374000082015991,0.7299326660917588,0,0.0,0.0,0.0,0.0,0.0,
27/12/2023,4781.580078125,4785.39013671875,4768.89990234375,4773.4501953125,2748450000,12.430000305175781,100.98999786376953,4.2,3.7890000343322754,-0.4109999656677248,0.8620354380323718,0,0.0,0.0,0.0,0.0,0.0,
28/12/2023,4783.35009765625,4793.2998046875,4780.97998046875,4786.43994140625,2698860000,12.470000267028809,101.2300033569336,4.26,3.8499999046325684,-0.4100000953674314,0.9345620281498176,0,0.0,0.0,0.0,0.0,0.0,
29/12/2023,4769.830078125,4788.43017578125,4751.990234375,4782.8798828125,3126060000,12.449999809265137,101.33000183105469,4.23,3.865999937057495,-0.3640000629425053,1.1058613773122354,0,0.0,0.0,0.0,0.0,0.0,
02/01/2024,4742.830078125,4754.330078125,4722.669921875,4745.2001953125,3743050000,13.199999809265137,102.19999694824219,4.33,3.946000099182129,-0.38399990081787116,1.2619577581887929,0,0.0,0.0,0.0,0.0,0.0,
03/01/2024,4704.81005859375,4729.2900390625,4699.7099609375,4725.06982421875,3950760000,14.039999961853027,102.45999908447266,4.33,3.9070000648498535,-0.42299993515014656,1.214334629603902,0,0.0,0.0,0.0,0.0,0.0,
04/01/2024,4688.68017578125,4726.77978515625,4687.52978515625,4697.419921875,3715480000,14.130000114440918,102.41999816894531,4.38,3.990999937057495,-0.3890000629425048,1.0779374279412866,0,0.0,0.0,0.0,0.0,0.0,
05/01/2024,4697.240234375,4721.490234375,4682.10986328125,4690.56982421875,3844370000,13.350000381469727,102.41000366210938,4.4,4.041999816894531,-0.3580001831054691,1.0458184346660342,0,0.0,0.0,0.0,0.0,0.0,
08/01/2024,4763.5400390625,4764.5400390625,4699.81982421875,4703.7001953125,3742320000,13.079999923706055,102.20999908447266,4.36,4.001999855041504,-0.3580001449584964,0.9850294641287262,0,0.0,0.0,0.0,0.0,0.0,
09/01/2024,4756.5,4765.47021484375,4730.35009765625,4741.93017578125,3529960000,12.760000228881836,102.56999969482422,4.36,4.019000053405762,-0.3409999465942386,0.9396743525623588,0,0.0,0.0,0.0,0.0,0.0,
10/01/2024,4783.4501953125,4790.7998046875,4756.2001953125,4759.93994140625,3498680000,12.6899995803833,102.36000061035156,4.37,4.03000020980835,-0.3399997901916505,0.9543168032400096,0,0.0,0.0,0.0,0.0,0.0,
11/01/2024,4780.240234375,4798.5,4739.580078125,4792.1298828125,3759890000,12.4399995803833,102.29000091552734,4.26,3.9769999980926514,-0.2830000019073484,1.0230870705221489,0,0.0,0.0,0.0,0.0,0.0,
12/01/2024,4783.830078125,4802.39990234375,4768.97998046875,4791.18017578125,3486340000,12.699999809265137,102.4000015258789,4.14,3.950000047683716,-0.18999995231628386,0.967503811637664,0,0.0,0.0,0.0,0.0,0.0,
16/01/2024,4765.97998046875,4782.33984375,4747.1201171875,4772.35009765625,4260550000,13.84000015258789,103.36000061035156,4.22,4.065999984741211,-0.1540000152587888,1.1492995572800615,0,0.0,0.0,0.0,0.0,0.0,
17/01/2024,4739.2099609375,4744.22998046875,4714.81982421875,4739.1298828125,3928600000,14.789999961853027,103.44999694824219,4.34,4.105999946594238,-0.23400005340576158,1.0374425770278537,0,0.0,0.0,0.0,0.0,0.0,
18/01/2024,4780.93994140625,4785.7900390625,4740.56982421875,4760.10009765625,4019000000,14.130000114440918,103.54000091552734,4.34,4.144000053405762,-0.19599994659423814,1.0329293454738728,0,0.0,0.0,0.0,0.0,0.0,
19/01/2024,4839.81005859375,4842.06982421875,4785.8701171875,4796.27978515625,4287200000,13.300000190734863,103.29000091552734,4.39,4.145999908447266,-0.24400009155273406,1.0727821320418844,0,0.0,0.0,0.0,0.0,0.0,
22/01/2024,4850.43017578125,4868.41015625,4844.0498046875,4853.419921875,4297610000,13.1899995803833,103.33000183105469,4.37,4.093999862670898,-0.27600013732910167,1.0334291029271443,0,0.0,0.0,0.0,0.0,0.0,
23/01/2024,4864.60009765625,4866.47998046875,4844.3701171875,4856.7998046875,3912800000,12.550000190734863,103.62000274658203,4.31,4.142000198364258,-0.1679998016357418,0.9568989509034146,0,0.0,0.0,0.0,0.0,0.0,
24/01/2024,4868.5498046875,4903.68017578125,4865.93994140625,4888.56005859375,4330030000,13.140000343322754,103.23999786376953,4.34,4.177999973297119,-0.16200002670288072,1.038543861264933,0,0.0,0.0,0.0,0.0,0.0,
25/01/2024,4894.16015625,4898.14990234375,4869.33984375,4886.66015625,4020430000,13.449999809265137,103.56999969482422,4.28,4.131999969482422,-0.14800003051757837,0.9642211485283768,0,0.0,0.0,0.0,0.0,0.0,
26/01/2024,4890.97021484375,4906.68994140625,4881.47021484375,4888.91015625,3353400000,13.260000228881836,103.47000122070312,4.34,4.159999847412109,-0.18000015258789048,0.8419590574999737,0,0.0,0.0,0.0,0.0,0.0,
29/01/2024,4927.93017578125,4929.31005859375,4887.39990234375,4892.9501953125,3525160000,13.600000381469727,103.61000061035156,4.29,4.091000080108643,-0.19899991989135746,0.920800634422432,0,0.0,0.0,0.0,0.0,0.0,
30/01/2024,4924.97021484375,4931.08984375,4916.27001953125,4925.89013671875,3836130000,13.3100004196167,103.4000015258789,4.36,4.059000015258789,-0.30099998474121126,1.006058174207913,0,0.0,0.0,0.0,0.0,0.0,
31/01/2024,4845.64990234375,4906.75,4845.14990234375,4899.18994140625,4696120000,14.350000381469727,103.2699966430664,4.27,3.9670000076293945,-0.30299999237060504,1.2083943176040233,1,0.9464285714285714,0.016220666565026,0.1879194630872483,0.6342281879194631,0.1778523489932885,0.0
01/02/2024,4906.18994140625,4906.97021484375,4853.52001953125,4861.10986328125,4386090000,13.880000114440918,103.05000305175781,4.2,3.86299991607666,-0.33700008392334,1.1077719238870731,0,0.0,0.0,0.0,0.0,0.0,
02/02/2024,4958.60986328125,4975.2900390625,4907.990234375,4916.06005859375,3974350000,13.850000381469727,103.91999816894531,4.36,4.0329999923706055,-0.32700000762939485,0.9732537950861624,0,0.0,0.0,0.0,0.0,0.0,
05/02/2024,4942.81005859375,4957.18994140625,4918.08984375,4957.18994140625,4023640000,13.670000076293945,104.44999694824219,4.46,4.164000034332275,-0.2959999656677246,0.961841776258072,0,0.0,0.0,0.0,0.0,0.0,
06/02/2024,4954.22998046875,4957.77001953125,4934.8798828125,4950.16015625,4440880000,13.0600004196167,104.18000030517578,4.39,4.090000152587891,-0.29999984741210906,1.031751194642648,0,0.0,0.0,0.0,0.0,0.0,
07/02/2024,4995.06005859375,4999.89013671875,4969.0498046875,4973.0498046875,4895590000,12.829999923706055,104.04000091552734,4.41,4.110000133514404,-0.29999986648559585,1.1269489032275886,0,0.0,0.0,0.0,0.0,0.0,
08/02/2024,4997.91015625,5000.39990234375,4987.08984375,4995.16015625,4341860000,12.789999961853027,104.1500015258789,4.46,4.170000076293945,-0.28999992370605465,1.0015214759700908,0,0.0,0.0,0.0,0.0,0.0,
09/02/2024,5026.60986328125,5030.06005859375,5000.33984375,5004.169921875,3912990000,12.930000305175781,104.08000183105469,4.48,4.186999797821045,-0.2930002021789555,0.9051578166233016,0,0.0,0.0,0.0,0.0,0.0,
12/02/2024,5021.83984375,5048.39013671875,5016.830078125,5026.830078125,3805740000,13.930000305175781,104.16999816894531,4.46,4.171999931335449,-0.28800006866455075,0.8893137655360129,0,0.0,0.0,0.0,0.0,0.0,
13/02/2024,4953.169921875,4971.2998046875,4920.31005859375,4967.93994140625,4302190000,15.850000381469727,104.95999908447266,4.64,4.315999984741211,-0.32400001525878874,1.0118814377583982,0,0.0,0.0,0.0,0.0,0.0,
14/02/2024,5000.6201171875,5002.52001953125,4956.4501953125,4976.43994140625,3845600000,14.380000114440918,104.72000122070312,4.56,4.267000198364258,-0.2929998016357418,0.9514864625467256,0,0.0,0.0,0.0,0.0,0.0,
15/02/2024,5029.72998046875,5032.72021484375,4999.43994140625,5003.14013671875,4137970000,14.010000228881836,104.30000305175781,4.56,4.239999771118164,-0.32000022888183555,1.034260308560728,0,0.0,0.0,0.0,0.0,0.0,
16/02/2024,5005.56982421875,5038.7001953125,4999.52001953125,5031.1298828125,3833270000,14.239999771118164,104.27999877929688,4.64,4.295000076293945,-0.34499992370605437,0.9619358215929218,0,0.0,0.0,0.0,0.0,0.0,
20/02/2024,4975.509765625,4993.7099609375,4955.02001953125,4989.31982421875,4034880000,15.420000076293945,104.08000183105469,4.59,4.275000095367432,-0.3149999046325682,1.001016676168545,0,0.0,0.0,0.0,0.0,0.0,
21/02/2024,4981.7998046875,4983.2099609375,4946.0,4963.02978515625,3788390000,15.34000015258789,104.01000213623047,4.64,4.324999809265137,-0.31500019073486296,0.9644523375887406,0,0.0,0.0,0.0,0.0,0.0,
22/02/2024,5087.02978515625,5094.39013671875,5038.830078125,5038.830078125,4051710000,14.539999961853027,103.95999908447266,4.69,4.327000141143799,-0.36299985885620156,1.0207762485752954,0,0.0,0.0,0.0,0.0,0.0,
23/02/2024,5088.7998046875,5111.06005859375,5081.4599609375,5100.919921875,3672790000,13.75,103.94000244140625,4.67,4.260000228881836,-0.409999771118164,0.9475213920408811,0,0.0,0.0,0.0,0.0,0.0,
26/02/2024,5069.52978515625,5097.66015625,5068.91015625,5093.0,3683930000,13.739999771118164,103.83000183105469,4.69,4.298999786376953,-0.39100021362304727,0.9577754436685264,0,0.0,0.0,0.0,0.0,0.0,
27/02/2024,5078.18017578125,5080.68994140625,5057.2900390625,5074.60009765625,3925950000,13.430000305175781,103.83000183105469,4.7,4.315000057220459,-0.3849999427795412,1.0265118494862409,0,0.0,0.0,0.0,0.0,0.0,
28/02/2024,5069.759765625,5077.3701171875,5058.35009765625,5067.2001953125,3789370000,13.84000015258789,103.9800033569336,4.64,4.27400016784668,-0.36599983215332,0.9907497222040657,0,0.0,0.0,0.0,0.0,0.0,
29/02/2024,5096.27001953125,5104.990234375,5061.89013671875,5085.35986328125,5219740000,13.399999618530273,104.16000366210938,4.64,4.251999855041504,-0.3880001449584958,1.2861710505436192,0,0.0,0.0,0.0,0.0,0.0,
01/03/2024,5137.080078125,5140.330078125,5094.16015625,5098.509765625,4748110000,13.109999656677246,103.86000061035156,4.54,4.179999828338623,-0.360000171661377,1.1110796504907077,0,0.0,0.0,0.0,0.0,0.0,
04/03/2024,5130.9501953125,5149.669921875,5127.18017578125,5130.990234375,4758440000,13.489999771118164,103.83000183105469,4.61,4.218999862670898,-0.3910001373291019,1.0601824022429762,0,0.0,0.0,0.0,0.0,0.0,
05/03/2024,5078.64990234375,5114.5400390625,5056.81982421875,5110.52001953125,4418410000,14.460000038146973,103.80000305175781,4.54,4.13700008392334,-0.4029999160766602,0.9632851909844176,0,0.0,0.0,0.0,0.0,0.0,
06/03/2024,5104.759765625,5127.97021484375,5092.22021484375,5108.02978515625,4559050000,14.5,103.37000274658203,4.55,4.104000091552734,-0.44599990844726545,0.961672731107947,0,0.0,0.0,0.0,0.0,0.0,
07/03/2024,5157.35986328125,5165.6201171875,5128.2099609375,5132.3798828125,4137980000,14.4399995803833,102.81999969482422,4.5,4.0920000076293945,-0.40799999237060547,0.9145923943914748,0,0.0,0.0,0.0,0.0,0.0,
08/03/2024,5123.68994140625,5189.259765625,5117.5,5164.4599609375,4208870000,14.739999771118164,102.73999786376953,4.48,4.089000225067139,-0.39099977493286175,0.9529768710871608,0,0.0,0.0,0.0,0.0,0.0,
11/03/2024,5117.93994140625,5124.66015625,5091.14013671875,5111.9599609375,3896430000,15.220000267028809,102.87000274658203,4.51,4.104000091552734,-0.4059999084472654,0.9180711888463832,0,0.0,0.0,0.0,0.0,0.0,
12/03/2024,5175.27001953125,5179.8701171875,5114.47998046875,5134.2998046875,4080510000,13.84000015258789,102.95999908447266,4.58,4.15500020980835,-0.42499979019165046,0.977000733616692,0,0.0,0.0,0.0,0.0,0.0,
13/03/2024,5165.31005859375,5179.14013671875,5151.8798828125,5173.490234375,4282890000,13.75,102.79000091552734,4.61,4.191999912261963,-0.41800008773803743,1.0391994246525884,0,0.0,0.0,0.0,0.0,0.0,
14/03/2024,5150.47998046875,5176.85009765625,5123.2998046875,5175.14013671875,4687970000,14.399999618530273,103.36000061035156,4.68,4.297999858856201,-0.38200014114379854,1.1079177394174036,0,0.0,0.0,0.0,0.0,0.0,
15/03/2024,5117.08984375,5136.85986328125,5104.35009765625,5123.31005859375,7753670000,14.40999984741211,103.43000030517578,4.72,4.303999900817871,-0.41600009918212866,1.5694754198839178,0,0.0,0.0,0.0,0.0,0.0,
18/03/2024,5149.419921875,5175.60009765625,5145.47021484375,5154.77001953125,4036220000,14.329999923706055,103.58000183105469,4.73,4.340000152587891,-0.3899998474121098,0.8124024304725284,0,0.0,0.0,0.0,0.0,0.0,
19/03/2024,5178.509765625,5180.31005859375,5131.58984375,5139.08984375,4031760000,13.819999694824219,103.80999755859375,4.68,4.296999931335449,-0.3830000686645505,0.8131004081474607,0,0.0,0.0,0.0,0.0,0.0,
20/03/2024,5224.6201171875,5226.18994140625,5171.5498046875,5181.68994140625,4064850000,13.039999961853027,103.41000366210938,4.59,4.2729997634887695,-0.3170002365112303,0.8270473381521555,1,1.0714285714285714,0.0248497401986385,0.1834061135371179,0.6200873362445415,0.1965065502183406,0.0
21/03/2024,5241.52978515625,5261.10009765625,5240.66015625,5253.43017578125,4207730000,12.920000076293945,104.0,4.62,4.270999908447266,-0.3490000915527345,0.8731820855034587,0,0.0,0.0,0.0,0.0,0.0,
22/03/2024,5234.18017578125,5246.08984375,5229.8701171875,5242.47998046875,3374700000,13.0600004196167,104.43000030517578,4.59,4.2179999351501465,-0.3720000648498534,0.8558598770698433,0,0.0,0.0,0.0,0.0,0.0,
25/03/2024,5218.18994140625,5229.08984375,5216.08984375,5219.52001953125,3331360000,13.1899995803833,104.2300033569336,4.54,4.252999782562256,-0.2870002174377442,0.8761940832386483,0,0.0,0.0,0.0,0.0,0.0,
26/03/2024,5203.580078125,5235.16015625,5203.419921875,5228.85009765625,3871790000,13.239999771118164,104.29000091552734,4.56,4.234000205993652,-0.32599979400634727,1.0269765729482032,0,0.0,0.0,0.0,0.0,0.0,
27/03/2024,5248.490234375,5249.259765625,5213.919921875,5226.31005859375,3850500000,12.779999732971191,104.3499984741211,4.54,4.196000099182129,-0.34399990081787113,1.033076698533168,0,0.0,0.0,0.0,0.0,0.0,
28/03/2024,5254.35009765625,5264.85009765625,5245.81982421875,5248.02978515625,3998270000,13.010000228881836,104.55000305175781,4.59,4.205999851226807,-0.3840001487731932,1.0849168214246565,0,0.0,0.0,0.0,0.0,0.0,
01/04/2024,5243.77001953125,5263.9501953125,5229.2001953125,5257.97021484375,3325930000,13.649999618530273,105.0199966430664,4.72,4.328999996185303,-0.391000003814697,0.9048746180864464,0,0.0,0.0,0.0,0.0,0.0,
02/04/2024,5205.81005859375,5208.33984375,5184.0498046875,5204.2900390625,3886590000,14.609999656677246,104.81999969482422,4.7,4.364999771118164,-0.3350002288818361,1.0264019377724067,0,0.0,0.0,0.0,0.0,0.0,
03/04/2024,5211.490234375,5228.75,5194.3701171875,5194.3701171875,3703250000,14.329999923706055,104.25,4.68,4.355000019073486,-0.3249999809265134,0.9867681275426948,0,0.0,0.0,0.0,0.0,0.0,
04/04/2024,5147.2099609375,5256.58984375,5146.06005859375,5244.0498046875,4075680000,16.350000381469727,104.12000274658203,4.65,4.309000015258789,-0.3409999847412113,1.073127987142517,0,0.0,0.0,0.0,0.0,0.0,
05/04/2024,5204.33984375,5222.18017578125,5157.2099609375,5158.9501953125,3386780000,16.030000686645508,104.30000305175781,4.73,4.377999782562256,-0.35200021743774457,0.921410821390308,0,0.0,0.0,0.0,0.0,0.0,
08/04/2024,5202.39013671875,5219.56982421875,5197.35009765625,5211.3701171875,3278180000,15.1899995803833,104.13999938964844,4.78,4.423999786376953,-0.3560002136230471,0.8941882591181464,0,0.0,0.0,0.0,0.0,0.0,
09/04/2024,5209.91015625,5224.81005859375,5160.77978515625,5217.02978515625,3400680000,14.979999542236328,104.1500015258789,4.74,4.366000175476074,-0.373999824523926,0.9528612905774698,0,0.0,0.0,0.0,0.0,0.0,
10/04/2024,5160.64013671875,5178.43017578125,5138.7001953125,5167.8798828125,3845930000,15.800000190734863,105.25,4.97,4.559999942779541,-0.41000005722045874,1.069071147618452,0,0.0,0.0,0.0,0.0,0.0,
11/04/2024,5199.06005859375,5211.77978515625,5138.77001953125,5172.9501953125,3509380000,14.90999984741211,105.27999877929688,4.93,4.576000213623047,-0.35399978637695284,1.0072298009006395,0,0.0,0.0,0.0,0.0,0.0,
12/04/2024,5123.41015625,5175.02978515625,5107.93994140625,5171.509765625,3963220000,17.309999465942383,106.04000091552734,4.88,4.499000072479248,-0.38099992752075185,1.1010540972885512,0,0.0,0.0,0.0,0.0,0.0,
15/04/2024,5061.81982421875,5168.43017578125,5052.47021484375,5149.669921875,3950210000,19.229999542236328,106.20999908447266,4.93,4.627999782562256,-0.30200021743774386,1.0579359187377004,0,0.0,0.0,0.0,0.0,0.0,
16/04/2024,5051.41015625,5079.83984375,5039.830078125,5064.58984375,4006200000,18.399999618530273,106.26000213623047,4.97,4.658999919891357,-0.31100008010864233,1.03922502482498,0,0.0,0.0,0.0,0.0,0.0,
17/04/2024,5022.2099609375,5077.9599609375,5007.25,5068.97021484375,3596130000,18.209999084472656,105.94999694824219,4.93,4.585000038146973,-0.34499996185302706,0.945099484156227,0,0.0,0.0,0.0,0.0,0.0,
18/04/2024,5011.1201171875,5056.66015625,5001.89013671875,5031.52001953125,3619760000,18.0,106.1500015258789,4.98,4.646999835968018,-0.33300016403198285,0.9458222196208936,0,0.0,0.0,0.0,0.0,0.0,
19/04/2024,4967.22998046875,5019.02001953125,4953.56005859375,5005.43994140625,3878750000,18.709999084472656,106.1500015258789,4.97,4.614999771118164,-0.3550002288818357,1.0179885098196688,0,0.0,0.0,0.0,0.0,0.0,
22/04/2024,5010.60009765625,5038.83984375,4969.39990234375,4987.330078125,3820250000,16.940000534057617,106.08000183105469,4.97,4.623000144958496,-0.34699985504150366,1.009521650179773,0,0.0,0.0,0.0,0.0,0.0,
23/04/2024,5070.5498046875,5076.1201171875,5027.9599609375,5028.85009765625,3751400000,15.6899995803833,105.69000244140625,4.86,4.5980000495910645,-0.26199995040893587,1.0048595623447405,0,0.0,0.0,0.0,0.0,0.0,
24/04/2024,5071.6298828125,5089.47998046875,5047.02001953125,5084.85986328125,3656740000,15.970000267028809,105.86000061035156,4.89,4.6519999504089355,-0.23800004959106413,0.9763335095504329,0,0.0,0.0,0.0,0.0,0.0,
25/04/2024,5048.419921875,5057.75,4990.580078125,5019.8798828125,3958050000,15.369999885559082,105.5999984741211,4.96,4.705999851226807,-0.2540001487731933,1.038030567752013,0,0.0,0.0,0.0,0.0,0.0,
26/04/2024,5099.9599609375,5114.6201171875,5073.14013671875,5084.64990234375,3604140000,15.029999732971191,105.94000244140625,4.96,4.669000148773193,-0.2909998512268066,0.9590284067868048,0,0.0,0.0,0.0,0.0,0.0,
29/04/2024,5116.169921875,5123.490234375,5088.64990234375,5114.1298828125,3447450000,14.670000076293945,105.58000183105469,4.97,4.613999843597412,-0.35600015640258764,0.9359026983708134,0,0.0,0.0,0.0,0.0,0.0,
30/04/2024,5035.68994140625,5110.830078125,5035.31005859375,5103.77978515625,4082470000,15.649999618530273,106.22000122070312,5.04,4.685999870300293,-0.35400012969970707,1.0887254418270986,0,0.0,0.0,0.0,0.0,0.0,
01/05/2024,5018.39013671875,5096.1201171875,5013.4501953125,5029.02978515625,4544170000,15.390000343322754,105.76000213623047,4.96,4.59499979019165,-0.3650002098083496,1.1570852524001491,1,1.0,0.0147420759822656,0.1605839416058394,0.6788321167883211,0.1605839416058394,0.0
02/05/2024,5064.2001953125,5073.2099609375,5011.0498046875,5049.31982421875,4381660000,14.680000305175781,105.30000305175781,4.87,4.571000099182129,-0.2989999008178712,1.092144573075924,0,0.0,0.0,0.0,0.0,0.0,
03/05/2024,5127.7900390625,5139.1201171875,5101.22021484375,5122.77978515625,3924990000,13.489999771118164,105.02999877929688,4.81,4.5,-0.3099999999999996,0.9629164593631044,0,0.0,0.0,0.0,0.0,0.0,
06/05/2024,5180.740234375,5181.0,5142.419921875,5142.419921875,3683250000,13.489999771118164,105.05000305175781,4.82,4.488999843597412,-0.3310001564025882,0.8932754962762908,0,0.0,0.0,0.0,0.0,0.0,
07/05/2024,5187.7001953125,5200.22998046875,5178.9599609375,5187.2001953125,3987890000,13.229999542236328,105.41000366210938,4.82,4.4629998207092285,-0.35700017929077177,0.9716152843100756,0,0.0,0.0,0.0,0.0,0.0,
08/05/2024,5187.669921875,5191.9501953125,5165.85986328125,5168.97998046875,3842100000,13.0,105.55000305175781,4.84,4.492000102996826,-0.3479998970031737,0.9692536134156144,0,0.0,0.0,0.0,0.0,0.0,
09/05/2024,5214.080078125,5215.2998046875,5180.41015625,5189.02978515625,3727370000,12.6899995803833,105.2300033569336,4.8,4.448999881744385,-0.35100011825561506,0.9724115081187128,0,0.0,0.0,0.0,0.0,0.0,
10/05/2024,5222.68017578125,5239.66015625,5209.68017578125,5225.490234375,3617900000,12.550000190734863,105.30999755859375,4.87,4.504000186920166,-0.3659998130798341,0.9592221230627446,0,0.0,0.0,0.0,0.0,0.0,
13/05/2024,5221.419921875,5237.259765625,5211.16015625,5233.080078125,4255710000,13.600000381469727,105.22000122070312,4.85,4.480999946594238,-0.36900005340576136,1.0950842906967588,0,0.0,0.0,0.0,0.0,0.0,
14/05/2024,5246.68017578125,5250.3701171875,5217.97998046875,5221.10009765625,4763580000,13.420000076293945,105.01000213623047,4.81,4.445000171661377,-0.36499982833862266,1.178715334449137,0,0.0,0.0,0.0,0.0,0.0,
15/05/2024,5308.14990234375,5311.759765625,5263.259765625,5263.259765625,4360810000,12.449999809265137,104.3499984741211,4.73,4.355999946594238,-0.37400005340576215,1.0520463567116052,0,0.0,0.0,0.0,0.0,0.0,
16/05/2024,5297.10009765625,5325.490234375,5296.18994140625,5310.06982421875,3817470000,12.420000076293945,104.45999908447266,4.78,4.376999855041504,-0.40300014495849634,0.916979054520508,0,0.0,0.0,0.0,0.0,0.0,
17/05/2024,5303.27001953125,5305.4501953125,5283.58984375,5303.10009765625,3578120000,11.989999771118164,104.44999694824219,4.83,4.420000076293945,-0.40999992370605476,0.8611314473791244,0,0.0,0.0,0.0,0.0,0.0,
20/05/2024,5308.1298828125,5325.31982421875,5302.39990234375,5305.35009765625,3420100000,12.149999618530273,104.56999969482422,4.82,4.436999797821045,-0.38300020217895536,0.8575943526806312,0,0.0,0.0,0.0,0.0,0.0,
21/05/2024,5321.41015625,5324.31982421875,5297.8701171875,5298.68994140625,3662240000,11.859999656677246,104.66000366210938,4.82,4.414000034332275,-0.4059999656677249,0.9719970656211616,0,0.0,0.0,0.0,0.0,0.0,
22/05/2024,5307.009765625,5323.18017578125,5286.009765625,5319.27978515625,3847130000,12.289999961853027,104.94000244140625,4.86,4.434000015258789,-0.42599998474121126,1.049690969633933,0,0.0,0.0,0.0,0.0,0.0,
23/05/2024,5267.83984375,5341.8798828125,5256.93017578125,5340.259765625,3869520000,12.770000457763672,105.11000061035156,4.91,4.474999904632568,-0.4350000953674318,1.0528097181765794,0,0.0,0.0,0.0,0.0,0.0,
24/05/2024,5304.72021484375,5311.64990234375,5278.39013671875,5281.4501953125,3005510000,11.930000305175781,104.72000122070312,4.93,4.4670000076293945,-0.4629999923706052,0.8440310033980174,0,0.0,0.0,0.0,0.0,0.0,
28/05/2024,5306.0400390625,5315.91015625,5280.89013671875,5315.91015625,3751540000,12.920000076293945,104.61000061035156,4.94,4.541999816894531,-0.39800018310546914,1.0342833070687265,0,0.0,0.0,0.0,0.0,0.0,
29/05/2024,5266.9501953125,5282.27001953125,5262.7001953125,5278.72998046875,3552750000,14.279999732971191,105.0999984741211,4.96,4.624000072479248,-0.3359999275207519,0.9854269698138014,0,0.0,0.0,0.0,0.0,0.0,
30/05/2024,5235.47998046875,5260.2099609375,5222.10009765625,5259.77001953125,3818750000,14.470000267028809,104.72000122070312,4.92,4.553999900817871,-0.36600009918212884,1.0608776385467995,0,0.0,0.0,0.0,0.0,0.0,
31/05/2024,5277.509765625,5280.330078125,5191.68017578125,5243.2099609375,5437160000,12.920000076293945,104.66999816894531,4.89,4.513999938964844,-0.37600006103515593,1.3894614608925513,0,0.0,0.0,0.0,0.0,0.0,
03/06/2024,5283.39990234375,5302.10986328125,5234.31982421875,5297.14990234375,4046920000,13.109999656677246,104.13999938964844,4.82,4.4019999504089355,-0.41800004959106474,0.9819227529125856,0,0.0,0.0,0.0,0.0,0.0,
04/06/2024,5291.33984375,5298.7998046875,5257.6298828125,5278.240234375,3707900000,13.15999984741211,104.11000061035156,4.77,4.335999965667725,-0.43400003433227496,0.9015740526408954,0,0.0,0.0,0.0,0.0,0.0,
05/06/2024,5354.02978515625,5354.16015625,5297.64013671875,5314.47998046875,3591460000,12.630000114440918,104.2699966430664,4.72,4.289000034332275,-0.43099996566772436,0.8716209296196181,0,0.0,0.0,0.0,0.0,0.0,
06/06/2024,5352.9599609375,5362.35009765625,5335.35986328125,5357.7998046875,3609990000,12.579999923706055,104.0999984741211,4.72,4.281000137329102,-0.4389998626708982,0.8850865205117531,0,0.0,0.0,0.0,0.0,0.0,
07/06/2024,5346.990234375,5375.080078125,5331.330078125,5343.81005859375,3692760000,12.220000267028809,104.88999938964844,4.87,4.429999828338623,-0.44000017166137706,0.9900675799223874,0,0.0,0.0,0.0,0.0,0.0,
10/06/2024,5360.7900390625,5365.7900390625,5331.52001953125,5341.22021484375,3622280000,12.739999771118164,105.1500015258789,4.87,4.468999862670898,-0.40100013732910167,0.9938000668335126,0,0.0,0.0,0.0,0.0,0.0,
11/06/2024,5375.31982421875,5375.9501953125,5327.25,5353.0,3568030000,12.850000381469727,105.2300033569336,4.81,4.4039998054504395,-0.40600019454956016,0.9864873383424057,0,0.0,0.0,0.0,0.0,0.0,
12/06/2024,5421.02978515625,5447.25,5409.1298828125,5409.1298828125,3962840000,12.039999961853027,104.6500015258789,4.75,4.295000076293945,-0.4549999237060547,1.0735970611024117,1,1.5869565217391304,0.0721063883975148,0.1442006269592476,0.6269592476489029,0.2288401253918495,0.0
13/06/2024,5433.740234375,5441.93017578125,5402.509765625,5441.93017578125,3530380000,11.9399995803833,105.19999694824219,4.68,4.23799991607666,-0.44200008392333956,0.9605801823980792,0,0.0,0.0,0.0,0.0,0.0,
14/06/2024,5431.60009765625,5432.39013671875,5403.75,5424.080078125,3438650000,12.65999984741211,105.55000305175781,4.67,4.2129998207092285,-0.4570001792907714,0.9487407144173604,0,0.0,0.0,0.0,0.0,0.0,
17/06/2024,5473.22998046875,5488.5,5420.39990234375,5431.10986328125,3447840000,12.75,105.31999969482422,4.75,4.2789998054504395,-0.47100019454956055,0.960522049015642,0,0.0,0.0,0.0,0.0,0.0,
18/06/2024,5487.02978515625,5490.3798828125,5471.31982421875,5476.14990234375,3544330000,12.300000190734863,105.26000213623047,4.69,4.2170000076293945,-0.47299999237060586,0.9887084608157536,0,0.0,0.0,0.0,0.0,0.0,
20/06/2024,5473.169921875,5505.52978515625,5455.56005859375,5499.990234375,3847060000,13.279999732971191,105.58999633789062,4.7,4.254000186920166,-0.44599981307983416,1.0801336009245148,0,0.0,0.0,0.0,0.0,0.0,
21/06/2024,5464.6201171875,5478.31005859375,5452.02978515625,5466.77001953125,6773800000,13.199999809265137,105.80000305175781,4.7,4.256999969482422,-0.4430000305175783,1.6088502200299453,0,0.0,0.0,0.0,0.0,0.0,
24/06/2024,5447.8701171875,5490.66015625,5447.58984375,5459.580078125,3696750000,13.329999923706055,105.47000122070312,4.71,4.248000144958496,-0.46199985504150387,0.8673834267646123,0,0.0,0.0,0.0,0.0,0.0,
25/06/2024,5469.2998046875,5472.8798828125,5446.56005859375,5460.72998046875,3591960000,12.84000015258789,105.61000061035156,4.65,4.23799991607666,-0.4120000839233402,0.837134507012711,0,0.0,0.0,0.0,0.0,0.0,
26/06/2024,5477.89990234375,5483.14013671875,5451.8701171875,5460.7099609375,3563920000,12.550000190734863,106.05000305175781,4.71,4.315999984741211,-0.394000015258789,0.8298418189125288,0,0.0,0.0,0.0,0.0,0.0,
27/06/2024,5482.8701171875,5490.81005859375,5467.5400390625,5473.58984375,3589530000,12.239999771118164,105.91000366210938,4.7,4.288000106811523,-0.41199989318847674,0.8459504071463182,0,0.0,0.0,0.0,0.0,0.0,
28/06/2024,5460.47998046875,5523.64013671875,5451.1201171875,5488.47998046875,7199220000,12.4399995803833,105.87000274658203,4.71,4.3429999351501465,-0.3670000648498535,1.6632996601880288,0,0.0,0.0,0.0,0.0,0.0,
01/07/2024,5475.08984375,5479.5498046875,5446.52978515625,5471.080078125,3488760000,12.220000267028809,105.9000015258789,4.77,4.479000091552734,-0.2909999084472652,0.8138609897920954,0,0.0,0.0,0.0,0.0,0.0,
02/07/2024,5509.009765625,5509.68994140625,5458.43017578125,5461.83984375,3329950000,12.029999732971191,105.72000122070312,4.74,4.435999870300293,-0.30400012969970724,0.7864272428155368,0,0.0,0.0,0.0,0.0,0.0,
03/07/2024,5537.02001953125,5539.27001953125,5507.419921875,5507.43994140625,2179470000,12.09000015258789,105.4000015258789,4.71,4.355000019073486,-0.35499998092651364,0.5507347526877591,0,0.0,0.0,0.0,0.0,0.0,
05/07/2024,5567.18994140625,5570.330078125,5531.6298828125,5537.91015625,3253080000,12.479999542236328,104.87999725341797,4.6,4.271999835968018,-0.32800016403198207,0.8362467147340322,0,0.0,0.0,0.0,0.0,0.0,
08/07/2024,5572.85009765625,5583.10986328125,5562.509765625,5572.75,3185670000,12.369999885559082,105.01000213623047,4.62,4.269000053405762,-0.3509999465942384,1.0318340499050005,0,0.0,0.0,0.0,0.0,0.0,
09/07/2024,5576.97998046875,5590.75,5574.56982421875,5584.240234375,3232920000,12.510000228881836,105.12000274658203,4.62,4.300000190734863,-0.3199998092651368,1.0647852031705234,0,0.0,0.0,0.0,0.0,0.0,
10/07/2024,5633.91015625,5635.39013671875,5586.43994140625,5591.259765625,3336100000,12.850000381469727,105.05000305175781,4.62,4.28000020980835,-0.3399997901916505,1.0983233293211934,0,0.0,0.0,0.0,0.0,0.0,
11/07/2024,5584.5400390625,5642.4501953125,5576.52978515625,5635.2099609375,4020950000,12.920000076293945,104.44000244140625,4.5,4.192999839782715,-0.30700016021728516,1.1806377696033523,0,0.0,0.0,0.0,0.0,0.0,
12/07/2024,5615.35009765625,5655.56005859375,5590.43994140625,5590.759765625,3700280000,12.460000038146973,104.08999633789062,4.45,4.189000129699707,-0.26099987030029315,1.0586796002728325,0,0.0,0.0,0.0,0.0,0.0,
15/07/2024,5631.22021484375,5666.93994140625,5614.75,5638.16015625,3620470000,13.119999885559082,104.19000244140625,4.44,4.229000091552734,-0.21099990844726602,1.0106991790391453,0,0.0,0.0,0.0,0.0,0.0,
16/07/2024,5667.2001953125,5669.669921875,5639.02001953125,5644.08984375,4041760000,13.1899995803833,104.2699966430664,4.43,4.166999816894531,-0.26300018310546847,1.079555288692683,0,0.0,0.0,0.0,0.0,0.0,
17/07/2024,5588.27001953125,5622.490234375,5584.81005859375,5610.06982421875,4246450000,14.479999542236328,103.75,4.42,4.145999908447266,-0.2740000915527343,1.0816274756226596,0,0.0,0.0,0.0,0.0,0.0,
18/07/2024,5544.58984375,5614.0498046875,5522.81005859375,5608.56005859375,4007510000,15.930000305175781,104.16999816894531,4.46,4.189000129699707,-0.27099987030029293,1.0214656357642329,0,0.0,0.0,0.0,0.0,0.0,
19/07/2024,5505.0,5557.5,5497.0400390625,5543.3701171875,3760570000,16.520000457763672,104.4000015258789,4.49,4.238999843597412,-0.2510001564025881,0.9555866921180112,0,0.0,0.0,0.0,0.0,0.0,
22/07/2024,5564.41015625,5570.35986328125,5529.0400390625,5544.5400390625,3375180000,14.90999984741211,104.30999755859375,4.5,4.260000228881836,-0.23999977111816406,0.8684829300099272,0,0.0,0.0,0.0,0.0,0.0,
23/07/2024,5555.740234375,5585.33984375,5550.89990234375,5565.2998046875,3500210000,14.720000267028809,104.44999694824219,4.4,4.238999843597412,-0.16100015640258825,0.9264756018024428,0,0.0,0.0,0.0,0.0,0.0,
24/07/2024,5427.1298828125,5508.0400390625,5419.97998046875,5505.83984375,3945550000,18.040000915527344,104.38999938964844,4.37,4.285999774932861,-0.08400022506713878,1.0612582051124804,0,0.0,0.0,0.0,0.0,0.0,
25/07/2024,5399.22021484375,5491.58984375,5390.9501953125,5428.7001953125,4592120000,18.459999084472656,104.36000061035156,4.41,4.25600004196167,-0.15399995803833022,1.1975092874953777,0,0.0,0.0,0.0,0.0,0.0,
26/07/2024,5459.10009765625,5488.31982421875,5430.7001953125,5433.669921875,3638770000,16.389999389648438,104.31999969482422,4.36,4.199999809265137,-0.1600001907348636,0.9549660058902478,0,0.0,0.0,0.0,0.0,0.0,
29/07/2024,5463.5400390625,5487.740234375,5444.43994140625,5476.5498046875,3379970000,16.600000381469727,104.55999755859375,4.36,4.177999973297119,-0.18200002670288118,0.8868230567645259,0,0.0,0.0,0.0,0.0,0.0,
30/07/2024,5436.43994140625,5489.4599609375,5401.7001953125,5478.72998046875,3777740000,17.690000534057617,104.55000305175781,4.35,4.14300012588501,-0.20699987411498988,0.9769604559807388,0,0.0,0.0,0.0,0.0,0.0,
31/07/2024,5522.2998046875,5551.509765625,5493.75,5505.58984375,4546910000,16.360000610351562,104.0999984741211,4.29,4.109000205993652,-0.1809997940063477,1.1404047350682276,1,1.2105263157894737,0.0411357245329845,0.1328671328671328,0.7062937062937062,0.1608391608391608,0.0
01/08/2024,5446.68017578125,5566.16015625,5410.419921875,5537.83984375,4703620000,18.59000015258789,104.41999816894531,4.16,3.9760000705718994,-0.18399992942810073,1.1731475167618513,0,0.0,0.0,0.0,0.0,0.0,
02/08/2024,5346.56005859375,5383.89013671875,5302.02978515625,5376.6298828125,5156450000,23.389999389648438,103.20999908447266,3.88,3.7920000553131104,-0.08799994468688954,1.1955771216743667,0,0.0,0.0,0.0,0.0,0.0,
05/08/2024,5186.330078125,5250.89013671875,5119.259765625,5151.14013671875,5333250000,38.56999969482422,102.69000244140625,3.89,3.7850000858306885,-0.10499991416931165,1.1338669961735643,0,0.0,0.0,0.0,0.0,0.0,
06/08/2024,5240.02978515625,5312.33984375,5193.56005859375,5206.419921875,4690190000,27.709999084472656,102.97000122070312,3.99,3.888000011444092,-0.10199998855590842,0.9599077707219116,0,0.0,0.0,0.0,0.0,0.0,
07/08/2024,5199.5,5330.64013671875,5195.5400390625,5293.1298828125,4558260000,27.850000381469727,103.19999694824219,4.0,3.9679999351501465,-0.032000064849853516,0.9324733847016808,0,0.0,0.0,0.0,0.0,0.0,
08/08/2024,5319.31005859375,5328.02978515625,5233.85009765625,5252.56982421875,4016830000,23.790000915527344,103.20999908447266,4.04,3.996999979019165,-0.043000020980834996,0.8454711391043057,0,0.0,0.0,0.0,0.0,0.0,
09/08/2024,5344.16015625,5358.669921875,5300.83984375,5314.66015625,3516400000,20.3700008392334,103.13999938964844,4.05,3.941999912261963,-0.10800008773803693,0.7950285169340351,0,0.0,0.0,0.0,0.0,0.0,
12/08/2024,5344.39013671875,5371.2001953125,5324.3701171875,5351.8798828125,3360160000,20.709999084472656,103.13999938964844,4.01,3.9089999198913574,-0.10100008010864236,0.8341243898273445,0,0.0,0.0,0.0,0.0,0.0,
13/08/2024,5434.43017578125,5436.5,5376.97998046875,5376.97998046875,3648980000,18.1200008392334,102.55999755859375,3.93,3.8519999980926514,-0.07800000190734879,0.9551988599328922,0,0.0,0.0,0.0,0.0,0.0,
14/08/2024,5455.2099609375,5463.22021484375,5415.91015625,5442.35986328125,3380050000,16.190000534057617,102.56999969482422,3.94,3.819999933242798,-0.1200000667572021,0.942966965398646,0,0.0,0.0,0.0,0.0,0.0,
15/08/2024,5543.22021484375,5546.22998046875,5501.1298828125,5501.1298828125,3723310000,15.229999542236328,102.9800033569336,4.08,3.9260001182556152,-0.15399988174438484,1.0560244825258525,0,0.0,0.0,0.0,0.0,0.0,
16/08/2024,5554.25,5561.97998046875,5525.169921875,5530.5,3357690000,14.800000190734863,102.45999908447266,4.06,3.8919999599456787,-0.1680000400543209,0.960976955602658,0,0.0,0.0,0.0,0.0,0.0,
19/08/2024,5608.25,5608.2998046875,5550.740234375,5557.22998046875,3222050000,14.649999618530273,101.88999938964844,4.06,3.867000102996826,-0.19299989700317344,0.929504710340594,0,0.0,0.0,0.0,0.0,0.0,
20/08/2024,5597.1201171875,5620.509765625,5585.5,5602.8798828125,2994420000,15.880000114440918,101.44000244140625,3.99,3.818000078201294,-0.17199992179870627,0.8977413908063069,0,0.0,0.0,0.0,0.0,0.0,
21/08/2024,5620.85009765625,5632.68017578125,5591.56982421875,5603.08984375,3119670000,16.270000457763672,101.04000091552734,3.92,3.7780001163482666,-0.14199988365173333,0.9501259049992872,0,0.0,0.0,0.0,0.0,0.0,
22/08/2024,5570.64013671875,5643.22021484375,5560.9501953125,5637.77001953125,2981530000,17.549999237060547,101.51000213623047,3.99,3.861999988555908,-0.128000011444092,0.951024410284676,0,0.0,0.0,0.0,0.0,0.0,
23/08/2024,5634.60986328125,5641.81982421875,5585.16015625,5602.490234375,3291940000,15.859999656677246,100.72000122070312,3.9,3.806999921798706,-0.09300007820129386,1.05445940033095,0,0.0,0.0,0.0,0.0,0.0,
26/08/2024,5616.83984375,5651.6201171875,5602.33984375,5639.66015625,2938570000,16.149999618530273,100.8499984741211,3.91,3.818000078201294,-0.0919999217987062,0.9586797188853284,0,0.0,0.0,0.0,0.0,0.0,
27/08/2024,5625.7998046875,5631.18017578125,5593.47998046875,5602.89013671875,2798990000,15.430000305175781,100.55000305175781,3.83,3.8329999446868896,0.0029999446868895774,0.9249373789712306,0,0.0,0.0,0.0,0.0,0.0,
28/08/2024,5592.18017578125,5627.02978515625,5560.9501953125,5624.509765625,3053450000,17.110000610351562,101.08999633789062,3.83,3.8410000801086426,0.011000080108642507,1.0134601393476574,0,0.0,0.0,0.0,0.0,0.0,
29/08/2024,5591.9599609375,5646.9501953125,5583.7099609375,5607.2998046875,3065640000,15.649999618530273,101.33999633789062,3.87,3.867000102996826,-0.0029998970031739347,1.0118565490253548,0,0.0,0.0,0.0,0.0,0.0,
30/08/2024,5648.39990234375,5651.3701171875,5581.7900390625,5612.740234375,4185850000,15.0,101.69999694824219,3.91,3.9110000133514404,0.0010000133514402876,1.304612747389746,0,0.0,0.0,0.0,0.0,0.0,
03/09/2024,5528.93017578125,5623.89013671875,5504.330078125,5623.89013671875,3866350000,20.719999313354492,101.83000183105469,3.88,3.8440001010894775,-0.035999898910522354,1.1391532726625606,0,0.0,0.0,0.0,0.0,0.0,
04/09/2024,5520.06982421875,5552.990234375,5503.66015625,5506.68017578125,3478140000,21.31999969482422,101.36000061035156,3.76,3.7679998874664307,0.007999887466430877,0.9853406030676344,0,0.0,0.0,0.0,0.0,0.0,
05/09/2024,5503.41015625,5546.2998046875,5480.5400390625,5520.080078125,3521650000,19.899999618530273,101.11000061035156,3.75,3.7309999465942383,-0.01900005340576172,0.9718848436578074,0,0.0,0.0,0.0,0.0,0.0,
06/09/2024,5408.419921875,5522.47021484375,5402.6201171875,5507.330078125,3822800000,22.3799991607666,101.18000030517578,3.66,3.7100000381469727,0.050000038146972514,1.0126735184868283,0,0.0,0.0,0.0,0.0,0.0,
09/09/2024,5471.0498046875,5484.2001953125,5434.490234375,5442.06982421875,3825940000,19.450000762939453,101.55000305175781,3.68,3.697000026702881,0.0170000267028807,1.0332068044729428,0,0.0,0.0,0.0,0.0,0.0,
10/09/2024,5495.52001953125,5497.91015625,5441.72021484375,5490.509765625,3848180000,19.079999923706055,101.62999725341797,3.59,3.6459999084472656,0.05599990844726577,1.0402336415503082,0,0.0,0.0,0.0,0.0,0.0,
11/09/2024,5554.1298828125,5560.41015625,5406.9599609375,5496.419921875,3839450000,17.690000534057617,101.68000030517578,3.62,3.6530001163482666,0.033000116348266495,1.0179886329529824,0,0.0,0.0,0.0,0.0,0.0,
12/09/2024,5595.759765625,5600.7099609375,5535.5,5557.47998046875,3655070000,17.06999969482422,101.37000274658203,3.64,3.680000066757202,0.040000066757202024,0.962294065115652,0,0.0,0.0,0.0,0.0,0.0,
13/09/2024,5626.02001953125,5636.27001953125,5601.64990234375,5603.33984375,3500790000,16.559999465942383,101.11000061035156,3.57,3.6500000953674316,0.0800000953674318,0.9375728128818072,0,0.0,0.0,0.0,0.0,0.0,
16/09/2024,5633.08984375,5636.0498046875,5604.52978515625,5615.2099609375,3437070000,17.139999389648438,100.76000213623047,3.56,3.621000051498413,0.06100005149841303,0.940088815659914,0,0.0,0.0,0.0,0.0,0.0,
17/09/2024,5634.580078125,5670.81005859375,5614.0498046875,5655.509765625,3443600000,17.610000610351562,100.88999938964844,3.59,3.6419999599456787,0.05199995994567885,0.9631919480778116,0,0.0,0.0,0.0,0.0,0.0,
18/09/2024,5618.259765625,5689.75,5615.080078125,5641.68017578125,3691390000,18.229999542236328,100.5999984741211,3.61,3.684999942779541,0.07499994277954114,1.0411232677042763,1,1.148936170212766,0.0459505661140614,0.166077738515901,0.6431095406360424,0.1908127208480565,0.0
19/09/2024,5713.64013671875,5733.56982421875,5686.419921875,5702.6298828125,4024530000,16.329999923706055,100.61000061035156,3.59,3.740000009536743,0.1500000095367433,1.1119095692304632,0,0.0,0.0,0.0,0.0,0.0,
20/09/2024,5702.5498046875,5715.14013671875,5674.490234375,5709.64013671875,7867260000,16.149999618530273,100.72000122070312,3.55,3.7279999256134033,0.1779999256134035,1.7510934234336502,0,0.0,0.0,0.0,0.0,0.0,
23/09/2024,5718.56982421875,5725.35986328125,5704.22021484375,5711.89990234375,3529550000,15.890000343322754,100.91999816894531,3.57,3.739000082015991,0.16900008201599137,0.7823856983826712,0,0.0,0.0,0.0,0.0,0.0,
24/09/2024,5732.93017578125,5735.31982421875,5698.990234375,5727.66015625,3872710000,15.390000343322754,100.37000274658203,3.49,3.7360000610351562,0.24600006103515604,0.8424267710341852,0,0.0,0.0,0.0,0.0,0.0,
25/09/2024,5722.259765625,5741.02978515625,5712.06005859375,5733.64990234375,3624910000,15.40999984741211,100.91999816894531,3.53,3.7809998989105225,0.25099989891052266,0.790810316000377,0,0.0,0.0,0.0,0.0,0.0,
26/09/2024,5745.3701171875,5767.3701171875,5721.009765625,5762.22021484375,4391180000,15.369999885559082,100.55999755859375,3.6,3.7909998893737793,0.1909998893737792,0.9428956338270718,0,0.0,0.0,0.0,0.0,0.0,
27/09/2024,5738.169921875,5763.77978515625,5727.33984375,5755.35986328125,3898530000,16.959999084472656,100.41999816894531,3.55,3.749000072479248,0.19900007247924822,1.00909929553841,0,0.0,0.0,0.0,0.0,0.0,
30/09/2024,5762.47998046875,5765.14013671875,5703.52978515625,5726.52001953125,4425730000,16.729999542236328,100.77999877929688,3.66,3.802000045776367,0.14200004577636705,1.0947699160839577,0,0.0,0.0,0.0,0.0,0.0,
01/10/2024,5708.75,5757.72998046875,5681.27978515625,5757.72998046875,4025180000,19.260000228881836,101.19000244140625,3.61,3.743000030517578,0.13300003051757825,0.9882335495319788,0,0.0,0.0,0.0,0.0,0.0,
02/10/2024,5709.5400390625,5719.6298828125,5674.0,5698.14013671875,3829050000,18.899999618530273,101.68000030517578,3.63,3.7850000858306885,0.15500008583068858,0.9307514413211296,0,0.0,0.0,0.0,0.0,0.0,
03/10/2024,5699.93994140625,5718.77978515625,5677.3701171875,5698.18994140625,3597450000,20.489999771118164,101.98999786376953,3.7,3.8499999046325684,0.14999990463256818,0.9095522134472496,0,0.0,0.0,0.0,0.0,0.0,
04/10/2024,5751.06982421875,5753.2099609375,5702.830078125,5737.47998046875,3479400000,19.209999084472656,102.5199966430664,3.93,3.9809999465942383,0.05099994659423812,0.8987534619598994,0,0.0,0.0,0.0,0.0,0.0,
07/10/2024,5695.93994140625,5739.33984375,5686.85009765625,5737.7998046875,3637790000,22.639999389648438,102.54000091552734,3.99,4.026000022888184,0.03600002288818338,0.9795399504654834,0,0.0,0.0,0.0,0.0,0.0,
08/10/2024,5751.1298828125,5757.60009765625,5714.56005859375,5719.14013671875,3393400000,21.420000076293945,102.55000305175781,3.98,4.0329999923706055,0.052999992370605487,0.9459170913453632,0,0.0,0.0,0.0,0.0,0.0,
09/10/2024,5792.0400390625,5796.7998046875,5745.02001953125,5751.7998046875,3650340000,20.860000610351562,102.93000030517578,3.99,4.066999912261963,0.07699991226196268,1.0277795609734672,0,0.0,0.0,0.0,0.0,0.0,
10/10/2024,5780.0498046875,5795.02978515625,5764.759765625,5778.35986328125,3208790000,20.93000030517578,102.98999786376953,3.98,4.0960001945495605,0.11600019454956056,0.9236734961761042,0,0.0,0.0,0.0,0.0,0.0,
11/10/2024,5815.02978515625,5822.1298828125,5775.08984375,5775.08984375,3208720000,20.459999084472656,102.88999938964844,3.95,4.072999954223633,0.12299995422363263,0.938274897304176,0,0.0,0.0,0.0,0.0,0.0,
14/10/2024,5859.85009765625,5871.41015625,5829.56982421875,5829.81005859375,3005250000,19.700000762939453,103.30000305175781,3.95,4.0980000495910645,0.12299995422363263,0.9125345398232776,0,0.0,0.0,0.0,0.0,0.0,
15/10/2024,5815.259765625,5870.35986328125,5804.47998046875,5866.740234375,3882120000,20.639999389648438,103.26000213623047,3.95,4.038000106811523,0.08800010681152326,1.1448155789190586,0,0.0,0.0,0.0,0.0,0.0,
16/10/2024,5842.47021484375,5846.52001953125,5808.33984375,5816.580078125,3467230000,19.579999923706055,103.58999633789062,3.93,4.015999794006348,0.0859997940063475,1.0336296387276258,0,0.0,0.0,0.0,0.0,0.0,
17/10/2024,5841.47021484375,5878.4599609375,5840.25,5875.6201171875,3480010000,19.110000610351562,103.83000183105469,3.96,4.0960001945495605,0.13600019454956058,1.0209301820712269,0,0.0,0.0,0.0,0.0,0.0,
18/10/2024,5864.669921875,5872.169921875,5846.10986328125,5859.43017578125,3374490000,18.030000686645508,103.48999786376953,3.95,4.072999954223633,0.12299995422363263,0.9804376754159136,0,0.0,0.0,0.0,0.0,0.0,
21/10/2024,5853.97998046875,5866.919921875,5824.7900390625,5857.81982421875,3407010000,18.3700008392334,104.01000213623047,4.02,4.182000160217285,0.16200016021728558,0.967303697831906,0,0.0,0.0,0.0,0.0,0.0,
22/10/2024,5851.2001953125,5863.0400390625,5821.169921875,5832.7001953125,3342080000,18.200000762939453,104.08000183105469,4.03,4.203999996185303,0.17399999618530249,0.9788867787253336,0,0.0,0.0,0.0,0.0,0.0,
23/10/2024,5797.419921875,5834.85009765625,5762.41015625,5834.5,3532650000,19.239999771118164,104.43000030517578,4.07,4.242000102996826,0.1720001029968259,1.030754121090741,0,0.0,0.0,0.0,0.0,0.0,
24/10/2024,5809.85986328125,5817.7998046875,5784.919921875,5817.7998046875,3543030000,19.079999923706055,104.05999755859375,4.07,4.199999809265137,0.12999980926513643,1.029994895129209,0,0.0,0.0,0.0,0.0,0.0,
25/10/2024,5808.1201171875,5862.81982421875,5799.97998046875,5826.75,3501280000,20.329999923706055,104.26000213623047,4.11,4.23199987411499,0.12199987411498991,1.0104091815503244,0,0.0,0.0,0.0,0.0,0.0,
28/10/2024,5823.52001953125,5842.919921875,5823.080078125,5833.93017578125,3691280000,19.799999237060547,104.31999969482422,4.12,4.2779998779296875,0.1579998779296874,1.048044555692344,0,0.0,0.0,0.0,0.0,0.0,
29/10/2024,5832.919921875,5847.18994140625,5802.169921875,5819.68017578125,3879100000,19.34000015258789,104.27999877929688,4.11,4.27400016784668,0.16400016784667937,1.0687792260463518,0,0.0,0.0,0.0,0.0,0.0,
30/10/2024,5813.669921875,5850.93994140625,5811.27978515625,5832.64990234375,3851120000,20.350000381469727,103.98999786376953,4.15,4.265999794006348,0.1159997940063473,1.0427703956663694,0,0.0,0.0,0.0,0.0,0.0,
31/10/2024,5705.4501953125,5775.33984375,5702.85986328125,5775.33984375,4425660000,23.15999984741211,103.9800033569336,4.16,4.283999919891357,0.12399991989135728,1.1436735984916613,0,0.0,0.0,0.0,0.0,0.0,
01/11/2024,5728.7998046875,5772.52001953125,5723.22021484375,5723.22021484375,3796450000,21.8799991607666,104.27999877929688,4.21,4.361000061035156,0.15100006103515629,0.9663320540369108,0,0.0,0.0,0.0,0.0,0.0,
04/11/2024,5712.68994140625,5741.43017578125,5696.509765625,5725.14990234375,3602060000,21.979999542236328,103.88999938964844,4.17,4.309000015258789,0.13900001525878913,0.9210361458475564,0,0.0,0.0,0.0,0.0,0.0,
05/11/2024,5782.759765625,5783.43994140625,5722.10009765625,5722.43017578125,3768310000,20.489999771118164,103.41999816894531,4.19,4.289000034332275,0.099000034332275,0.9690360838527844,0,0.0,0.0,0.0,0.0,0.0,
06/11/2024,5929.0400390625,5936.14013671875,5864.89013671875,5864.89013671875,6329530000,16.270000457763672,105.08999633789062,4.27,4.426000118255615,0.15600011825561566,1.4436472750445786,0,0.0,0.0,0.0,0.0,0.0,
07/11/2024,5973.10009765625,5983.83984375,5947.2099609375,5947.2099609375,4925740000,15.199999809265137,104.51000213623047,4.21,4.341000080108643,0.1310000801086426,1.0984123246316468,1,1.375,0.0523104914556084,0.1264822134387351,0.6996047430830039,0.1739130434782608,0.0
08/11/2024,5995.5400390625,6012.4501953125,5976.759765625,5976.759765625,4666740000,14.9399995803833,105.0,4.26,4.306000232696533,0.046000232696533416,1.001773970714886,0,0.0,0.0,0.0,0.0,0.0,
11/11/2024,6001.35009765625,6017.31005859375,5986.68994140625,6008.85986328125,4333000000,14.970000267028809,105.54000091552734,4.26,4.308000087738037,0.046000232696533416,0.9018320531883188,0,0.0,0.0,0.0,0.0,0.0,
12/11/2024,5983.990234375,6009.919921875,5960.080078125,6003.60009765625,4243400000,14.710000038146973,106.0199966430664,4.34,4.432000160217285,0.0920001602172853,0.8660562052802611,0,0.0,0.0,0.0,0.0,0.0,
13/11/2024,5985.3798828125,6008.18994140625,5965.91015625,5985.75,4220180000,14.020000457763672,106.4800033569336,4.27,4.451000213623047,0.1810002136230473,0.9424647573413086,0,0.0,0.0,0.0,0.0,0.0,
14/11/2024,5949.169921875,5993.8798828125,5942.27978515625,5989.68017578125,4184570000,14.3100004196167,106.66999816894531,4.34,4.418000221252441,0.07800022125244155,0.9665075903471424,0,0.0,0.0,0.0,0.0,0.0,
15/11/2024,5870.6201171875,5915.31982421875,5853.009765625,5912.7900390625,4590960000,16.139999389648438,106.69000244140625,4.31,4.427999973297119,0.11799997329711953,1.0640961871601804,0,0.0,0.0,0.0,0.0,0.0,
18/11/2024,5893.6201171875,5908.1201171875,5865.9501953125,5874.169921875,3983860000,15.579999923706055,106.27999877929688,4.29,4.414000034332275,0.12400003433227536,0.9385726879885332,0,0.0,0.0,0.0,0.0,0.0,
19/11/2024,5916.97998046875,5923.509765625,5855.2900390625,5870.0498046875,4036940000,16.350000381469727,106.20999908447266,4.27,4.379000186920166,0.10900018692016644,0.9604211165412336,0,0.0,0.0,0.0,0.0,0.0,
20/11/2024,5917.10986328125,5920.669921875,5860.56005859375,5914.33984375,3772620000,17.15999984741211,106.68000030517578,4.31,4.406000137329102,0.09600013732910195,0.9170667438055904,0,0.0,0.0,0.0,0.0,0.0,
21/11/2024,5948.7099609375,5963.31982421875,5887.259765625,5940.580078125,4230120000,16.8700008392334,106.97000122070312,4.34,4.432000160217285,0.0920001602172853,1.0260059666739432,0,0.0,0.0,0.0,0.0,0.0,
22/11/2024,5969.33984375,5972.89990234375,5944.35986328125,5944.35986328125,4141420000,15.239999771118164,107.48999786376953,4.37,4.409999847412109,0.03999984741210927,1.0268852504542534,0,0.0,0.0,0.0,0.0,0.0,
25/11/2024,5987.3701171875,6020.75,5963.91015625,5992.27978515625,5633150000,14.600000381469727,106.81999969482422,4.21,4.264999866485596,0.05499986648559574,1.2911628866451976,0,0.0,0.0,0.0,0.0,0.0,
26/11/2024,6021.6298828125,6025.419921875,5992.27001953125,6000.02978515625,3835170000,14.100000381469727,107.01000213623047,4.21,4.302000045776367,0.09200004577636722,0.887258195264958,0,0.0,0.0,0.0,0.0,0.0,
27/11/2024,5998.740234375,6020.16015625,5984.8701171875,6014.10986328125,3363340000,14.100000381469727,106.08000183105469,4.19,4.242000102996826,0.05200010299682578,0.7931208496830667,0,0.0,0.0,0.0,0.0,0.0,
29/11/2024,6032.3798828125,6044.169921875,6003.97998046875,6003.97998046875,2444420000,13.510000228881836,105.73999786376953,4.13,4.177999973297119,0.04799997329711925,0.629437363203296,0,0.0,0.0,0.0,0.0,0.0,
02/12/2024,6047.14990234375,6053.580078125,6035.330078125,6040.10986328125,4412470000,13.34000015258789,106.44999694824219,4.17,4.196000099182129,0.026000099182128977,1.1205675379852758,0,0.0,0.0,0.0,0.0,0.0,
03/12/2024,6049.8798828125,6052.06982421875,6033.39013671875,6042.97021484375,4095000000,13.300000190734863,106.37000274658203,4.17,4.2230000495910645,0.053000049591064524,1.1280743124118475,0,0.0,0.0,0.0,0.0,0.0,
04/12/2024,6086.490234375,6089.83984375,6061.06005859375,6069.39013671875,4003390000,13.449999809265137,106.33999633789062,4.13,4.179999828338623,0.04999982833862315,1.0927105862777873,0,0.0,0.0,0.0,0.0,0.0,
05/12/2024,6075.10986328125,6094.5498046875,6072.89990234375,6089.02978515625,4212020000,13.539999961853027,105.70999908447266,4.15,4.179999828338623,0.02999982833862269,1.0987515195150073,0,0.0,0.0,0.0,0.0,0.0,
06/12/2024,6090.27001953125,6099.97021484375,6079.97998046875,6081.3798828125,3924830000,12.770000457763672,105.97000122070312,4.1,4.151000022888184,0.05100002288818395,0.950427432388386,0,0.0,0.0,0.0,0.0,0.0,
09/12/2024,6052.85009765625,6088.509765625,6048.6298828125,6083.009765625,4556460000,14.1899995803833,106.1500015258789,4.13,4.198999881744385,0.06899988174438487,1.0957401270699365,0,0.0,0.0,0.0,0.0,0.0,
10/12/2024,6034.91015625,6065.39990234375,6029.89013671875,6057.58984375,4048410000,14.180000305175781,106.4000015258789,4.15,4.2210001945495605,0.07100019454956019,0.9757504298603382,0,0.0,0.0,0.0,0.0,0.0,
11/12/2024,6084.18994140625,6092.58984375,6060.14990234375,6060.14990234375,4269950000,13.579999923706055,106.70999908447266,4.15,4.270999908447266,0.12099990844726527,1.0160901061172196,0,0.0,0.0,0.0,0.0,0.0,
12/12/2024,6051.25,6079.68017578125,6051.25,6074.2900390625,3678010000,13.920000076293945,106.95999908447266,4.18,4.323999881744385,0.14399988174438505,0.8980542698726319,0,0.0,0.0,0.0,0.0,0.0,
13/12/2024,6051.08984375,6078.580078125,6035.77001953125,6068.169921875,3584960000,13.8100004196167,107.0,4.25,4.39900016784668,0.1490001678466797,0.8901076036645531,0,0.0,0.0,0.0,0.0,0.0,
16/12/2024,6074.080078125,6085.18994140625,6059.14013671875,6063.7900390625,4391100000,14.6899995803833,106.86000061035156,4.25,4.396999835968018,0.14699983596801758,1.0992903717774951,0,0.0,0.0,0.0,0.0,0.0,
17/12/2024,6050.60986328125,6057.68017578125,6035.18994140625,6052.5498046875,4544500000,15.869999885559082,106.95999908447266,4.25,4.385000228881836,0.13500022888183594,1.1101193442417918,0,0.0,0.0,0.0,0.0,0.0,
18/12/2024,5872.16015625,6070.669921875,5867.7900390625,6047.64990234375,5246960000,27.6200008392334,108.02999877929688,4.35,4.49399995803833,0.14399995803833043,1.2233225292170442,1,1.123076923076923,0.0322720582258295,0.1969696969696969,0.5818181818181818,0.2212121212121212,0.0
19/12/2024,5867.080078125,5935.52001953125,5866.06982421875,5912.7099609375,4896880000,24.09000015258789,108.41000366210938,4.32,4.570000171661377,0.25000017166137667,1.080302147861845,0,0.0,0.0,0.0,0.0,0.0,
20/12/2024,5930.85009765625,5982.06005859375,5832.2998046875,5842.0,8223220000,18.360000610351562,107.62000274658203,4.3,4.52400016784668,0.22400016784667987,1.505937516710826,0,0.0,0.0,0.0,0.0,0.0,
23/12/2024,5974.06982421875,5978.25,5902.56982421875,5940.25,3593280000,16.780000686645508,108.04000091552734,4.3,4.598999977111816,0.2989999771118166,0.6778535542942346,0,0.0,0.0,0.0,0.0,0.0,
24/12/2024,6040.0400390625,6040.10009765625,5981.43994140625,5984.6298828125,1757720000,14.270000457763672,108.26000213623047,4.29,4.591000080108643,0.30100008010864254,0.3705446398229872,0,0.0,0.0,0.0,0.0,0.0,
26/12/2024,6037.58984375,6049.75,6007.3701171875,6024.97021484375,2904530000,14.729999542236328,108.12999725341797,4.3,4.578999996185303,0.2789999961853029,0.6794021977363942,0,0.0,0.0,0.0,0.0,0.0,
27/12/2024,5970.83984375,6006.169921875,5932.9501953125,6006.169921875,3159610000,15.949999809265137,108.0,4.31,4.61899995803833,0.30899995803833047,0.8044485384726627,0,0.0,0.0,0.0,0.0,0.0,
30/12/2024,5906.93994140625,5940.7900390625,5869.16015625,5920.669921875,3433250000,17.399999618530273,108.12999725341797,4.24,4.545000076293945,0.3050000762939451,1.1561017726500988,0,0.0,0.0,0.0,0.0,0.0,
31/12/2024,5881.6298828125,5929.740234375,5868.85986328125,5919.740234375,3128350000,17.350000381469727,108.48999786376953,4.25,4.572999954223633,0.3229999542236328,1.0874817324899573,0,0.0,0.0,0.0,0.0,0.0,
02/01/2025,5868.5498046875,5935.08984375,5829.52978515625,5903.259765625,3621680000,17.93000030517578,109.38999938964844,4.25,4.574999809265137,0.3249998092651367,1.1145400315865537,0,0.0,0.0,0.0,0.0,0.0,
03/01/2025,5942.47021484375,5949.33984375,5888.66015625,5891.06982421875,3667340000,16.1299991607666,108.94999694824219,4.28,4.5960001945495605,0.3160001945495603,1.0779807210131784,0,0.0,0.0,0.0,0.0,0.0,
06/01/2025,5975.3798828125,6021.0400390625,5960.009765625,5982.81005859375,4940120000,16.040000915527344,108.26000213623047,4.28,4.618000030517578,0.3380000305175779,1.314509167813508,0,0.0,0.0,0.0,0.0,0.0,
07/01/2025,5909.02978515625,6000.68017578125,5890.68017578125,5993.259765625,4517330000,17.81999969482422,108.54000091552734,4.3,4.683000087738037,0.3830000877380373,1.1364455124625028,0,0.0,0.0,0.0,0.0,0.0,
08/01/2025,5918.25,5927.89013671875,5874.77978515625,5910.66015625,4441740000,17.700000762939453,109.08999633789062,4.28,4.692999839782715,0.4129998397827146,1.048163105802708,0,0.0,0.0,0.0,0.0,0.0,
10/01/2025,5827.0400390625,5890.35009765625,5807.77978515625,5890.35009765625,4751930000,19.540000915527344,109.6500015258789,4.4,4.776000022888184,0.37600002288818324,1.0645738998120835,0,0.0,0.0,0.0,0.0,0.0,
13/01/2025,5836.22021484375,5838.60986328125,5773.31005859375,5782.02001953125,4421200000,19.190000534057617,109.95999908447266,4.4,4.802999973297119,0.4029999732971188,0.958117779226363,0,0.0,0.0,0.0,0.0,0.0,
14/01/2025,5842.91015625,5871.919921875,5805.419921875,5859.27001953125,4142280000,18.709999084472656,109.2699966430664,4.37,4.788000106811523,0.41800010681152333,0.9298264201902804,0,0.0,0.0,0.0,0.0,0.0,
15/01/2025,5949.91015625,5960.60986328125,5905.2099609375,5905.2099609375,4544570000,16.1200008392334,109.08999633789062,4.27,4.6529998779296875,0.3829998779296879,1.0188832968936925,0,0.0,0.0,0.0,0.0,0.0,
16/01/2025,5937.33984375,5964.68994140625,5930.72021484375,5963.60986328125,4285810000,16.600000381469727,108.95999908447266,4.23,4.605999946594238,0.37599994659423785,0.9676353835198472,0,0.0,0.0,0.0,0.0,0.0,
17/01/2025,5996.66015625,6014.9599609375,5978.43994140625,5995.39990234375,4366830000,15.970000267028809,109.3499984741211,4.27,4.609000205993652,0.33900020599365277,1.0033758120721357,0,0.0,0.0,0.0,0.0,0.0,
21/01/2025,6049.240234375,6051.509765625,6006.8798828125,6014.1201171875,4702920000,15.0600004196167,108.05999755859375,4.29,4.573999881744385,0.28399988174438473,1.066788976341516,0,0.0,0.0,0.0,0.0,0.0,
22/01/2025,6086.3701171875,6100.81005859375,6076.1298828125,6081.39013671875,4323040000,15.100000381469727,108.16999816894531,4.29,4.598999977111816,0.30899997711181637,0.9726425167966586,0,0.0,0.0,0.0,0.0,0.0,
23/01/2025,6118.7099609375,6118.72998046875,6074.669921875,6076.31982421875,4432250000,15.020000457763672,108.05000305175781,4.29,4.638000011444092,0.34800001144409176,1.0022794239027446,0,0.0,0.0,0.0,0.0,0.0,
24/01/2025,6101.240234375,6128.18017578125,6088.740234375,6121.43017578125,4214250000,14.850000381469727,107.44000244140625,4.27,4.625999927520752,0.3559999275207524,0.956076624972946,0,0.0,0.0,0.0,0.0,0.0,
27/01/2025,6012.27978515625,6017.169921875,5962.919921875,5969.0400390625,5198750000,17.899999618530273,107.33999633789062,4.17,4.5279998779296875,0.35799987792968757,1.136527101102215,0,0.0,0.0,0.0,0.0,0.0,
28/01/2025,6067.7001953125,6074.5400390625,5994.6298828125,6026.97021484375,4473640000,16.40999984741211,107.87000274658203,4.19,4.551000118255615,0.36100011825561484,0.9879104828961136,0,0.0,0.0,0.0,0.0,0.0,
29/01/2025,6039.31005859375,6062.830078125,6012.9599609375,6057.7001953125,4115310000,16.559999465942383,108.0,4.21,4.554999828338623,0.3449998283386231,0.9171956209715524,1,1.5,0.0555369245031705,0.1048951048951049,0.7377622377622378,0.1573426573426573,0.0
30/01/2025,6071.169921875,6086.64013671875,6027.4599609375,6050.75,4634620000,15.84000015258789,107.80000305175781,4.18,4.51200008392334,0.33200008392334013,1.0237019124363806,0,0.0,0.0,0.0,0.0,0.0,
31/01/2025,6040.52978515625,6120.91015625,6030.93017578125,6096.7900390625,4843770000,16.43000030517578,108.37000274658203,4.22,4.568999767303467,0.34899976730346705,1.0409505851649332,0,0.0,0.0,0.0,0.0,0.0,
03/02/2025,5994.56982421875,6022.1298828125,5923.93017578125,5969.64990234375,4797210000,18.6200008392334,108.98999786376953,4.26,4.543000221252441,0.2830002212524416,1.0490497298219297,0,0.0,0.0,0.0,0.0,0.0,
04/02/2025,6037.8798828125,6042.47998046875,5990.8701171875,5998.14013671875,4410160000,17.209999084472656,107.95999908447266,4.21,4.513000011444092,0.30300001144409183,0.9670949652801382,0,0.0,0.0,0.0,0.0,0.0,
05/02/2025,6061.47998046875,6062.85986328125,6007.06005859375,6020.4501953125,4756250000,15.770000457763672,107.58000183105469,4.17,4.421999931335449,0.2519999313354493,1.0144714553060936,0,0.0,0.0,0.0,0.0,0.0,
06/02/2025,6083.56982421875,6084.02978515625,6046.830078125,6072.22021484375,4847120000,15.5,107.69000244140625,4.21,4.440000057220459,0.23000005722045902,1.024565717066217,0,0.0,0.0,0.0,0.0,0.0,
07/02/2025,6025.990234375,6101.27978515625,6019.9599609375,6083.1298828125,4766900000,16.540000915527344,108.04000091552734,4.29,4.486999988555908,0.19699998855590817,1.010894220117026,0,0.0,0.0,0.0,0.0,0.0,
10/02/2025,6066.43994140625,6073.3798828125,6044.83984375,6046.39990234375,4458760000,15.8100004196167,108.31999969482422,4.28,4.493000030517578,0.21300003051757788,0.9593191501080718,0,0.0,0.0,0.0,0.0,0.0,
11/02/2025,6068.5,6076.27978515625,6042.33984375,6049.31982421875,4324880000,16.020000457763672,107.95999908447266,4.29,4.5370001792907715,0.24700017929077145,0.9339416107257912,0,0.0,0.0,0.0,0.0,0.0,
12/02/2025,6051.97021484375,6063.0,6003.0,6025.080078125,4627960000,15.890000343322754,107.94000244140625,4.36,4.63700008392334,0.2770000839233395,1.0049588241272114,0,0.0,0.0,0.0,0.0,0.0,
13/02/2025,6115.06982421875,6116.91015625,6050.9501953125,6060.58984375,4763800000,15.100000381469727,107.30999755859375,4.31,4.525000095367432,0.21500009536743203,1.0382132567353752,0,0.0,0.0,0.0,0.0,0.0,
14/02/2025,6114.6298828125,6127.47021484375,6107.6201171875,6115.52001953125,4335190000,14.770000457763672,106.56999969482422,4.26,4.4720001220703125,0.2120001220703127,0.9629223401074783,0,0.0,0.0,0.0,0.0,0.0,
18/02/2025,6129.580078125,6129.6298828125,6099.509765625,6121.60009765625,4684980000,15.350000381469727,107.05000305175781,4.29,4.544000148773193,0.2540001487731933,1.0302632603254371,0,0.0,0.0,0.0,0.0,0.0,
19/02/2025,6144.14990234375,6147.43017578125,6111.14990234375,6117.759765625,4562330000,15.270000457763672,107.16999816894531,4.28,4.534999847412109,0.2549998474121091,0.992922078883063,0,0.0,0.0,0.0,0.0,0.0,
20/02/2025,6117.52001953125,6134.5,6084.58984375,6134.5,4813690000,15.65999984741211,106.33999633789062,4.28,4.5,0.21999999999999975,1.03922540553774,0,0.0,0.0,0.0,0.0,0.0,
21/02/2025,6013.1298828125,6114.81982421875,6008.56005859375,6114.10009765625,5434560000,18.209999084472656,106.61000061035156,4.19,4.420000076293945,0.23000007629394492,1.1402410750815648,0,0.0,0.0,0.0,0.0,0.0,
24/02/2025,5983.25,6043.64990234375,5977.830078125,6026.68994140625,4990120000,18.979999542236328,106.5999984741211,4.13,4.39300012588501,0.26300012588500987,1.0189874244864754,0,0.0,0.0,0.0,0.0,0.0,
25/02/2025,5955.25,5992.64990234375,5908.490234375,5982.72998046875,5374690000,19.43000030517578,106.30999755859375,4.07,4.297999858856201,0.2279998588562009,1.0674492033688456,0,0.0,0.0,0.0,0.0,0.0,
26/02/2025,5956.06005859375,6009.81982421875,5932.68994140625,5970.8701171875,4869580000,19.100000381469727,106.41999816894531,4.05,4.249000072479248,0.19900007247924822,0.9554700768837138,0,0.0,0.0,0.0,0.0,0.0,
27/02/2025,5861.56982421875,5993.68994140625,5858.77978515625,5981.8798828125,5057680000,21.1299991607666,107.23999786376953,4.07,4.284999847412109,0.2149998474121091,0.9829658995367836,0,0.0,0.0,0.0,0.0,0.0,
28/02/2025,5954.5,5959.39990234375,5837.66015625,5856.740234375,6441140000,19.6299991607666,107.61000061035156,3.99,4.230999946594238,0.24099994659423807,1.2047075528902067,0,0.0,0.0,0.0,0.0,0.0,
03/03/2025,5849.72021484375,5986.08984375,5810.91015625,5968.330078125,5613850000,22.780000686645508,106.75,3.96,4.179999828338623,0.21999982833862308,1.026037634326061,0,0.0,0.0,0.0,0.0,0.0,
04/03/2025,5778.14990234375,5865.080078125,5732.58984375,5811.97998046875,6138110000,23.510000228881836,105.73999786376953,3.96,4.210000038146973,0.2500000381469727,1.09139961223825,0,0.0,0.0,0.0,0.0,0.0,
05/03/2025,5842.6298828125,5860.58984375,5742.35009765625,5781.35986328125,5285970000,21.93000030517578,105.73999786376953,3.99,4.264999866485596,0.2749998664855955,0.9261688874871876,0,0.0,0.0,0.0,0.0,0.0,
06/03/2025,5738.52001953125,5812.080078125,5711.64013671875,5785.8701171875,5165080000,24.8700008392334,104.05999755859375,3.96,4.285999774932861,0.32599977493286136,0.9015942173183704,0,0.0,0.0,0.0,0.0,0.0,
07/03/2025,5770.2001953125,5783.009765625,5666.2900390625,5726.009765625,5705140000,23.3700008392334,103.83999633789062,3.99,4.316999912261963,0.3269999122619627,1.0221279447043248,0,0.0,0.0,0.0,0.0,0.0,
10/03/2025,5614.56005859375,5705.3701171875,5564.02001953125,5705.3701171875,6409370000,27.860000610351562,103.91000366210938,3.89,4.2129998207092285,0.3229998207092284,1.1164722141802772,0,0.0,0.0,0.0,0.0,0.0,
11/03/2025,5572.06982421875,5636.2998046875,5528.41015625,5603.64990234375,6221240000,26.920000076293945,103.44000244140625,3.94,4.288000106811523,0.3480001068115235,1.0805716508955494,0,0.0,0.0,0.0,0.0,0.0,
12/03/2025,5599.2998046875,5642.18994140625,5546.08984375,5624.83984375,5219830000,24.229999542236328,103.61000061035156,4.01,4.317999839782715,0.30799983978271506,0.9087238942280574,0,0.0,0.0,0.0,0.0,0.0,
13/03/2025,5521.52001953125,5597.77978515625,5504.64990234375,5594.4501953125,5018980000,24.65999984741211,103.83000183105469,3.94,4.27400016784668,0.33400016784667974,0.8782252465129822,0,0.0,0.0,0.0,0.0,0.0,
14/03/2025,5638.93994140625,5645.27001953125,5563.85009765625,5563.85009765625,4863180000,21.770000457763672,103.72000122070312,4.02,4.308000087738037,0.28800008773803754,0.8767984249583523,0,0.0,0.0,0.0,0.0,0.0,
17/03/2025,5675.1201171875,5703.52001953125,5631.1201171875,5635.60009765625,5031770000,20.510000228881836,103.37000274658203,4.06,4.306000232696533,0.2460002326965336,0.9546139252513756,0,0.0,0.0,0.0,0.0,0.0,
18/03/2025,5614.66015625,5654.52978515625,5597.759765625,5654.52978515625,4666270000,21.700000762939453,103.23999786376953,4.04,4.281000137329102,0.24100013732910153,0.9407791038962452,0,0.0,0.0,0.0,0.0,0.0,
19/03/2025,5675.2900390625,5715.330078125,5622.2001953125,5632.3701171875,4660090000,19.899999618530273,103.43000030517578,3.99,4.25600004196167,0.2660000419616697,0.96122818662648,1,1.0263157894736843,0.0084909242548471,0.1198738170347003,0.7570977917981072,0.1230283911671924,0.0
20/03/2025,5662.89013671875,5711.14990234375,5632.330078125,5646.919921875,4678420000,19.799999237060547,103.8499984741211,3.95,4.232999801635742,0.282999801635742,0.9787600110963596,0,0.0,0.0,0.0,0.0,0.0,
21/03/2025,5667.56005859375,5670.83984375,5603.10009765625,5630.72998046875,9367460000,19.280000686645508,104.08999633789062,3.94,4.251999855041504,0.31199985504150396,1.6489678746064376,0,0.0,0.0,0.0,0.0,0.0,
24/03/2025,5767.56982421875,5775.14013671875,5718.080078125,5718.080078125,4517990000,17.479999542236328,104.26000213623047,4.04,4.330999851226807,0.2909998512268066,0.8099592581344793,0,0.0,0.0,0.0,0.0,0.0,
25/03/2025,5776.64990234375,5786.9501953125,5760.419921875,5775.9599609375,4467340000,17.149999618530273,104.18000030517578,3.96,4.307000160217285,0.3470001602172852,0.8066324080126249,0,0.0,0.0,0.0,0.0,0.0,
26/03/2025,5712.2001953125,5783.6201171875,5694.41015625,5771.66015625,4183140000,18.329999923706055,104.55000305175781,3.98,4.3379998207092285,0.35799982070922853,0.7685540900297085,0,0.0,0.0,0.0,0.0,0.0,
27/03/2025,5693.31005859375,5732.27978515625,5670.93994140625,5695.64013671875,4403460000,18.690000534057617,104.06999969482422,3.97,4.36899995803833,0.3989999580383299,0.8172902207511009,0,0.0,0.0,0.0,0.0,0.0,
28/03/2025,5580.93994140625,5685.89013671875,5572.419921875,5679.2001953125,4513330000,21.649999618530273,104.04000091552734,3.89,4.255000114440918,0.36500011444091784,1.0217968907769257,0,0.0,0.0,0.0,0.0,0.0,
31/03/2025,5611.85009765625,5627.56005859375,5488.72998046875,5527.91015625,5257250000,22.280000686645508,104.20999908447266,3.89,4.245999813079834,0.35599981307983386,1.1516671544461834,0,0.0,0.0,0.0,0.0,0.0,
01/04/2025,5633.06982421875,5650.56982421875,5558.52001953125,5597.52978515625,4434500000,21.770000457763672,104.26000213623047,3.87,4.156000137329102,0.28600013732910146,0.9728330689093564,0,0.0,0.0,0.0,0.0,0.0,
02/04/2025,5670.97021484375,5695.31005859375,5571.47998046875,5580.759765625,4243830000,21.510000228881836,103.80999755859375,3.91,4.196000099182129,0.28600009918212876,0.9285317015259248,0,0.0,0.0,0.0,0.0,0.0,
03/04/2025,5396.52001953125,5499.52978515625,5390.830078125,5492.740234375,7210470000,30.020000457763672,102.06999969482422,3.71,4.054999828338623,0.3449998283386231,1.4050358972040633,0,0.0,0.0,0.0,0.0,0.0,
04/04/2025,5074.080078125,5292.14013671875,5069.89990234375,5292.14013671875,8853500000,45.310001373291016,103.0199966430664,3.68,3.984999895095825,0.30499989509582504,1.4756054674153445,0,0.0,0.0,0.0,0.0,0.0,
07/04/2025,5062.25,5246.56982421875,4835.0400390625,4953.7900390625,8691980000,46.97999954223633,103.26000213623047,3.73,4.15500020980835,0.4250002098083496,1.2998605024543672,0,0.0,0.0,0.0,0.0,0.0,
08/04/2025,4982.77001953125,5267.47021484375,4910.419921875,5193.56982421875,7408140000,52.33000183105469,102.95999908447266,3.71,4.26200008392334,0.5520000839233399,1.017380284289792,0,0.0,0.0,0.0,0.0,0.0,
09/04/2025,5456.89990234375,5481.33984375,4948.43017578125,4965.27978515625,9489600000,33.619998931884766,102.9000015258789,3.91,4.400000095367432,0.4900000953674315,1.1391067634103966,0,0.0,0.0,0.0,0.0,0.0,
10/04/2025,5268.0498046875,5353.14990234375,5115.27001953125,5353.14990234375,6677140000,40.720001220703125,100.87000274658203,3.84,4.394000053405762,0.5540000534057619,0.8119019386017049,0,0.0,0.0,0.0,0.0,0.0,
11/04/2025,5363.35986328125,5381.4599609375,5220.77001953125,5255.56005859375,5602550000,37.560001373291016,99.77999877929688,3.96,4.493000030517578,0.5330000305175782,0.7397197368535713,0,0.0,0.0,0.0,0.0,0.0,
14/04/2025,5405.97021484375,5459.4599609375,5358.02001953125,5441.9599609375,5031440000,30.889999389648438,99.63999938964844,3.84,4.363999843597412,0.5239998435974123,0.7353999123619108,0,0.0,0.0,0.0,0.0,0.0,
15/04/2025,5396.6298828125,5450.41015625,5386.43994140625,5411.990234375,4317110000,30.1200008392334,100.22000122070312,3.84,4.322999954223633,0.48299995422363295,0.693671218824957,0,0.0,0.0,0.0,0.0,0.0,
16/04/2025,5275.7001953125,5367.240234375,5220.7900390625,5335.75,4607750000,32.63999938964844,99.37999725341797,3.77,4.2789998054504395,0.5089998054504394,0.8781353400424379,0,0.0,0.0,0.0,0.0,0.0,
17/04/2025,5282.7001953125,5328.31005859375,5255.580078125,5305.4501953125,4714880000,29.649999618530273,99.37999725341797,3.81,4.333000183105469,0.5230001831054687,0.9711898418578438,0,0.0,0.0,0.0,0.0,0.0,
21/04/2025,5158.2001953125,5232.93994140625,5101.6298828125,5232.93994140625,4226340000,33.81999969482422,98.27999877929688,3.75,4.40500020980835,0.6550002098083496,0.922881604645394,0,0.0,0.0,0.0,0.0,0.0,
22/04/2025,5287.759765625,5309.60986328125,5207.669921875,5207.669921875,4666950000,30.56999969482422,98.91999816894531,3.76,4.388999938964844,0.628999938964844,1.0355797688992558,0,0.0,0.0,0.0,0.0,0.0,
23/04/2025,5375.85986328125,5469.68994140625,5356.169921875,5395.919921875,5371390000,28.450000762939453,99.83999633789062,3.81,4.38700008392334,0.5770000839233398,1.138618604664966,0,0.0,0.0,0.0,0.0,0.0,
24/04/2025,5484.77001953125,5489.39990234375,5371.9599609375,5381.3798828125,4697710000,26.469999313354492,99.29000091552734,3.77,4.304999828338623,0.534999828338623,0.992029486507524,0,0.0,0.0,0.0,0.0,0.0,
25/04/2025,5525.2099609375,5528.10986328125,5455.85986328125,5489.72998046875,4236580000,24.84000015258789,99.47000122070312,3.74,4.265999794006348,0.5259997940063474,0.9130965728219832,0,0.0,0.0,0.0,0.0,0.0,
28/04/2025,5528.75,5553.66015625,5468.64013671875,5529.22021484375,4257880000,25.149999618530273,99.01000213623047,3.67,4.216000080108643,0.5460000801086426,0.916441352342243,0,0.0,0.0,0.0,0.0,0.0,
29/04/2025,5560.830078125,5571.9501953125,5505.7001953125,5508.8701171875,4747150000,24.170000076293945,99.23999786376953,3.65,4.172999858856201,0.5229998588562013,1.0182336788540547,0,0.0,0.0,0.0,0.0,0.0,
30/04/2025,5569.06005859375,5581.83984375,5433.240234375,5499.43994140625,5449490000,24.700000762939453,99.47000122070312,3.6,4.177000045776367,0.5770000457763671,1.1649780386432658,0,0.0,0.0,0.0,0.0,0.0,
01/05/2025,5604.14013671875,5658.91015625,5597.35009765625,5625.14013671875,4935270000,24.600000381469727,100.25,3.7,4.230999946594238,0.5309999465942381,1.0444410207746684,0,0.0,0.0,0.0,0.0,0.0,
02/05/2025,5686.669921875,5700.7001953125,5642.27978515625,5645.8798828125,4854380000,22.68000030517578,100.0,3.83,4.322000026702881,0.4920000267028808,1.0011437801335332,0,0.0,0.0,0.0,0.0,0.0,
05/05/2025,5650.3798828125,5683.3798828125,5634.47998046875,5655.31982421875,4358260000,23.639999389648438,99.83000183105469,3.83,4.3429999351501465,0.5129999351501464,0.8951202630568238,0,0.0,0.0,0.0,0.0,0.0,
06/05/2025,5606.91015625,5649.580078125,5586.0400390625,5605.8701171875,4717260000,24.760000228881836,99.23999786376953,3.78,4.308000087738037,0.5280000877380373,0.9700444094221348,0,0.0,0.0,0.0,0.0,0.0,
07/05/2025,5631.27978515625,5654.72998046875,5578.64013671875,5614.18017578125,4987440000,23.549999237060547,99.61000061035156,3.78,4.275000095367432,0.49500009536743184,1.0454704956816046,1,0.7843137254901961,-0.0098350499182117,0.1655844155844155,0.7045454545454546,0.1298701298701298,0.0
08/05/2025,5663.93994140625,5720.10009765625,5635.3798828125,5663.60009765625,5627400000,22.479999542236328,100.63999938964844,3.9,4.373000144958496,0.4730001449584962,1.1463555939072894,0,0.0,0.0,0.0,0.0,0.0,
09/05/2025,5659.91015625,5691.68994140625,5644.14990234375,5679.64990234375,4645090000,21.899999618530273,100.33999633789062,3.88,4.375,0.4950000000000001,0.9543875293039578,0,0.0,0.0,0.0,0.0,0.0,
12/05/2025,5844.18994140625,5845.3701171875,5786.080078125,5807.2001953125,6014580000,18.389999389648438,101.79000091552734,3.98,4.456999778747559,0.4769997787475586,1.1570162401406292,0,0.0,0.0,0.0,0.0,0.0,
13/05/2025,5886.5498046875,5906.64013671875,5845.02001953125,5854.14990234375,5516290000,18.219999313354492,101.0,4.02,4.499000072479248,0.4790000724792485,1.0295119966555684,0,0.0,0.0,0.0,0.0,0.0,
14/05/2025,5892.580078125,5906.5498046875,5872.10986328125,5896.740234375,5233450000,18.6200008392334,101.04000091552734,4.05,4.5279998779296875,0.4779998779296877,0.9678379217074796,0,0.0,0.0,0.0,0.0,0.0,
15/05/2025,5916.93017578125,5924.2099609375,5865.16015625,5869.81982421875,4991290000,17.829999923706055,100.87999725341797,3.96,4.454999923706055,0.4949999237060547,0.9452950111171294,0,0.0,0.0,0.0,0.0,0.0,
16/05/2025,5958.3798828125,5958.6201171875,5907.35986328125,5929.08984375,4850850000,17.239999771118164,101.08999633789062,3.98,4.440999984741211,0.46099998474121096,0.9115925230188456,0,0.0,0.0,0.0,0.0,0.0,
19/05/2025,5963.60009765625,5968.60986328125,5895.68994140625,5902.8798828125,4144010000,18.139999389648438,100.43000030517578,3.97,4.474999904632568,0.5049999046325682,0.8376512832164115,0,0.0,0.0,0.0,0.0,0.0,
20/05/2025,5940.4599609375,5953.06005859375,5909.259765625,5944.66015625,4416850000,18.09000015258789,100.12000274658203,3.97,4.480999946594238,0.5109999465942381,0.9343302399472002,0,0.0,0.0,0.0,0.0,0.0,
21/05/2025,5844.60986328125,5938.3701171875,5830.91015625,5910.18017578125,5254250000,20.8700008392334,99.55999755859375,4.0,4.5960001945495605,0.5960001945495605,1.1104946686533723,0,0.0,0.0,0.0,0.0,0.0,
22/05/2025,5842.009765625,5878.080078125,5825.81982421875,5841.259765625,5157050000,20.280000686645508,99.95999908447266,4.0,4.552999973297119,0.5529999732971191,1.0823674254428806,0,0.0,0.0,0.0,0.0,0.0,
23/05/2025,5802.81982421875,5829.509765625,5767.41015625,5781.89013671875,4662820000,22.290000915527344,99.11000061035156,4.0,4.508999824523926,0.5089998245239258,0.9864235129456423,0,0.0,0.0,0.0,0.0,0.0,
27/05/2025,5921.5400390625,5924.330078125,5854.06982421875,5854.06982421875,5366380000,18.959999084472656,99.5199966430664,3.92,4.434000015258789,0.5140000152587891,1.07943525757975,0,0.0,0.0,0.0,0.0,0.0,
28/05/2025,5888.5498046875,5939.919921875,5881.8798828125,5925.5400390625,4665050000,19.309999465942383,99.87999725341797,3.96,4.4770002365112305,0.5170002365112305,0.9290873930266416,0,0.0,0.0,0.0,0.0,0.0,
29/05/2025,5912.169921875,5943.1298828125,5873.7998046875,5939.9599609375,4569750000,19.18000030517578,99.27999877929688,3.92,4.423999786376953,0.5039997863769532,0.9356170189242478,0,0.0,0.0,0.0,0.0,0.0,
30/05/2025,5911.68994140625,5922.14013671875,5843.66015625,5903.669921875,6378540000,18.56999969482422,99.33000183105469,3.89,4.415999889373779,0.5259998893737792,1.2437418446066577,0,0.0,0.0,0.0,0.0,0.0,
02/06/2025,5935.93994140625,5937.39990234375,5861.43017578125,5896.68017578125,4832240000,18.360000610351562,98.69999694824219,3.94,4.461999893188477,0.5219998931884766,0.9360467008317076,0,0.0,0.0,0.0,0.0,0.0,
03/06/2025,5970.3701171875,5981.35009765625,5929.0,5938.56005859375,5026680000,17.690000534057617,99.25,3.96,4.460000038146973,0.5000000381469727,0.9866969008639204,0,0.0,0.0,0.0,0.0,0.0,
04/06/2025,5970.81005859375,5990.47998046875,5966.10986328125,5978.93994140625,4767050000,17.610000610351562,98.79000091552734,3.87,4.364999771118164,0.49499977111816396,0.9320015515600452,0,0.0,0.0,0.0,0.0,0.0,
05/06/2025,5939.2998046875,5999.7001953125,5921.2001953125,5985.669921875,5091850000,18.479999542236328,98.73999786376953,3.92,4.394000053405762,0.4740000534057618,0.9755862503429598,0,0.0,0.0,0.0,0.0,0.0,
06/06/2025,6000.35986328125,6016.8701171875,5978.6298828125,5987.06005859375,4355710000,16.770000457763672,99.19000244140625,4.04,4.510000228881836,0.4700002288818359,0.9046679070331604,0,0.0,0.0,0.0,0.0,0.0,
09/06/2025,6005.8798828125,6021.31005859375,5994.18017578125,6004.6298828125,4642360000,17.15999984741211,98.94000244140625,4.01,4.48199987411499,0.47199987411499045,0.971869877510347,0,0.0,0.0,0.0,0.0,0.0,
10/06/2025,6038.81005859375,6043.009765625,6000.27978515625,6009.91015625,4882880000,16.950000762939453,99.05000305175781,4.01,4.473999977111816,0.4639999771118166,1.0284142486157242,0,0.0,0.0,0.0,0.0,0.0,
11/06/2025,6022.240234375,6059.39990234375,6002.31982421875,6049.3798828125,5111550000,17.260000228881836,98.62999725341797,3.94,4.4120001792907715,0.47200017929077154,1.0611766562103606,0,0.0,0.0,0.0,0.0,0.0,
12/06/2025,6045.259765625,6045.43017578125,6003.8798828125,6009.89990234375,4669500000,18.020000457763672,97.91999816894531,3.9,4.35699987411499,0.4569998741149903,0.9867086467754204,0,0.0,0.0,0.0,0.0,0.0,
13/06/2025,5976.97021484375,6026.16015625,5963.2099609375,6000.56005859375,5258910000,20.81999969482422,98.18000030517578,3.96,4.423999786376953,0.46399978637695316,1.0703983684236236,0,0.0,0.0,0.0,0.0,0.0,
16/06/2025,6033.10986328125,6050.830078125,6004.0,6004.0,5111710000,19.110000610351562,98.0,3.97,4.452000141143799,0.48200014114379863,1.0209310732567591,0,0.0,0.0,0.0,0.0,0.0,
17/06/2025,5982.72021484375,6023.25,5974.7998046875,6012.14990234375,4955700000,21.600000381469727,98.81999969482422,3.94,4.39300012588501,0.4530001258850098,0.9869014556283672,0,0.0,0.0,0.0,0.0,0.0,
18/06/2025,5980.8701171875,6018.25,5971.89013671875,5987.93017578125,5106470000,20.139999389648438,98.91000366210938,3.94,4.396999835968018,0.45699983596801763,1.0171323014752838,1,0.9166666666666666,0.017087287761064,0.1403508771929824,0.7309941520467836,0.1286549707602339,0.0
20/06/2025,5967.83984375,6018.2001953125,5952.56005859375,5999.669921875,7451500000,20.6200008392334,98.70999908447266,3.9,4.375,0.4750000000000001,1.3361466259316626,0,0.0,0.0,0.0,0.0,0.0,
23/06/2025,6025.169921875,6028.77001953125,5943.22998046875,5969.669921875,5597000000,19.829999923706055,98.41999816894531,3.84,4.320000171661377,0.4800001716613771,0.9915889446602306,0,0.0,0.0,0.0,0.0,0.0,
24/06/2025,6092.18017578125,6101.759765625,6059.25,6061.2099609375,5443690000,17.479999542236328,97.86000061035156,3.75,4.293000221252441,0.5430002212524414,0.9532152007609346,0,0.0,0.0,0.0,0.0,0.0,
25/06/2025,6092.16015625,6108.509765625,6080.08984375,6104.22998046875,5171110000,16.760000228881836,97.68000030517578,3.74,4.293000221252441,0.5530002212524412,0.8987054814828204,0,0.0,0.0,0.0,0.0,0.0,
26/06/2025,6141.02001953125,6146.52001953125,6107.27001953125,6112.08984375,5308140000,16.59000015258789,97.1500015258789,3.7,4.252999782562256,0.5529997825622557,0.9160987510458576,0,0.0,0.0,0.0,0.0,0.0,
27/06/2025,6173.06982421875,6187.68017578125,6132.35009765625,6150.7001953125,7889350000,16.31999969482422,97.4000015258789,3.73,4.2829999923706055,0.5529999923706055,1.341302357180333,0,0.0,0.0,0.0,0.0,0.0,
30/06/2025,6204.9501953125,6215.080078125,6174.97021484375,6193.35986328125,5782900000,16.729999542236328,96.87999725341797,3.72,4.230000019073486,0.5100000190734861,0.976999978712757,0,0.0,0.0,0.0,0.0,0.0,
01/07/2025,6198.009765625,6210.77978515625,6177.97021484375,6187.25,6275310000,16.829999923706055,96.81999969482422,3.78,4.250999927520752,0.47099992752075215,1.03121391956633,0,0.0,0.0,0.0,0.0,0.0,
02/07/2025,6227.419921875,6227.60009765625,6188.2900390625,6193.8798828125,5645710000,16.639999389648438,96.77999877929688,3.78,4.293000221252441,0.5130002212524416,0.9135036232974484,0,0.0,0.0,0.0,0.0,0.0,
03/07/2025,6279.35009765625,6284.64990234375,6246.4599609375,6246.4599609375,3378110000,16.3799991607666,97.18000030517578,3.88,4.3480000495910645,0.46800004959106456,0.5830081273311799,0,0.0,0.0,0.0,0.0,0.0,
07/07/2025,6229.97998046875,6262.06982421875,6201.0,6259.0400390625,5236740000,17.790000915527344,97.4800033569336,3.9,4.394999980926514,0.49499998092651376,0.9948679212592382,0,0.0,0.0,0.0,0.0,0.0,
08/07/2025,6225.52001953125,6242.7001953125,6217.75,6234.02978515625,5739030000,16.809999465942383,97.51000213623047,3.9,4.414999961853027,0.5149999618530274,1.0921126245960977,0,0.0,0.0,0.0,0.0,0.0,
09/07/2025,6263.259765625,6269.16015625,6231.43017578125,6243.330078125,4813340000,15.9399995803833,97.47000122070312,3.86,4.3420000076293945,0.48200000762939466,0.9699257604805236,0,0.0,0.0,0.0,0.0,0.0,
10/07/2025,6280.4599609375,6290.22021484375,6251.43994140625,6266.7998046875,5367350000,15.779999732971191,97.6500015258789,3.86,4.3460001945495605,0.48600019454956067,1.0938341287416082,0,0.0,0.0,0.0,0.0,0.0,
11/07/2025,6259.75,6269.43994140625,6237.60009765625,6255.68017578125,4656210000,16.399999618530273,97.8499984741211,3.9,4.422999858856201,0.5229998588562013,0.9019233577928978,0,0.0,0.0,0.0,0.0,0.0,
14/07/2025,6268.56005859375,6273.31005859375,6239.22021484375,6255.14990234375,4722250000,17.200000762939453,98.08000183105469,3.9,4.427000045776367,0.5270000457763673,0.9333181280234388,0,0.0,0.0,0.0,0.0,0.0,
15/07/2025,6243.759765625,6302.0400390625,6241.68017578125,6295.2900390625,5133670000,17.3799991607666,98.62000274658203,3.95,4.488999843597412,0.5389998435974119,1.0395066258126855,0,0.0,0.0,0.0,0.0,0.0,
16/07/2025,6263.7001953125,6268.1201171875,6201.58984375,6254.5,5177460000,17.15999984741211,98.38999938964844,3.88,4.454999923706055,0.5749999237060548,1.0331389227894547,0,0.0,0.0,0.0,0.0,0.0,
17/07/2025,6297.35986328125,6304.68994140625,6262.27001953125,6263.39990234375,5512290000,16.520000457763672,98.7300033569336,3.91,4.4629998207092285,0.5529998207092284,1.0936267453063024,0,0.0,0.0,0.0,0.0,0.0,
18/07/2025,6296.7900390625,6315.60986328125,6285.27001953125,6312.9501953125,5184700000,16.40999984741211,98.4800033569336,3.88,4.432000160217285,0.5520001602172853,1.0075059161605526,0,0.0,0.0,0.0,0.0,0.0,
21/07/2025,6305.60009765625,6336.080078125,6303.7900390625,6304.740234375,5010840000,16.649999618530273,97.8499984741211,3.85,4.372000217437744,0.522000217437744,0.9629208853851192,0,0.0,0.0,0.0,0.0,0.0,
22/07/2025,6309.6201171875,6316.1201171875,6281.7099609375,6306.60009765625,5662040000,16.5,97.38999938964844,3.83,4.335999965667725,0.5059999656677245,1.0664047947571376,0,0.0,0.0,0.0,0.0,0.0,
23/07/2025,6358.91015625,6360.64013671875,6317.490234375,6326.89990234375,5642510000,15.369999885559082,97.20999908447266,3.88,4.388000011444092,0.5080000114440919,1.0444303685939558,0,0.0,0.0,0.0,0.0,0.0,
24/07/2025,6363.35009765625,6381.31005859375,6360.56982421875,6368.60009765625,5282720000,15.390000343322754,97.37999725341797,3.91,4.4079999923706055,0.4979999923706053,0.9862146653021098,0,0.0,0.0,0.0,0.0,0.0,
25/07/2025,6388.64013671875,6395.81982421875,6368.52978515625,6370.009765625,4470720000,14.930000305175781,97.6500015258789,3.91,4.386000156402588,0.47600015640258775,0.8574838226341573,0,0.0,0.0,0.0,0.0,0.0,
28/07/2025,6389.77001953125,6401.06982421875,6375.7900390625,6397.68994140625,4565620000,15.029999732971191,98.66000366210938,3.91,4.420000076293945,0.5100000762939452,0.8909010088742375,0,0.0,0.0,0.0,0.0,0.0,
29/07/2025,6370.85986328125,6409.259765625,6363.919921875,6405.6201171875,5076120000,15.979999542236328,98.91000366210938,3.86,4.329999923706055,0.4699999237060548,1.0136957522838568,0,0.0,0.0,0.0,0.0,0.0,
30/07/2025,6362.89990234375,6396.5400390625,6336.3798828125,6381.22998046875,5375070000,15.479999542236328,99.94000244140625,3.94,4.375999927520752,0.435999927520752,1.084985012262694,1,0.9714285714285714,0.0122491889687176,0.1351351351351351,0.7335907335907336,0.1312741312741312,0.0
31/07/2025,6339.39013671875,6427.02001953125,6327.64013671875,6427.02001953125,6077080000,16.719999313354492,100.02999877929688,3.94,4.360000133514404,0.42000013351440435,1.1885727965339583,0,0.0,0.0,0.0,0.0,0.0,
01/08/2025,6238.009765625,6287.27978515625,6212.68994140625,6287.27978515625,5827150000,20.3799991607666,98.69000244140625,3.69,4.21999979019165,0.5299997901916504,1.082266881220042,0,0.0,0.0,0.0,0.0,0.0,
04/08/2025,6329.93994140625,6330.68994140625,6271.7099609375,6271.7099609375,4842580000,17.520000457763672,98.77999877929688,3.69,4.199999809265137,0.5099998092651368,0.8902456062945805,0,0.0,0.0,0.0,0.0,0.0,
05/08/2025,6299.18994140625,6346.0,6289.3701171875,6336.6298828125,5517410000,17.850000381469727,98.77999877929688,3.72,4.196000099182129,0.4760000991821287,0.998109936977397,0,0.0,0.0,0.0,0.0,0.0,
06/08/2025,6345.06005859375,6352.830078125,6301.10986328125,6309.2998046875,5408560000,16.770000457763672,98.18000030517578,3.69,4.21999979019165,0.5299997901916504,0.9772346688695536,0,0.0,0.0,0.0,0.0,0.0,
07/08/2025,6340.0,6389.7099609375,6310.31982421875,6374.31982421875,5306090000,16.56999969482422,98.4000015258789,3.72,4.24399995803833,0.5239999580383299,0.986196457559144,0,0.0,0.0,0.0,0.0,0.0,
08/08/2025,6389.4501953125,6395.16015625,6355.22021484375,6355.22021484375,4769910000,15.149999618530273,98.18000030517578,3.76,4.284999847412109,0.5249998474121096,0.9228077099427152,0,0.0,0.0,0.0,0.0,0.0,
11/08/2025,6373.4501953125,6407.25,6364.06005859375,6389.669921875,4652400000,16.25,98.5199966430664,3.76,4.2729997634887695,0.5129997634887697,0.9067461021260704,0,0.0,0.0,0.0,0.0,0.0,
12/08/2025,6445.759765625,6446.5498046875,6385.759765625,6395.169921875,5135300000,14.729999542236328,98.0999984741211,3.72,4.293000221252441,0.5730002212524412,1.0159954036560244,0,0.0,0.0,0.0,0.0,0.0,
13/08/2025,6466.580078125,6480.27978515625,6445.02001953125,6462.669921875,5195950000,14.489999771118164,97.83999633789062,3.67,4.23799991607666,0.5679999160766602,1.0367163946822882,0,0.0,0.0,0.0,0.0,0.0,
14/08/2025,6468.5400390625,6473.919921875,6441.06982421875,6453.4599609375,4462050000,14.829999923706055,98.25,3.74,4.293000221252441,0.5530002212524412,0.9213168695729738,0,0.0,0.0,0.0,0.0,0.0,
15/08/2025,6449.7998046875,6481.33984375,6441.85009765625,6477.3798828125,4575060000,15.09000015258789,97.8499984741211,3.75,4.328000068664551,0.5780000686645508,0.9523137486074544,0,0.0,0.0,0.0,0.0,0.0,
18/08/2025,6449.14990234375,6455.35009765625,6437.7001953125,6445.02001953125,4162290000,14.989999771118164,98.16999816894531,3.77,4.341000080108643,0.5710000801086426,0.8844400813407195,0,0.0,0.0,0.0,0.0,0.0,
19/08/2025,6411.3701171875,6456.47998046875,6400.22021484375,6446.240234375,4377440000,15.569999694824219,98.2699966430664,3.75,4.302000045776367,0.5520000457763672,0.9611119234841228,0,0.0,0.0,0.0,0.0,0.0,
20/08/2025,6395.77978515625,6408.39990234375,6343.85986328125,6406.6201171875,4470390000,15.6899995803833,98.22000122070312,3.74,4.296000003814697,0.556000003814697,1.0138212374071482,0,0.0,0.0,0.0,0.0,0.0,
21/08/2025,6370.169921875,6393.64990234375,6352.7099609375,6380.830078125,4013560000,16.600000381469727,98.62000274658203,3.79,4.329999923706055,0.5399999237060547,0.9291190134239312,0,0.0,0.0,0.0,0.0,0.0,
22/08/2025,6466.91015625,6478.89013671875,6384.58984375,6384.58984375,5046860000,14.220000267028809,97.72000122070312,3.68,4.260000228881836,0.5800002288818358,1.143347648041235,0,0.0,0.0,0.0,0.0,0.0,
25/08/2025,6439.31982421875,6466.89013671875,6438.06005859375,6457.669921875,4059070000,14.789999961853027,98.43000030517578,3.73,4.275000095367432,0.5450000953674317,0.9238883031703458,0,0.0,0.0,0.0,0.0,0.0,
26/08/2025,6465.93994140625,6468.3701171875,6429.2099609375,6435.490234375,4867680000,14.619999885559082,98.2300033569336,3.61,4.257999897003174,0.647999897003174,1.0837508616252167,0,0.0,0.0,0.0,0.0,0.0,
27/08/2025,6481.39990234375,6487.06005859375,6457.83984375,6462.259765625,4143680000,14.850000381469727,98.2300033569336,3.59,4.23799991607666,0.6479999160766603,0.9361773271248054,0,0.0,0.0,0.0,0.0,0.0,
28/08/2025,6501.85986328125,6508.22998046875,6466.9599609375,6483.83984375,4283760000,14.430000305175781,97.80999755859375,3.62,4.206999778747559,0.5869997787475585,0.9561516089647584,0,0.0,0.0,0.0,0.0,0.0,
29/08/2025,6460.259765625,6491.759765625,6444.56982421875,6489.27978515625,4234840000,15.359999656677246,97.7699966430664,3.59,4.2270002365112305,0.6370002365112306,0.9807851487537884,0,0.0,0.0,0.0,0.0,0.0,
02/09/2025,6415.5400390625,6416.5400390625,6360.580078125,6401.509765625,4784000000,17.170000076293945,98.4000015258789,3.66,4.2769999504089355,0.6169999504089354,1.0719746741501732,0,0.0,0.0,0.0,0.0,0.0,
03/09/2025,6448.259765625,6453.669921875,6416.169921875,6445.81982421875,4465360000,16.350000381469727,98.13999938964844,3.61,4.210999965667725,0.6009999656677247,1.0189470071614903,0,0.0,0.0,0.0,0.0,0.0,
04/09/2025,6502.080078125,6502.5400390625,6445.97998046875,6456.60009765625,4670770000,15.300000190734863,98.3499984741211,3.59,4.176000118255615,0.5860001182556154,1.0407830567951035,0,0.0,0.0,0.0,0.0,0.0,
05/09/2025,6481.5,6532.64990234375,6443.97998046875,6529.080078125,5066120000,15.180000305175781,97.7699966430664,3.51,4.085999965667725,0.5759999656677248,1.0908445727569205,0,0.0,0.0,0.0,0.0,0.0,
08/09/2025,6495.14990234375,6508.669921875,6483.2900390625,6498.08984375,5211500000,15.109999656677246,97.44999694824219,3.49,4.046000003814697,0.556000003814697,1.076856319285884,0,0.0,0.0,0.0,0.0,0.0,
09/09/2025,6512.60986328125,6518.22998046875,6483.080078125,6503.330078125,4798350000,15.039999961853027,97.79000091552734,3.54,4.073999881744385,0.5339998817443847,0.9908991785099186,0,0.0,0.0,0.0,0.0,0.0,
10/09/2025,6532.0400390625,6555.97021484375,6516.33984375,6550.2900390625,5253010000,15.350000381469727,97.77999877929688,3.54,4.0320000648498535,0.4920000648498535,1.0506125061250613,0,0.0,0.0,0.0,0.0,0.0,
11/09/2025,6587.47021484375,6592.89013671875,6545.7998046875,6554.41015625,5426460000,14.710000038146973,97.54000091552734,3.52,4.011000156402588,0.4910001564025879,1.053458997400161,0,0.0,0.0,0.0,0.0,0.0,
12/09/2025,6584.2900390625,6600.2099609375,6579.490234375,6590.66015625,4641640000,14.760000228881836,97.55000305175781,3.56,4.060999870300293,0.5009998703002929,0.9161989912739192,0,0.0,0.0,0.0,0.0,0.0,
15/09/2025,6615.27978515625,6619.6201171875,6602.06982421875,6603.490234375,5045020000,15.6899995803833,97.30000305175781,3.54,4.033999919891357,0.4939999198913574,1.0024089510293874,0,0.0,0.0,0.0,0.0,0.0,
16/09/2025,6606.759765625,6626.990234375,6600.10986328125,6624.1298828125,5359510000,16.360000610351562,96.62999725341797,3.51,4.026000022888184,0.5160000228881838,1.0416669905977072,0,0.0,0.0,0.0,0.0,0.0,
17/09/2025,6600.35009765625,6624.39013671875,6551.14990234375,6604.8701171875,5805340000,15.720000267028809,96.87000274658203,3.52,4.076000213623047,0.5560002136230469,1.1046020678157409,0,0.0,0.0,0.0,0.0,0.0,
18/09/2025,6631.9599609375,6656.7998046875,6611.89013671875,6626.85009765625,5292400000,15.699999809265137,97.3499984741211,3.57,4.104000091552734,0.5340000915527345,1.0121668870494125,0,0.0,0.0,0.0,0.0,0.0,
19/09/2025,6664.35986328125,6671.81982421875,6630.31005859375,6647.10986328125,9125960000,15.449999809265137,97.63999938964844,3.57,4.138999938964844,0.5689999389648439,1.4897955252392971,0,0.0,0.0,0.0,0.0,0.0,
22/09/2025,6693.75,6698.8798828125,6648.06982421875,6654.27978515625,5642620000,16.100000381469727,97.33000183105469,3.61,4.14300012588501,0.5330001258850099,0.9035180169750492,0,0.0,0.0,0.0,0.0,0.0,
23/09/2025,6656.919921875,6699.52001953125,6645.580078125,6692.43994140625,5633620000,16.639999389648438,97.26000213623047,3.53,4.119999885559082,0.5899998855590822,0.8942271001151113,0,0.0,0.0,0.0,0.0,0.0,
24/09/2025,6637.97021484375,6672.66015625,6621.759765625,6669.7900390625,5459180000,16.18000030517578,97.87000274658203,3.57,4.146999835968018,0.5769998359680177,0.8761665518598385,0,0.0,0.0,0.0,0.0,0.0,
25/09/2025,6604.72021484375,6619.0,6569.22021484375,6608.18994140625,5874670000,16.739999771118164,98.55000305175781,3.64,4.171999931335449,0.5319999313354491,0.9255515415434498,0,0.0,0.0,0.0,0.0,0.0,
26/09/2025,6643.7001953125,6648.97021484375,6604.43017578125,6615.3798828125,5103110000,15.289999961853027,98.1500015258789,3.63,4.186999797821045,0.556999797821045,0.9207002439270816,0,0.0,0.0,0.0,0.0,0.0,
29/09/2025,6661.2099609375,6677.31005859375,6644.490234375,6661.580078125,5358760000,16.1200008392334,97.91000366210938,3.63,4.140999794006348,0.5109997940063478,0.9768299200782812,0,0.0,0.0,0.0,0.0,0.0,
30/09/2025,6688.4599609375,6691.25,6641.0,6656.18994140625,6057210000,16.280000686645508,97.7699966430664,3.6,4.1479997634887695,0.5479997634887694,1.0873559801428432,0,0.0,0.0,0.0,0.0,0.0,
01/10/2025,6711.2001953125,6718.47998046875,6656.2001953125,6664.919921875,6037950000,16.290000915527344,97.70999908447266,3.55,4.105999946594238,0.5559999465942385,1.0618341499101356,0,0.0,0.0,0.0,0.0,0.0,
02/10/2025,6715.35009765625,6731.93994140625,6693.22998046875,6731.31005859375,5416130000,16.6299991607666,97.8499984741211,3.55,4.0879998207092285,0.5379998207092287,0.968094058733443,0,0.0,0.0,0.0,0.0,0.0,
03/10/2025,6715.7900390625,6750.8701171875,6705.669921875,6722.14013671875,5713110000,16.649999618530273,97.72000122070312,3.58,4.11899995803833,0.53899995803833,0.9993839029694408,0,0.0,0.0,0.0,0.0,0.0,
06/10/2025,6740.27978515625,6749.52001953125,6717.77978515625,6733.85986328125,5604460000,16.3700008392334,98.11000061035156,3.6,4.1620001792907715,0.5620001792907714,0.9720224802506932,0,0.0,0.0,0.0,0.0,0.0,
07/10/2025,6714.58984375,6754.490234375,6699.9599609375,6746.14013671875,5546150000,17.239999771118164,98.58000183105469,3.57,4.126999855041504,0.5569998550415041,0.9792692228916088,0,0.0,0.0,0.0,0.0,0.0,
08/10/2025,6753.72021484375,6755.64013671875,6718.08984375,6723.8701171875,5383130000,16.299999237060547,98.8499984741211,3.58,4.129000186920166,0.549000186920166,0.9729844723887304,0,0.0,0.0,0.0,0.0,0.0,
09/10/2025,6735.10986328125,6764.580078125,6716.169921875,6760.5,5385020000,16.43000030517578,99.54000091552734,3.6,4.1479997634887695,0.5479997634887694,0.9744219265652306,0,0.0,0.0,0.0,0.0,0.0,
10/10/2025,6552.509765625,6762.39990234375,6550.77978515625,6740.490234375,6596610000,21.65999984741211,98.9800033569336,3.52,4.051000118255615,0.5310001182556152,1.1566762065510636,0,0.0,0.0,0.0,0.0,0.0,
13/10/2025,6654.72021484375,6668.68017578125,6620.7099609375,6622.52978515625,5303960000,19.030000686645508,99.2699966430664,3.52,4.051000118255615,0.5310001182556152,0.939922813750338,0,0.0,0.0,0.0,0.0,0.0,
14/10/2025,6644.31005859375,6680.7001953125,6555.06982421875,6602.490234375,5666920000,20.809999465942383,99.05000305175781,3.48,4.021999835968018,0.5419998359680176,0.9999632971056944,0,0.0,0.0,0.0,0.0,0.0,
15/10/2025,6671.06005859375,6724.1201171875,6612.10986328125,6688.27001953125,5633060000,20.639999389648438,98.79000091552734,3.5,4.046000003814697,0.5460000038146973,0.9852978268406052,0,0.0,0.0,0.0,0.0,0.0,
16/10/2025,6629.06982421875,6709.33984375,6593.990234375,6689.02001953125,6048180000,25.309999465942383,98.38999938964844,3.41,3.9760000705718994,0.5660000705718993,1.033921814724947,0,0.0,0.0,0.0,0.0,0.0,
17/10/2025,6664.009765625,6678.8798828125,6603.759765625,6613.27001953125,5358120000,20.780000686645508,98.43000030517578,3.46,4.006999969482422,0.5469999694824219,0.9564573527395696,0,0.0,0.0,0.0,0.0,0.0,
20/10/2025,6735.1298828125,6744.35009765625,6690.0498046875,6690.0498046875,4672170000,18.229999542236328,98.58999633789062,3.46,3.9860000610351562,0.5260000610351563,0.8532568498216663,0,0.0,0.0,0.0,0.0,0.0,
21/10/2025,6735.35009765625,6752.16015625,6722.02978515625,6736.75,5245020000,17.8700008392334,98.93000030517578,3.45,3.9630000591278076,0.5130000591278074,0.9728655929634912,0,0.0,0.0,0.0,0.0,0.0,
22/10/2025,6699.39990234375,6741.75,6655.68994140625,6741.33984375,5710010000,18.600000381469727,98.9000015258789,3.45,3.953000068664551,0.5030000686645506,1.0560989143100228,0,0.0,0.0,0.0,0.0,0.0,
23/10/2025,6738.43994140625,6749.52978515625,6700.14013671875,6703.64990234375,5565750000,17.299999237060547,98.94000244140625,3.48,3.990999937057495,0.5109999370574951,1.0481216011256798,0,0.0,0.0,0.0,0.0,0.0,
24/10/2025,6791.68994140625,6807.10986328125,6772.06982421875,6772.06982421875,5058220000,16.3700008392334,98.94999694824219,3.48,3.996999979019165,0.5169999790191651,0.963427534848923,0,0.0,0.0,0.0,0.0,0.0,
27/10/2025,6875.16015625,6877.27978515625,6843.93994140625,6845.4599609375,5290650000,15.789999961853027,98.77999877929688,3.48,3.996999979019165,0.5169999790191651,0.9845029615197816,0,0.0,0.0,0.0,0.0,0.0,
28/10/2025,6890.89013671875,6911.2998046875,6870.72998046875,6897.740234375,5695930000,16.420000076293945,98.69000244140625,3.47,3.9830000400543213,0.5130000400543211,1.0424255578948602,0,0.0,0.0,0.0,0.0,0.0,
29/10/2025,6890.58984375,6920.33984375,6851.91015625,6910.9501953125,6280130000,16.920000076293945,99.22000122070312,3.59,4.058000087738037,0.46800008773803725,1.1258474156958524,0,0.0,0.0,0.0,0.0,0.0,
30/10/2025,6822.33984375,6880.75,6820.68994140625,6860.5,6052700000,16.90999984741211,99.52999877929688,3.61,4.0929999351501465,0.4829999351501466,1.0664562192121048,0,0.0,0.0,0.0,0.0,0.0,
31/10/2025,6840.2001953125,6879.169921875,6814.259765625,6879.169921875,6398280000,17.440000534057617,99.80000305175781,3.6,4.10099983215332,0.5009998321533202,1.0765103209569789,0,0.0,0.0,0.0,0.0,0.0,
03/11/2025,6851.97021484375,6882.31982421875,6820.6201171875,6882.31982421875,6065720000,17.170000076293945,99.87000274658203,3.6,4.105999946594238,0.5059999465942382,0.9946164269813556,0,0.0,0.0,0.0,0.0,0.0,
04/11/2025,6771.5498046875,6820.2099609375,6766.7099609375,6788.52001953125,5739510000,19.0,100.22000122070312,3.58,4.089000225067139,0.5090002250671386,0.9397835496984904,0,0.0,0.0,0.0,0.0,0.0,
05/11/2025,6796.2900390625,6829.77978515625,6763.10986328125,6769.77001953125,5939600000,18.010000228881836,100.19999694824219,3.63,4.1570000648498535,0.5270000648498536,0.9835139378609152,0,0.0,0.0,0.0,0.0,0.0,
06/11/2025,6720.31982421875,6796.68017578125,6707.509765625,6787.58984375,6051900000,19.5,99.7300033569336,3.57,4.0929999351501465,0.5229999351501466,1.00213578336288,0,0.0,0.0,0.0,0.0,0.0,
07/11/2025,6728.7998046875,6730.10986328125,6631.43994140625,6696.18017578125,5926070000,19.079999923706055,99.5999984741211,3.55,4.0929999351501465,0.5429999351501467,0.9968895931742636,0,0.0,0.0,0.0,0.0,0.0,
10/11/2025,6832.43017578125,6841.31982421875,6770.56005859375,6785.35986328125,5366050000,17.600000381469727,99.62000274658203,3.58,4.110000133514404,0.5300001335144042,0.9244437109298688,0,0.0,0.0,0.0,0.0,0.0,
11/11/2025,6846.60986328125,6855.1298828125,6806.8701171875,6815.64013671875,4983490000,17.280000686645508,99.45999908447266,3.58,4.119999885559082,0.5300001335144042,0.8814997359121608,0,0.0,0.0,0.0,0.0,0.0,
12/11/2025,6850.919921875,6869.91015625,6829.6201171875,6867.77001953125,5293610000,17.510000228881836,99.4800033569336,3.56,4.065000057220459,0.5050000572204589,0.9582540461791555,0,0.0,0.0,0.0,0.0,0.0,
13/11/2025,6737.490234375,6828.0498046875,6724.72021484375,6826.47021484375,5473720000,20.0,99.18000030517578,3.58,4.111999988555908,0.5319999885559081,1.012042329717109,0,0.0,0.0,0.0,0.0,0.0,
14/11/2025,6734.10986328125,6774.31005859375,6646.8701171875,6672.14013671875,5042660000,19.829999923706055,99.2699966430664,3.62,4.1479997634887695,0.5279997634887694,0.9638284785697604,0,0.0,0.0,0.0,0.0,0.0,
17/11/2025,6672.41015625,6754.5,6638.89990234375,6713.60986328125,5204220000,22.3799991607666,99.58999633789062,3.6,4.132999897003174,0.5329998970031737,1.000900079622428,0,0.0,0.0,0.0,0.0,0.0,
18/11/2025,6617.31982421875,6666.6298828125,6574.31982421875,6641.18994140625,5159390000,24.690000534057617,99.55000305175781,3.58,4.123000144958496,0.543000144958496,0.9856095454962251,0,0.0,0.0,0.0,0.0,0.0,
19/11/2025,6642.16015625,6689.75,6603.5,6625.83984375,5021610000,23.65999984741211,100.2300033569336,3.58,4.132999897003174,0.5529998970031738,0.9693628965006024,0,0.0,0.0,0.0,0.0,0.0,
20/11/2025,6538.759765625,6770.35009765625,6534.0498046875,6737.93017578125,5596080000,26.420000076293945,100.16000366210938,3.55,4.105999946594238,0.5559999465942385,1.0751784125090875,0,0.0,0.0,0.0,0.0,0.0,
21/11/2025,6602.990234375,6660.0498046875,6521.919921875,6555.77001953125,5929930000,23.43000030517578,100.18000030517578,3.51,4.063000202178955,0.5530002021789553,1.1017575190728923,0,0.0,0.0,0.0,0.0,0.0,
24/11/2025,6705.1201171875,6715.75,6630.7001953125,6636.5400390625,6039740000,20.520000457763672,100.13999938964844,3.46,4.038000106811523,0.5780001068115235,1.0883689080703145,0,0.0,0.0,0.0,0.0,0.0,
25/11/2025,6765.8798828125,6776.39990234375,6659.97998046875,6697.02978515625,5003330000,18.559999465942383,99.66000366210938,3.43,4.001999855041504,0.5719998550415037,0.9067062114068188,0,0.0,0.0,0.0,0.0,0.0,
26/11/2025,6812.60986328125,6831.43994140625,6783.8701171875,6793.5498046875,4485000000,17.190000534057617,99.5999984741211,3.45,3.997999906539917,0.5479999065399168,0.8288953089515518,0,0.0,0.0,0.0,0.0,0.0,
28/11/2025,6849.08984375,6850.85986328125,6819.75,6822.52001953125,2558540000,16.350000381469727,99.45999908447266,3.47,4.017000198364258,0.5470001983642576,0.5326620737208607,0,0.0,0.0,0.0,0.0,0.0,
01/12/2025,6812.6298828125,6843.64990234375,6799.93994140625,6812.2998046875,4549370000,17.239999771118164,99.41000366210938,3.54,4.0960001945495605,0.5560001945495605,1.0048979544954535,0,0.0,0.0,0.0,0.0,0.0,
02/12/2025,6829.3701171875,6851.5498046875,6806.7099609375,6830.9599609375,4582290000,16.59000015258789,99.36000061035156,3.51,4.085999965667725,0.5759999656677248,1.081824375912776,0,0.0,0.0,0.0,0.0,0.0,
03/12/2025,6849.72021484375,6862.419921875,6810.43017578125,6815.2900390625,4736780000,16.079999923706055,98.8499984741211,3.49,4.057000160217285,0.5670001602172849,1.1325517717595368,0,0.0,0.0,0.0,0.0,0.0,
04/12/2025,6857.1201171875,6866.47021484375,6827.1201171875,6866.47021484375,4872440000,15.779999732971191,98.98999786376953,3.52,4.107999801635742,0.5879998016357422,1.1437964038457384,0,0.0,0.0,0.0,0.0,0.0,
05/12/2025,6870.39990234375,6895.77978515625,6858.2900390625,6866.31982421875,4944560000,15.779999732971191,98.98999786376953,3.52,4.107999801635742,0.5879998016357422,1.0437973708742587,0,0.0,0.0,0.0,0.0,0.0,
